drink_name,category,brand,price_usd,alcohol_level_abv,taste_node,availability_score,place_type
Bourbon 1,spirits/cocktails,Jameson,8.0,5.0,Sweet,Medium,global
Rye Whiskey 2,spirits/cocktails,Jack Daniel's,8.75,6.0,Spicy,High,global
Gin 3,spirits/cocktails,Johnnie Walker,9.5,7.0,Citrusy / Sour,High,global
Gin 4,spirits/cocktails,Glenfiddich,10.25,8.0,Herbal / Floral,Medium,global
Scotch 5,spirits/cocktails,Gordon's,11.0,9.0,Smoky,High,global
Cognac 6,wine,Tanqueray,11.75,10.0,Rich / Fruity,High,global
Vodka 7,spirits/cocktails,Bacardi,12.5,11.0,Dry / Crisp,Medium,global
Aged Bourbon 8,spirits/cocktails,Patron,13.25,12.0,Nutty / Woody,High,global
Bourbon 9,spirits/cocktails,Absolut,14.0,13.0,Sweet,High,global
Rye Whiskey 10,spirits/cocktails,Smirnoff,14.75,14.0,Spicy,Medium,global
Gin 11,spirits/cocktails,Moet & Chandon,15.5,15.0,Citrusy / Sour,High,global
Gin 12,spirits/cocktails,La Marca,16.25,16.0,Herbal / Floral,High,global
Scotch 13,spirits/cocktails,Barefoot,17.0,17.0,Smoky,Medium,global
Cognac 14,wine,Robert Mondavi,17.75,18.0,Rich / Fruity,High,global
Vodka 15,spirits/cocktails,Kim Crawford,18.5,19.0,Dry / Crisp,High,global
Aged Bourbon 16,spirits/cocktails,Crown Royal,19.25,20.0,Nutty / Woody,Medium,global
Bourbon 17,spirits/cocktails,Buffalo Trace,20.0,21.0,Sweet,High,global
Rye Whiskey 18,spirits/cocktails,Bulleit,20.75,22.0,Spicy,High,global
Gin 19,spirits/cocktails,Captain Morgan,21.5,23.0,Citrusy / Sour,Medium,global
Gin 20,spirits/cocktails,Don Julio,22.25,24.0,Herbal / Floral,High,global
Scotch 21,spirits/cocktails,Jameson,23.0,25.0,Smoky,High,global
Cognac 22,wine,Jack Daniel's,23.75,26.0,Rich / Fruity,Medium,global
Vodka 23,spirits/cocktails,Johnnie Walker,24.5,27.0,Dry / Crisp,High,global
Aged Bourbon 24,spirits/cocktails,Glenfiddich,25.25,28.0,Nutty / Woody,High,global
Bourbon 25,spirits/cocktails,Gordon's,26.0,29.0,Sweet,Medium,global
Rye Whiskey 26,spirits/cocktails,Tanqueray,26.75,30.0,Spicy,High,global
Gin 27,spirits/cocktails,Bacardi,27.5,31.0,Citrusy / Sour,High,global
Gin 28,spirits/cocktails,Patron,28.25,32.0,Herbal / Floral,Medium,global
Scotch 29,spirits/cocktails,Absolut,29.0,33.0,Smoky,High,global
Cognac 30,wine,Smirnoff,29.75,34.0,Rich / Fruity,High,global
Vodka 31,spirits/cocktails,Moet & Chandon,30.5,35.0,Dry / Crisp,Medium,global
Aged Bourbon 32,spirits/cocktails,La Marca,31.25,36.0,Nutty / Woody,High,global
Bourbon 33,spirits/cocktails,Barefoot,32.0,37.0,Sweet,High,global
Rye Whiskey 34,spirits/cocktails,Robert Mondavi,32.75,38.0,Spicy,Medium,global
Gin 35,spirits/cocktails,Kim Crawford,33.5,39.0,Citrusy / Sour,High,global
Gin 36,spirits/cocktails,Crown Royal,34.25,5.0,Herbal / Floral,High,global
Scotch 37,spirits/cocktails,Buffalo Trace,35.0,6.0,Smoky,Medium,global
Cognac 38,wine,Bulleit,35.75,7.0,Rich / Fruity,High,global
Vodka 39,spirits/cocktails,Captain Morgan,36.5,8.0,Dry / Crisp,High,global
Aged Bourbon 40,spirits/cocktails,Don Julio,37.25,9.0,Nutty / Woody,Medium,global
Bourbon 41,spirits/cocktails,Jameson,38.0,10.0,Sweet,High,global
Rye Whiskey 42,spirits/cocktails,Jack Daniel's,38.75,11.0,Spicy,High,global
Gin 43,spirits/cocktails,Johnnie Walker,39.5,12.0,Citrusy / Sour,Medium,global
Gin 44,spirits/cocktails,Glenfiddich,40.25,13.0,Herbal / Floral,High,global
Scotch 45,spirits/cocktails,Gordon's,41.0,14.0,Smoky,High,global
Cognac 46,wine,Tanqueray,41.75,15.0,Rich / Fruity,Medium,global
Vodka 47,spirits/cocktails,Bacardi,42.5,16.0,Dry / Crisp,High,global
Aged Bourbon 48,spirits/cocktails,Patron,43.25,17.0,Nutty / Woody,High,global
Bourbon 49,spirits/cocktails,Absolut,44.0,18.0,Sweet,Medium,global
Rye Whiskey 50,spirits/cocktails,Smirnoff,44.75,19.0,Spicy,High,global
Gin 51,spirits/cocktails,Moet & Chandon,45.5,20.0,Citrusy / Sour,High,global
Gin 52,spirits/cocktails,La Marca,46.25,21.0,Herbal / Floral,Medium,global
Scotch 53,spirits/cocktails,Barefoot,47.0,22.0,Smoky,High,global
Cognac 54,wine,Robert Mondavi,47.75,23.0,Rich / Fruity,High,global
Vodka 55,spirits/cocktails,Kim Crawford,48.5,24.0,Dry / Crisp,Medium,global
Aged Bourbon 56,spirits/cocktails,Crown Royal,49.25,25.0,Nutty / Woody,High,global
Bourbon 57,spirits/cocktails,Buffalo Trace,50.0,26.0,Sweet,High,global
Rye Whiskey 58,spirits/cocktails,Bulleit,50.75,27.0,Spicy,Medium,global
Gin 59,spirits/cocktails,Captain Morgan,51.5,28.0,Citrusy / Sour,High,global
Gin 60,spirits/cocktails,Don Julio,52.25,29.0,Herbal / Floral,High,global
Scotch 61,spirits/cocktails,Jameson,53.0,30.0,Smoky,Medium,global
Cognac 62,wine,Jack Daniel's,53.75,31.0,Rich / Fruity,High,global
Vodka 63,spirits/cocktails,Johnnie Walker,54.5,32.0,Dry / Crisp,High,global
Aged Bourbon 64,spirits/cocktails,Glenfiddich,55.25,33.0,Nutty / Woody,Medium,global
Bourbon 65,spirits/cocktails,Gordon's,56.0,34.0,Sweet,High,global
Rye Whiskey 66,spirits/cocktails,Tanqueray,56.75,35.0,Spicy,High,global
Gin 67,spirits/cocktails,Bacardi,57.5,36.0,Citrusy / Sour,Medium,global
Gin 68,spirits/cocktails,Patron,58.25,37.0,Herbal / Floral,High,global
Scotch 69,spirits/cocktails,Absolut,59.0,38.0,Smoky,High,global
Cognac 70,wine,Smirnoff,59.75,39.0,Rich / Fruity,Medium,global
Vodka 71,spirits/cocktails,Moet & Chandon,60.5,5.0,Dry / Crisp,High,global
Aged Bourbon 72,spirits/cocktails,La Marca,61.25,6.0,Nutty / Woody,High,global
Bourbon 73,spirits/cocktails,Barefoot,62.0,7.0,Sweet,Medium,global
Rye Whiskey 74,spirits/cocktails,Robert Mondavi,62.75,8.0,Spicy,High,global
Gin 75,spirits/cocktails,Kim Crawford,63.5,9.0,Citrusy / Sour,High,global
Gin 76,spirits/cocktails,Crown Royal,64.25,10.0,Herbal / Floral,Medium,global
Scotch 77,spirits/cocktails,Buffalo Trace,65.0,11.0,Smoky,High,global
Cognac 78,wine,Bulleit,65.75,12.0,Rich / Fruity,High,global
Vodka 79,spirits/cocktails,Captain Morgan,66.5,13.0,Dry / Crisp,Medium,global
Aged Bourbon 80,spirits/cocktails,Don Julio,67.25,14.0,Nutty / Woody,High,global
Bourbon 81,spirits/cocktails,Jameson,68.0,15.0,Sweet,High,global
Rye Whiskey 82,spirits/cocktails,Jack Daniel's,68.75,16.0,Spicy,Medium,global
Gin 83,spirits/cocktails,Johnnie Walker,69.5,17.0,Citrusy / Sour,High,global
Gin 84,spirits/cocktails,Glenfiddich,70.25,18.0,Herbal / Floral,High,global
Scotch 85,spirits/cocktails,Gordon's,71.0,19.0,Smoky,Medium,global
Cognac 86,wine,Tanqueray,71.75,20.0,Rich / Fruity,High,global
Vodka 87,spirits/cocktails,Bacardi,72.5,21.0,Dry / Crisp,High,global
Aged Bourbon 88,spirits/cocktails,Patron,73.25,22.0,Nutty / Woody,Medium,global
Bourbon 89,spirits/cocktails,Absolut,74.0,23.0,Sweet,High,global
Rye Whiskey 90,spirits/cocktails,Smirnoff,74.75,24.0,Spicy,High,global
Gin 91,spirits/cocktails,Moet & Chandon,75.5,25.0,Citrusy / Sour,Medium,global
Gin 92,spirits/cocktails,La Marca,76.25,26.0,Herbal / Floral,High,global
Scotch 93,spirits/cocktails,Barefoot,77.0,27.0,Smoky,High,global
Cognac 94,wine,Robert Mondavi,77.75,28.0,Rich / Fruity,Medium,global
Vodka 95,spirits/cocktails,Kim Crawford,78.5,29.0,Dry / Crisp,High,global
Aged Bourbon 96,spirits/cocktails,Crown Royal,79.25,30.0,Nutty / Woody,High,global
Bourbon 97,spirits/cocktails,Buffalo Trace,80.0,31.0,Sweet,Medium,global
Rye Whiskey 98,spirits/cocktails,Bulleit,80.75,32.0,Spicy,High,global
Gin 99,spirits/cocktails,Captain Morgan,81.5,33.0,Citrusy / Sour,High,global
Gin 100,spirits/cocktails,Don Julio,82.25,34.0,Herbal / Floral,Medium,global
Scotch 101,spirits/cocktails,Jameson,83.0,35.0,Smoky,High,global
Cognac 102,wine,Jack Daniel's,83.75,36.0,Rich / Fruity,High,global
Vodka 103,spirits/cocktails,Johnnie Walker,84.5,37.0,Dry / Crisp,Medium,global
Aged Bourbon 104,spirits/cocktails,Glenfiddich,85.25,38.0,Nutty / Woody,High,global
Bourbon 105,spirits/cocktails,Gordon's,86.0,39.0,Sweet,High,global
Rye Whiskey 106,spirits/cocktails,Tanqueray,86.75,5.0,Spicy,Medium,global
Gin 107,spirits/cocktails,Bacardi,87.5,6.0,Citrusy / Sour,High,global
Gin 108,spirits/cocktails,Patron,88.25,7.0,Herbal / Floral,High,global
Scotch 109,spirits/cocktails,Absolut,89.0,8.0,Smoky,Medium,global
Cognac 110,wine,Smirnoff,89.75,9.0,Rich / Fruity,High,global
Vodka 111,spirits/cocktails,Moet & Chandon,90.5,10.0,Dry / Crisp,High,global
Aged Bourbon 112,spirits/cocktails,La Marca,91.25,11.0,Nutty / Woody,Medium,global
Bourbon 113,spirits/cocktails,Barefoot,92.0,12.0,Sweet,High,global
Rye Whiskey 114,spirits/cocktails,Robert Mondavi,92.75,13.0,Spicy,High,global
Gin 115,spirits/cocktails,Kim Crawford,93.5,14.0,Citrusy / Sour,Medium,global
Gin 116,spirits/cocktails,Crown Royal,94.25,15.0,Herbal / Floral,High,global
Scotch 117,spirits/cocktails,Buffalo Trace,95.0,16.0,Smoky,High,global
Cognac 118,wine,Bulleit,95.75,17.0,Rich / Fruity,Medium,global
Vodka 119,spirits/cocktails,Captain Morgan,96.5,18.0,Dry / Crisp,High,global
Aged Bourbon 120,spirits/cocktails,Don Julio,97.25,19.0,Nutty / Woody,High,global
Bourbon 121,spirits/cocktails,Jameson,8.0,20.0,Sweet,Medium,global
Rye Whiskey 122,spirits/cocktails,Jack Daniel's,8.75,21.0,Spicy,High,global
Gin 123,spirits/cocktails,Johnnie Walker,9.5,22.0,Citrusy / Sour,High,global
Gin 124,spirits/cocktails,Glenfiddich,10.25,23.0,Herbal / Floral,Medium,global
Scotch 125,spirits/cocktails,Gordon's,11.0,24.0,Smoky,High,global
Cognac 126,wine,Tanqueray,11.75,25.0,Rich / Fruity,High,global
Vodka 127,spirits/cocktails,Bacardi,12.5,26.0,Dry / Crisp,Medium,global
Aged Bourbon 128,spirits/cocktails,Patron,13.25,27.0,Nutty / Woody,High,global
Bourbon 129,spirits/cocktails,Absolut,14.0,28.0,Sweet,High,global
Rye Whiskey 130,spirits/cocktails,Smirnoff,14.75,29.0,Spicy,Medium,global
Gin 131,spirits/cocktails,Moet & Chandon,15.5,30.0,Citrusy / Sour,High,global
Gin 132,spirits/cocktails,La Marca,16.25,31.0,Herbal / Floral,High,global
Scotch 133,spirits/cocktails,Barefoot,17.0,32.0,Smoky,Medium,global
Cognac 134,wine,Robert Mondavi,17.75,33.0,Rich / Fruity,High,global
Vodka 135,spirits/cocktails,Kim Crawford,18.5,34.0,Dry / Crisp,High,global
Aged Bourbon 136,spirits/cocktails,Crown Royal,19.25,35.0,Nutty / Woody,Medium,global
Bourbon 137,spirits/cocktails,Buffalo Trace,20.0,36.0,Sweet,High,global
Rye Whiskey 138,spirits/cocktails,Bulleit,20.75,37.0,Spicy,High,global
Gin 139,spirits/cocktails,Captain Morgan,21.5,38.0,Citrusy / Sour,Medium,global
Gin 140,spirits/cocktails,Don Julio,22.25,39.0,Herbal / Floral,High,global
Scotch 141,spirits/cocktails,Jameson,23.0,5.0,Smoky,High,global
Cognac 142,wine,Jack Daniel's,23.75,6.0,Rich / Fruity,Medium,global
Vodka 143,spirits/cocktails,Johnnie Walker,24.5,7.0,Dry / Crisp,High,global
Aged Bourbon 144,spirits/cocktails,Glenfiddich,25.25,8.0,Nutty / Woody,High,global
Bourbon 145,spirits/cocktails,Gordon's,26.0,9.0,Sweet,Medium,global
Rye Whiskey 146,spirits/cocktails,Tanqueray,26.75,10.0,Spicy,High,global
Gin 147,spirits/cocktails,Bacardi,27.5,11.0,Citrusy / Sour,High,global
Gin 148,spirits/cocktails,Patron,28.25,12.0,Herbal / Floral,Medium,global
Scotch 149,spirits/cocktails,Absolut,29.0,13.0,Smoky,High,global
Cognac 150,wine,Smirnoff,29.75,14.0,Rich / Fruity,High,global
Vodka 151,spirits/cocktails,Moet & Chandon,30.5,15.0,Dry / Crisp,Medium,global
Aged Bourbon 152,spirits/cocktails,La Marca,31.25,16.0,Nutty / Woody,High,global
Bourbon 153,spirits/cocktails,Barefoot,32.0,17.0,Sweet,High,global
Rye Whiskey 154,spirits/cocktails,Robert Mondavi,32.75,18.0,Spicy,Medium,global
Gin 155,spirits/cocktails,Kim Crawford,33.5,19.0,Citrusy / Sour,High,global
Gin 156,spirits/cocktails,Crown Royal,34.25,20.0,Herbal / Floral,High,global
Scotch 157,spirits/cocktails,Buffalo Trace,35.0,21.0,Smoky,Medium,global
Cognac 158,wine,Bulleit,35.75,22.0,Rich / Fruity,High,global
Vodka 159,spirits/cocktails,Captain Morgan,36.5,23.0,Dry / Crisp,High,global
Aged Bourbon 160,spirits/cocktails,Don Julio,37.25,24.0,Nutty / Woody,Medium,global
Bourbon 161,spirits/cocktails,Jameson,38.0,25.0,Sweet,High,global
Rye Whiskey 162,spirits/cocktails,Jack Daniel's,38.75,26.0,Spicy,High,global
Gin 163,spirits/cocktails,Johnnie Walker,39.5,27.0,Citrusy / Sour,Medium,global
Gin 164,spirits/cocktails,Glenfiddich,40.25,28.0,Herbal / Floral,High,global
Scotch 165,spirits/cocktails,Gordon's,41.0,29.0,Smoky,High,global
Cognac 166,wine,Tanqueray,41.75,30.0,Rich / Fruity,Medium,global
Vodka 167,spirits/cocktails,Bacardi,42.5,31.0,Dry / Crisp,High,global
Aged Bourbon 168,spirits/cocktails,Patron,43.25,32.0,Nutty / Woody,High,global
Bourbon 169,spirits/cocktails,Absolut,44.0,33.0,Sweet,Medium,global
Rye Whiskey 170,spirits/cocktails,Smirnoff,44.75,34.0,Spicy,High,global
Gin 171,spirits/cocktails,Moet & Chandon,45.5,35.0,Citrusy / Sour,High,global
Gin 172,spirits/cocktails,La Marca,46.25,36.0,Herbal / Floral,Medium,global
Scotch 173,spirits/cocktails,Barefoot,47.0,37.0,Smoky,High,global
Cognac 174,wine,Robert Mondavi,47.75,38.0,Rich / Fruity,High,global
Vodka 175,spirits/cocktails,Kim Crawford,48.5,39.0,Dry / Crisp,Medium,global
Aged Bourbon 176,spirits/cocktails,Crown Royal,49.25,5.0,Nutty / Woody,High,global
Bourbon 177,spirits/cocktails,Buffalo Trace,50.0,6.0,Sweet,High,global
Rye Whiskey 178,spirits/cocktails,Bulleit,50.75,7.0,Spicy,Medium,global
Gin 179,spirits/cocktails,Captain Morgan,51.5,8.0,Citrusy / Sour,High,global
Gin 180,spirits/cocktails,Don Julio,52.25,9.0,Herbal / Floral,High,global
Scotch 181,spirits/cocktails,Jameson,53.0,10.0,Smoky,Medium,global
Cognac 182,wine,Jack Daniel's,53.75,11.0,Rich / Fruity,High,global
Vodka 183,spirits/cocktails,Johnnie Walker,54.5,12.0,Dry / Crisp,High,global
Aged Bourbon 184,spirits/cocktails,Glenfiddich,55.25,13.0,Nutty / Woody,Medium,global
Bourbon 185,spirits/cocktails,Gordon's,56.0,14.0,Sweet,High,global
Rye Whiskey 186,spirits/cocktails,Tanqueray,56.75,15.0,Spicy,High,global
Gin 187,spirits/cocktails,Bacardi,57.5,16.0,Citrusy / Sour,Medium,global
Gin 188,spirits/cocktails,Patron,58.25,17.0,Herbal / Floral,High,global
Scotch 189,spirits/cocktails,Absolut,59.0,18.0,Smoky,High,global
Cognac 190,wine,Smirnoff,59.75,19.0,Rich / Fruity,Medium,global
Vodka 191,spirits/cocktails,Moet & Chandon,60.5,20.0,Dry / Crisp,High,global
Aged Bourbon 192,spirits/cocktails,La Marca,61.25,21.0,Nutty / Woody,High,global
Bourbon 193,spirits/cocktails,Barefoot,62.0,22.0,Sweet,Medium,global
Rye Whiskey 194,spirits/cocktails,Robert Mondavi,62.75,23.0,Spicy,High,global
Gin 195,spirits/cocktails,Kim Crawford,63.5,24.0,Citrusy / Sour,High,global
Gin 196,spirits/cocktails,Crown Royal,64.25,25.0,Herbal / Floral,Medium,global
Scotch 197,spirits/cocktails,Buffalo Trace,65.0,26.0,Smoky,High,global
Cognac 198,wine,Bulleit,65.75,27.0,Rich / Fruity,High,global
Vodka 199,spirits/cocktails,Captain Morgan,66.5,28.0,Dry / Crisp,Medium,global
Aged Bourbon 200,spirits/cocktails,Don Julio,67.25,29.0,Nutty / Woody,High,global
Bourbon 201,spirits/cocktails,Jameson,68.0,30.0,Sweet,High,global
Rye Whiskey 202,spirits/cocktails,Jack Daniel's,68.75,31.0,Spicy,Medium,global
Gin 203,spirits/cocktails,Johnnie Walker,69.5,32.0,Citrusy / Sour,High,global
Gin 204,spirits/cocktails,Glenfiddich,70.25,33.0,Herbal / Floral,High,global
Scotch 205,spirits/cocktails,Gordon's,71.0,34.0,Smoky,Medium,global
Cognac 206,wine,Tanqueray,71.75,35.0,Rich / Fruity,High,global
Vodka 207,spirits/cocktails,Bacardi,72.5,36.0,Dry / Crisp,High,global
Aged Bourbon 208,spirits/cocktails,Patron,73.25,37.0,Nutty / Woody,Medium,global
Bourbon 209,spirits/cocktails,Absolut,74.0,38.0,Sweet,High,global
Rye Whiskey 210,spirits/cocktails,Smirnoff,74.75,39.0,Spicy,High,global
Gin 211,spirits/cocktails,Moet & Chandon,75.5,5.0,Citrusy / Sour,Medium,global
Gin 212,spirits/cocktails,La Marca,76.25,6.0,Herbal / Floral,High,global
Scotch 213,spirits/cocktails,Barefoot,77.0,7.0,Smoky,High,global
Cognac 214,wine,Robert Mondavi,77.75,8.0,Rich / Fruity,Medium,global
Vodka 215,spirits/cocktails,Kim Crawford,78.5,9.0,Dry / Crisp,High,global
Aged Bourbon 216,spirits/cocktails,Crown Royal,79.25,10.0,Nutty / Woody,High,global
Bourbon 217,spirits/cocktails,Buffalo Trace,80.0,11.0,Sweet,Medium,global
Rye Whiskey 218,spirits/cocktails,Bulleit,80.75,12.0,Spicy,High,global
Gin 219,spirits/cocktails,Captain Morgan,81.5,13.0,Citrusy / Sour,High,global
Gin 220,spirits/cocktails,Don Julio,82.25,14.0,Herbal / Floral,Medium,global
Scotch 221,spirits/cocktails,Jameson,83.0,15.0,Smoky,High,global
Cognac 222,wine,Jack Daniel's,83.75,16.0,Rich / Fruity,High,global
Vodka 223,spirits/cocktails,Johnnie Walker,84.5,17.0,Dry / Crisp,Medium,global
Aged Bourbon 224,spirits/cocktails,Glenfiddich,85.25,18.0,Nutty / Woody,High,global
Bourbon 225,spirits/cocktails,Gordon's,86.0,19.0,Sweet,High,global
Rye Whiskey 226,spirits/cocktails,Tanqueray,86.75,20.0,Spicy,Medium,global
Gin 227,spirits/cocktails,Bacardi,87.5,21.0,Citrusy / Sour,High,global
Gin 228,spirits/cocktails,Patron,88.25,22.0,Herbal / Floral,High,global
Scotch 229,spirits/cocktails,Absolut,89.0,23.0,Smoky,Medium,global
Cognac 230,wine,Smirnoff,89.75,24.0,Rich / Fruity,High,global
Vodka 231,spirits/cocktails,Moet & Chandon,90.5,25.0,Dry / Crisp,High,global
Aged Bourbon 232,spirits/cocktails,La Marca,91.25,26.0,Nutty / Woody,Medium,global
Bourbon 233,spirits/cocktails,Barefoot,92.0,27.0,Sweet,High,global
Rye Whiskey 234,spirits/cocktails,Robert Mondavi,92.75,28.0,Spicy,High,global
Gin 235,spirits/cocktails,Kim Crawford,93.5,29.0,Citrusy / Sour,Medium,global
Gin 236,spirits/cocktails,Crown Royal,94.25,30.0,Herbal / Floral,High,global
Scotch 237,spirits/cocktails,Buffalo Trace,95.0,31.0,Smoky,High,global
Cognac 238,wine,Bulleit,95.75,32.0,Rich / Fruity,Medium,global
Vodka 239,spirits/cocktails,Captain Morgan,96.5,33.0,Dry / Crisp,High,global
Aged Bourbon 240,spirits/cocktails,Don Julio,97.25,34.0,Nutty / Woody,High,global
Bourbon 241,spirits/cocktails,Jameson,8.0,35.0,Sweet,Medium,global
Rye Whiskey 242,spirits/cocktails,Jack Daniel's,8.75,36.0,Spicy,High,global
Gin 243,spirits/cocktails,Johnnie Walker,9.5,37.0,Citrusy / Sour,High,global
Gin 244,spirits/cocktails,Glenfiddich,10.25,38.0,Herbal / Floral,Medium,global
Scotch 245,spirits/cocktails,Gordon's,11.0,39.0,Smoky,High,global
Cognac 246,wine,Tanqueray,11.75,5.0,Rich / Fruity,High,global
Vodka 247,spirits/cocktails,Bacardi,12.5,6.0,Dry / Crisp,Medium,global
Aged Bourbon 248,spirits/cocktails,Patron,13.25,7.0,Nutty / Woody,High,global
Bourbon 249,spirits/cocktails,Absolut,14.0,8.0,Sweet,High,global
Rye Whiskey 250,spirits/cocktails,Smirnoff,14.75,9.0,Spicy,Medium,global
Gin 251,spirits/cocktails,Moet & Chandon,15.5,10.0,Citrusy / Sour,High,global
Gin 252,spirits/cocktails,La Marca,16.25,11.0,Herbal / Floral,High,global
Scotch 253,spirits/cocktails,Barefoot,17.0,12.0,Smoky,Medium,global
Cognac 254,wine,Robert Mondavi,17.75,13.0,Rich / Fruity,High,global
Vodka 255,spirits/cocktails,Kim Crawford,18.5,14.0,Dry / Crisp,High,global
Aged Bourbon 256,spirits/cocktails,Crown Royal,19.25,15.0,Nutty / Woody,Medium,global
Bourbon 257,spirits/cocktails,Buffalo Trace,20.0,16.0,Sweet,High,global
Rye Whiskey 258,spirits/cocktails,Bulleit,20.75,17.0,Spicy,High,global
Gin 259,spirits/cocktails,Captain Morgan,21.5,18.0,Citrusy / Sour,Medium,global
Gin 260,spirits/cocktails,Don Julio,22.25,19.0,Herbal / Floral,High,global
Scotch 261,spirits/cocktails,Jameson,23.0,20.0,Smoky,High,global
Cognac 262,wine,Jack Daniel's,23.75,21.0,Rich / Fruity,Medium,global
Vodka 263,spirits/cocktails,Johnnie Walker,24.5,22.0,Dry / Crisp,High,global
Aged Bourbon 264,spirits/cocktails,Glenfiddich,25.25,23.0,Nutty / Woody,High,global
Bourbon 265,spirits/cocktails,Gordon's,26.0,24.0,Sweet,Medium,global
Rye Whiskey 266,spirits/cocktails,Tanqueray,26.75,25.0,Spicy,High,global
Gin 267,spirits/cocktails,Bacardi,27.5,26.0,Citrusy / Sour,High,global
Gin 268,spirits/cocktails,Patron,28.25,27.0,Herbal / Floral,Medium,global
Scotch 269,spirits/cocktails,Absolut,29.0,28.0,Smoky,High,global
Cognac 270,wine,Smirnoff,29.75,29.0,Rich / Fruity,High,global
Vodka 271,spirits/cocktails,Moet & Chandon,30.5,30.0,Dry / Crisp,Medium,global
Aged Bourbon 272,spirits/cocktails,La Marca,31.25,31.0,Nutty / Woody,High,global
Bourbon 273,spirits/cocktails,Barefoot,32.0,32.0,Sweet,High,global
Rye Whiskey 274,spirits/cocktails,Robert Mondavi,32.75,33.0,Spicy,Medium,global
Gin 275,spirits/cocktails,Kim Crawford,33.5,34.0,Citrusy / Sour,High,global
Gin 276,spirits/cocktails,Crown Royal,34.25,35.0,Herbal / Floral,High,global
Scotch 277,spirits/cocktails,Buffalo Trace,35.0,36.0,Smoky,Medium,global
Cognac 278,wine,Bulleit,35.75,37.0,Rich / Fruity,High,global
Vodka 279,spirits/cocktails,Captain Morgan,36.5,38.0,Dry / Crisp,High,global
Aged Bourbon 280,spirits/cocktails,Don Julio,37.25,39.0,Nutty / Woody,Medium,global
Bourbon 281,spirits/cocktails,Jameson,38.0,5.0,Sweet,High,global
Rye Whiskey 282,spirits/cocktails,Jack Daniel's,38.75,6.0,Spicy,High,global
Gin 283,spirits/cocktails,Johnnie Walker,39.5,7.0,Citrusy / Sour,Medium,global
Gin 284,spirits/cocktails,Glenfiddich,40.25,8.0,Herbal / Floral,High,global
Scotch 285,spirits/cocktails,Gordon's,41.0,9.0,Smoky,High,global
Cognac 286,wine,Tanqueray,41.75,10.0,Rich / Fruity,Medium,global
Vodka 287,spirits/cocktails,Bacardi,42.5,11.0,Dry / Crisp,High,global
Aged Bourbon 288,spirits/cocktails,Patron,43.25,12.0,Nutty / Woody,High,global
Bourbon 289,spirits/cocktails,Absolut,44.0,13.0,Sweet,Medium,global
Rye Whiskey 290,spirits/cocktails,Smirnoff,44.75,14.0,Spicy,High,global
Gin 291,spirits/cocktails,Moet & Chandon,45.5,15.0,Citrusy / Sour,High,global
Gin 292,spirits/cocktails,La Marca,46.25,16.0,Herbal / Floral,Medium,global
Scotch 293,spirits/cocktails,Barefoot,47.0,17.0,Smoky,High,global
Cognac 294,wine,Robert Mondavi,47.75,18.0,Rich / Fruity,High,global
Vodka 295,spirits/cocktails,Kim Crawford,48.5,19.0,Dry / Crisp,Medium,global
Aged Bourbon 296,spirits/cocktails,Crown Royal,49.25,20.0,Nutty / Woody,High,global
Bourbon 297,spirits/cocktails,Buffalo Trace,50.0,21.0,Sweet,High,global
Rye Whiskey 298,spirits/cocktails,Bulleit,50.75,22.0,Spicy,Medium,global
Gin 299,spirits/cocktails,Captain Morgan,51.5,23.0,Citrusy / Sour,High,global
Gin 300,spirits/cocktails,Don Julio,52.25,24.0,Herbal / Floral,High,global
Scotch 301,spirits/cocktails,Jameson,53.0,25.0,Smoky,Medium,global
Cognac 302,wine,Jack Daniel's,53.75,26.0,Rich / Fruity,High,global
Vodka 303,spirits/cocktails,Johnnie Walker,54.5,27.0,Dry / Crisp,High,global
Aged Bourbon 304,spirits/cocktails,Glenfiddich,55.25,28.0,Nutty / Woody,Medium,global
Bourbon 305,spirits/cocktails,Gordon's,56.0,29.0,Sweet,High,global
Rye Whiskey 306,spirits/cocktails,Tanqueray,56.75,30.0,Spicy,High,global
Gin 307,spirits/cocktails,Bacardi,57.5,31.0,Citrusy / Sour,Medium,global
Gin 308,spirits/cocktails,Patron,58.25,32.0,Herbal / Floral,High,global
Scotch 309,spirits/cocktails,Absolut,59.0,33.0,Smoky,High,global
Cognac 310,wine,Smirnoff,59.75,34.0,Rich / Fruity,Medium,global
Vodka 311,spirits/cocktails,Moet & Chandon,60.5,35.0,Dry / Crisp,High,global
Aged Bourbon 312,spirits/cocktails,La Marca,61.25,36.0,Nutty / Woody,High,global
Bourbon 313,spirits/cocktails,Barefoot,62.0,37.0,Sweet,Medium,global
Rye Whiskey 314,spirits/cocktails,Robert Mondavi,62.75,38.0,Spicy,High,global
Gin 315,spirits/cocktails,Kim Crawford,63.5,39.0,Citrusy / Sour,High,global
Gin 316,spirits/cocktails,Crown Royal,64.25,5.0,Herbal / Floral,Medium,global
Scotch 317,spirits/cocktails,Buffalo Trace,65.0,6.0,Smoky,High,global
Cognac 318,wine,Bulleit,65.75,7.0,Rich / Fruity,High,global
Vodka 319,spirits/cocktails,Captain Morgan,66.5,8.0,Dry / Crisp,Medium,global
Aged Bourbon 320,spirits/cocktails,Don Julio,67.25,9.0,Nutty / Woody,High,global
Bourbon 321,spirits/cocktails,Jameson,68.0,10.0,Sweet,High,global
Rye Whiskey 322,spirits/cocktails,Jack Daniel's,68.75,11.0,Spicy,Medium,global
Gin 323,spirits/cocktails,Johnnie Walker,69.5,12.0,Citrusy / Sour,High,global
Gin 324,spirits/cocktails,Glenfiddich,70.25,13.0,Herbal / Floral,High,global
Scotch 325,spirits/cocktails,Gordon's,71.0,14.0,Smoky,Medium,global
Cognac 326,wine,Tanqueray,71.75,15.0,Rich / Fruity,High,global
Vodka 327,spirits/cocktails,Bacardi,72.5,16.0,Dry / Crisp,High,global
Aged Bourbon 328,spirits/cocktails,Patron,73.25,17.0,Nutty / Woody,Medium,global
Bourbon 329,spirits/cocktails,Absolut,74.0,18.0,Sweet,High,global
Rye Whiskey 330,spirits/cocktails,Smirnoff,74.75,19.0,Spicy,High,global
Gin 331,spirits/cocktails,Moet & Chandon,75.5,20.0,Citrusy / Sour,Medium,global
Gin 332,spirits/cocktails,La Marca,76.25,21.0,Herbal / Floral,High,global
Scotch 333,spirits/cocktails,Barefoot,77.0,22.0,Smoky,High,global
Cognac 334,wine,Robert Mondavi,77.75,23.0,Rich / Fruity,Medium,global
Vodka 335,spirits/cocktails,Kim Crawford,78.5,24.0,Dry / Crisp,High,global
Aged Bourbon 336,spirits/cocktails,Crown Royal,79.25,25.0,Nutty / Woody,High,global
Bourbon 337,spirits/cocktails,Buffalo Trace,80.0,26.0,Sweet,Medium,global
Rye Whiskey 338,spirits/cocktails,Bulleit,80.75,27.0,Spicy,High,global
Gin 339,spirits/cocktails,Captain Morgan,81.5,28.0,Citrusy / Sour,High,global
Gin 340,spirits/cocktails,Don Julio,82.25,29.0,Herbal / Floral,Medium,global
Scotch 341,spirits/cocktails,Jameson,83.0,30.0,Smoky,High,global
Cognac 342,wine,Jack Daniel's,83.75,31.0,Rich / Fruity,High,global
Vodka 343,spirits/cocktails,Johnnie Walker,84.5,32.0,Dry / Crisp,Medium,global
Aged Bourbon 344,spirits/cocktails,Glenfiddich,85.25,33.0,Nutty / Woody,High,global
Bourbon 345,spirits/cocktails,Gordon's,86.0,34.0,Sweet,High,global
Rye Whiskey 346,spirits/cocktails,Tanqueray,86.75,35.0,Spicy,Medium,global
Gin 347,spirits/cocktails,Bacardi,87.5,36.0,Citrusy / Sour,High,global
Gin 348,spirits/cocktails,Patron,88.25,37.0,Herbal / Floral,High,global
Scotch 349,spirits/cocktails,Absolut,89.0,38.0,Smoky,Medium,global
Cognac 350,wine,Smirnoff,89.75,39.0,Rich / Fruity,High,global
Vodka 351,spirits/cocktails,Moet & Chandon,90.5,5.0,Dry / Crisp,High,global
Aged Bourbon 352,spirits/cocktails,La Marca,91.25,6.0,Nutty / Woody,Medium,global
Bourbon 353,spirits/cocktails,Barefoot,92.0,7.0,Sweet,High,global
Rye Whiskey 354,spirits/cocktails,Robert Mondavi,92.75,8.0,Spicy,High,global
Gin 355,spirits/cocktails,Kim Crawford,93.5,9.0,Citrusy / Sour,Medium,global
Gin 356,spirits/cocktails,Crown Royal,94.25,10.0,Herbal / Floral,High,global
Scotch 357,spirits/cocktails,Buffalo Trace,95.0,11.0,Smoky,High,global
Cognac 358,wine,Bulleit,95.75,12.0,Rich / Fruity,Medium,global
Vodka 359,spirits/cocktails,Captain Morgan,96.5,13.0,Dry / Crisp,High,global
Aged Bourbon 360,spirits/cocktails,Don Julio,97.25,14.0,Nutty / Woody,High,global
Bourbon 361,spirits/cocktails,Jameson,8.0,15.0,Sweet,Medium,global
Rye Whiskey 362,spirits/cocktails,Jack Daniel's,8.75,16.0,Spicy,High,global
Gin 363,spirits/cocktails,Johnnie Walker,9.5,17.0,Citrusy / Sour,High,global
Gin 364,spirits/cocktails,Glenfiddich,10.25,18.0,Herbal / Floral,Medium,global
Scotch 365,spirits/cocktails,Gordon's,11.0,19.0,Smoky,High,global
Cognac 366,wine,Tanqueray,11.75,20.0,Rich / Fruity,High,global
Vodka 367,spirits/cocktails,Bacardi,12.5,21.0,Dry / Crisp,Medium,global
Aged Bourbon 368,spirits/cocktails,Patron,13.25,22.0,Nutty / Woody,High,global
Bourbon 369,spirits/cocktails,Absolut,14.0,23.0,Sweet,High,global
Rye Whiskey 370,spirits/cocktails,Smirnoff,14.75,24.0,Spicy,Medium,global
Gin 371,spirits/cocktails,Moet & Chandon,15.5,25.0,Citrusy / Sour,High,global
Gin 372,spirits/cocktails,La Marca,16.25,26.0,Herbal / Floral,High,global
Scotch 373,spirits/cocktails,Barefoot,17.0,27.0,Smoky,Medium,global
Cognac 374,wine,Robert Mondavi,17.75,28.0,Rich / Fruity,High,global
Vodka 375,spirits/cocktails,Kim Crawford,18.5,29.0,Dry / Crisp,High,global
Aged Bourbon 376,spirits/cocktails,Crown Royal,19.25,30.0,Nutty / Woody,Medium,global
Bourbon 377,spirits/cocktails,Buffalo Trace,20.0,31.0,Sweet,High,global
Rye Whiskey 378,spirits/cocktails,Bulleit,20.75,32.0,Spicy,High,global
Gin 379,spirits/cocktails,Captain Morgan,21.5,33.0,Citrusy / Sour,Medium,global
Gin 380,spirits/cocktails,Don Julio,22.25,34.0,Herbal / Floral,High,global
Scotch 381,spirits/cocktails,Jameson,23.0,35.0,Smoky,High,global
Cognac 382,wine,Jack Daniel's,23.75,36.0,Rich / Fruity,Medium,global
Vodka 383,spirits/cocktails,Johnnie Walker,24.5,37.0,Dry / Crisp,High,global
Aged Bourbon 384,spirits/cocktails,Glenfiddich,25.25,38.0,Nutty / Woody,High,global
Bourbon 385,spirits/cocktails,Gordon's,26.0,39.0,Sweet,Medium,global
Rye Whiskey 386,spirits/cocktails,Tanqueray,26.75,5.0,Spicy,High,global
Gin 387,spirits/cocktails,Bacardi,27.5,6.0,Citrusy / Sour,High,global
Gin 388,spirits/cocktails,Patron,28.25,7.0,Herbal / Floral,Medium,global
Scotch 389,spirits/cocktails,Absolut,29.0,8.0,Smoky,High,global
Cognac 390,wine,Smirnoff,29.75,9.0,Rich / Fruity,High,global
Vodka 391,spirits/cocktails,Moet & Chandon,30.5,10.0,Dry / Crisp,Medium,global
Aged Bourbon 392,spirits/cocktails,La Marca,31.25,11.0,Nutty / Woody,High,global
Bourbon 393,spirits/cocktails,Barefoot,32.0,12.0,Sweet,High,global
Rye Whiskey 394,spirits/cocktails,Robert Mondavi,32.75,13.0,Spicy,Medium,global
Gin 395,spirits/cocktails,Kim Crawford,33.5,14.0,Citrusy / Sour,High,global
Gin 396,spirits/cocktails,Crown Royal,34.25,15.0,Herbal / Floral,High,global
Scotch 397,spirits/cocktails,Buffalo Trace,35.0,16.0,Smoky,Medium,global
Cognac 398,wine,Bulleit,35.75,17.0,Rich / Fruity,High,global
Vodka 399,spirits/cocktails,Captain Morgan,36.5,18.0,Dry / Crisp,High,global
Aged Bourbon 400,spirits/cocktails,Don Julio,37.25,19.0,Nutty / Woody,Medium,global
Bourbon 401,spirits/cocktails,Jameson,38.0,20.0,Sweet,High,global
Rye Whiskey 402,spirits/cocktails,Jack Daniel's,38.75,21.0,Spicy,High,global
Gin 403,spirits/cocktails,Johnnie Walker,39.5,22.0,Citrusy / Sour,Medium,global
Gin 404,spirits/cocktails,Glenfiddich,40.25,23.0,Herbal / Floral,High,global
Scotch 405,spirits/cocktails,Gordon's,41.0,24.0,Smoky,High,global
Cognac 406,wine,Tanqueray,41.75,25.0,Rich / Fruity,Medium,global
Vodka 407,spirits/cocktails,Bacardi,42.5,26.0,Dry / Crisp,High,global
Aged Bourbon 408,spirits/cocktails,Patron,43.25,27.0,Nutty / Woody,High,global
Bourbon 409,spirits/cocktails,Absolut,44.0,28.0,Sweet,Medium,global
Rye Whiskey 410,spirits/cocktails,Smirnoff,44.75,29.0,Spicy,High,global
Gin 411,spirits/cocktails,Moet & Chandon,45.5,30.0,Citrusy / Sour,High,global
Gin 412,spirits/cocktails,La Marca,46.25,31.0,Herbal / Floral,Medium,global
Scotch 413,spirits/cocktails,Barefoot,47.0,32.0,Smoky,High,global
Cognac 414,wine,Robert Mondavi,47.75,33.0,Rich / Fruity,High,global
Vodka 415,spirits/cocktails,Kim Crawford,48.5,34.0,Dry / Crisp,Medium,global
Aged Bourbon 416,spirits/cocktails,Crown Royal,49.25,35.0,Nutty / Woody,High,global
Bourbon 417,spirits/cocktails,Buffalo Trace,50.0,36.0,Sweet,High,global
Rye Whiskey 418,spirits/cocktails,Bulleit,50.75,37.0,Spicy,Medium,global
Gin 419,spirits/cocktails,Captain Morgan,51.5,38.0,Citrusy / Sour,High,global
Gin 420,spirits/cocktails,Don Julio,52.25,39.0,Herbal / Floral,High,global
Scotch 421,spirits/cocktails,Jameson,53.0,5.0,Smoky,Medium,global
Cognac 422,wine,Jack Daniel's,53.75,6.0,Rich / Fruity,High,global
Vodka 423,spirits/cocktails,Johnnie Walker,54.5,7.0,Dry / Crisp,High,global
Aged Bourbon 424,spirits/cocktails,Glenfiddich,55.25,8.0,Nutty / Woody,Medium,global
Bourbon 425,spirits/cocktails,Gordon's,56.0,9.0,Sweet,High,global
Rye Whiskey 426,spirits/cocktails,Tanqueray,56.75,10.0,Spicy,High,global
Gin 427,spirits/cocktails,Bacardi,57.5,11.0,Citrusy / Sour,Medium,global
Gin 428,spirits/cocktails,Patron,58.25,12.0,Herbal / Floral,High,global
Scotch 429,spirits/cocktails,Absolut,59.0,13.0,Smoky,High,global
Cognac 430,wine,Smirnoff,59.75,14.0,Rich / Fruity,Medium,global
Vodka 431,spirits/cocktails,Moet & Chandon,60.5,15.0,Dry / Crisp,High,global
Aged Bourbon 432,spirits/cocktails,La Marca,61.25,16.0,Nutty / Woody,High,global
Bourbon 433,spirits/cocktails,Barefoot,62.0,17.0,Sweet,Medium,global
Rye Whiskey 434,spirits/cocktails,Robert Mondavi,62.75,18.0,Spicy,High,global
Gin 435,spirits/cocktails,Kim Crawford,63.5,19.0,Citrusy / Sour,High,global
Gin 436,spirits/cocktails,Crown Royal,64.25,20.0,Herbal / Floral,Medium,global
Scotch 437,spirits/cocktails,Buffalo Trace,65.0,21.0,Smoky,High,global
Cognac 438,wine,Bulleit,65.75,22.0,Rich / Fruity,High,global
Vodka 439,spirits/cocktails,Captain Morgan,66.5,23.0,Dry / Crisp,Medium,global
Aged Bourbon 440,spirits/cocktails,Don Julio,67.25,24.0,Nutty / Woody,High,global
Bourbon 441,spirits/cocktails,Jameson,68.0,25.0,Sweet,High,global
Rye Whiskey 442,spirits/cocktails,Jack Daniel's,68.75,26.0,Spicy,Medium,global
Gin 443,spirits/cocktails,Johnnie Walker,69.5,27.0,Citrusy / Sour,High,global
Gin 444,spirits/cocktails,Glenfiddich,70.25,28.0,Herbal / Floral,High,global
Scotch 445,spirits/cocktails,Gordon's,71.0,29.0,Smoky,Medium,global
Cognac 446,wine,Tanqueray,71.75,30.0,Rich / Fruity,High,global
Vodka 447,spirits/cocktails,Bacardi,72.5,31.0,Dry / Crisp,High,global
Aged Bourbon 448,spirits/cocktails,Patron,73.25,32.0,Nutty / Woody,Medium,global
Bourbon 449,spirits/cocktails,Absolut,74.0,33.0,Sweet,High,global
Rye Whiskey 450,spirits/cocktails,Smirnoff,74.75,34.0,Spicy,High,global
Gin 451,spirits/cocktails,Moet & Chandon,75.5,35.0,Citrusy / Sour,Medium,global
Gin 452,spirits/cocktails,La Marca,76.25,36.0,Herbal / Floral,High,global
Scotch 453,spirits/cocktails,Barefoot,77.0,37.0,Smoky,High,global
Cognac 454,wine,Robert Mondavi,77.75,38.0,Rich / Fruity,Medium,global
Vodka 455,spirits/cocktails,Kim Crawford,78.5,39.0,Dry / Crisp,High,global
Aged Bourbon 456,spirits/cocktails,Crown Royal,79.25,5.0,Nutty / Woody,High,global
Bourbon 457,spirits/cocktails,Buffalo Trace,80.0,6.0,Sweet,Medium,global
Rye Whiskey 458,spirits/cocktails,Bulleit,80.75,7.0,Spicy,High,global
Gin 459,spirits/cocktails,Captain Morgan,81.5,8.0,Citrusy / Sour,High,global
Gin 460,spirits/cocktails,Don Julio,82.25,9.0,Herbal / Floral,Medium,global
Scotch 461,spirits/cocktails,Jameson,83.0,10.0,Smoky,High,global
Cognac 462,wine,Jack Daniel's,83.75,11.0,Rich / Fruity,High,global
Vodka 463,spirits/cocktails,Johnnie Walker,84.5,12.0,Dry / Crisp,Medium,global
Aged Bourbon 464,spirits/cocktails,Glenfiddich,85.25,13.0,Nutty / Woody,High,global
Bourbon 465,spirits/cocktails,Gordon's,86.0,14.0,Sweet,High,global
Rye Whiskey 466,spirits/cocktails,Tanqueray,86.75,15.0,Spicy,Medium,global
Gin 467,spirits/cocktails,Bacardi,87.5,16.0,Citrusy / Sour,High,global
Gin 468,spirits/cocktails,Patron,88.25,17.0,Herbal / Floral,High,global
Scotch 469,spirits/cocktails,Absolut,89.0,18.0,Smoky,Medium,global
Cognac 470,wine,Smirnoff,89.75,19.0,Rich / Fruity,High,global
Vodka 471,spirits/cocktails,Moet & Chandon,90.5,20.0,Dry / Crisp,High,global
Aged Bourbon 472,spirits/cocktails,La Marca,91.25,21.0,Nutty / Woody,Medium,global
Bourbon 473,spirits/cocktails,Barefoot,92.0,22.0,Sweet,High,global
Rye Whiskey 474,spirits/cocktails,Robert Mondavi,92.75,23.0,Spicy,High,global
Gin 475,spirits/cocktails,Kim Crawford,93.5,24.0,Citrusy / Sour,Medium,global
Gin 476,spirits/cocktails,Crown Royal,94.25,25.0,Herbal / Floral,High,global
Scotch 477,spirits/cocktails,Buffalo Trace,95.0,26.0,Smoky,High,global
Cognac 478,wine,Bulleit,95.75,27.0,Rich / Fruity,Medium,global
Vodka 479,spirits/cocktails,Captain Morgan,96.5,28.0,Dry / Crisp,High,global
Aged Bourbon 480,spirits/cocktails,Don Julio,97.25,29.0,Nutty / Woody,High,global
Bourbon 481,spirits/cocktails,Jameson,8.0,30.0,Sweet,Medium,global
Rye Whiskey 482,spirits/cocktails,Jack Daniel's,8.75,31.0,Spicy,High,global
Gin 483,spirits/cocktails,Johnnie Walker,9.5,32.0,Citrusy / Sour,High,global
Gin 484,spirits/cocktails,Glenfiddich,10.25,33.0,Herbal / Floral,Medium,global
Scotch 485,spirits/cocktails,Gordon's,11.0,34.0,Smoky,High,global
Cognac 486,wine,Tanqueray,11.75,35.0,Rich / Fruity,High,global
Vodka 487,spirits/cocktails,Bacardi,12.5,36.0,Dry / Crisp,Medium,global
Aged Bourbon 488,spirits/cocktails,Patron,13.25,37.0,Nutty / Woody,High,global
Bourbon 489,spirits/cocktails,Absolut,14.0,38.0,Sweet,High,global
Rye Whiskey 490,spirits/cocktails,Smirnoff,14.75,39.0,Spicy,Medium,global
Gin 491,spirits/cocktails,Moet & Chandon,15.5,5.0,Citrusy / Sour,High,global
Gin 492,spirits/cocktails,La Marca,16.25,6.0,Herbal / Floral,High,global
Scotch 493,spirits/cocktails,Barefoot,17.0,7.0,Smoky,Medium,global
Cognac 494,wine,Robert Mondavi,17.75,8.0,Rich / Fruity,High,global
Vodka 495,spirits/cocktails,Kim Crawford,18.5,9.0,Dry / Crisp,High,global
Aged Bourbon 496,spirits/cocktails,Crown Royal,19.25,10.0,Nutty / Woody,Medium,global
Bourbon 497,spirits/cocktails,Buffalo Trace,20.0,11.0,Sweet,High,global
Rye Whiskey 498,spirits/cocktails,Bulleit,20.75,12.0,Spicy,High,global
Gin 499,spirits/cocktails,Captain Morgan,21.5,13.0,Citrusy / Sour,Medium,global
Gin 500,spirits/cocktails,Don Julio,22.25,14.0,Herbal / Floral,High,global
Scotch 501,spirits/cocktails,Jameson,23.0,15.0,Smoky,High,global
Cognac 502,wine,Jack Daniel's,23.75,16.0,Rich / Fruity,Medium,global
Vodka 503,spirits/cocktails,Johnnie Walker,24.5,17.0,Dry / Crisp,High,global
Aged Bourbon 504,spirits/cocktails,Glenfiddich,25.25,18.0,Nutty / Woody,High,global
Bourbon 505,spirits/cocktails,Gordon's,26.0,19.0,Sweet,Medium,global
Rye Whiskey 506,spirits/cocktails,Tanqueray,26.75,20.0,Spicy,High,global
Gin 507,spirits/cocktails,Bacardi,27.5,21.0,Citrusy / Sour,High,global
Gin 508,spirits/cocktails,Patron,28.25,22.0,Herbal / Floral,Medium,global
Scotch 509,spirits/cocktails,Absolut,29.0,23.0,Smoky,High,global
Cognac 510,wine,Smirnoff,29.75,24.0,Rich / Fruity,High,global
Vodka 511,spirits/cocktails,Moet & Chandon,30.5,25.0,Dry / Crisp,Medium,global
Aged Bourbon 512,spirits/cocktails,La Marca,31.25,26.0,Nutty / Woody,High,global
Bourbon 513,spirits/cocktails,Barefoot,32.0,27.0,Sweet,High,global
Rye Whiskey 514,spirits/cocktails,Robert Mondavi,32.75,28.0,Spicy,Medium,global
Gin 515,spirits/cocktails,Kim Crawford,33.5,29.0,Citrusy / Sour,High,global
Gin 516,spirits/cocktails,Crown Royal,34.25,30.0,Herbal / Floral,High,global
Scotch 517,spirits/cocktails,Buffalo Trace,35.0,31.0,Smoky,Medium,global
Cognac 518,wine,Bulleit,35.75,32.0,Rich / Fruity,High,global
Vodka 519,spirits/cocktails,Captain Morgan,36.5,33.0,Dry / Crisp,High,global
Aged Bourbon 520,spirits/cocktails,Don Julio,37.25,34.0,Nutty / Woody,Medium,global
Bourbon 521,spirits/cocktails,Jameson,38.0,35.0,Sweet,High,global
Rye Whiskey 522,spirits/cocktails,Jack Daniel's,38.75,36.0,Spicy,High,global
Gin 523,spirits/cocktails,Johnnie Walker,39.5,37.0,Citrusy / Sour,Medium,global
Gin 524,spirits/cocktails,Glenfiddich,40.25,38.0,Herbal / Floral,High,global
Scotch 525,spirits/cocktails,Gordon's,41.0,39.0,Smoky,High,global
Cognac 526,wine,Tanqueray,41.75,5.0,Rich / Fruity,Medium,global
Vodka 527,spirits/cocktails,Bacardi,42.5,6.0,Dry / Crisp,High,global
Aged Bourbon 528,spirits/cocktails,Patron,43.25,7.0,Nutty / Woody,High,global
Bourbon 529,spirits/cocktails,Absolut,44.0,8.0,Sweet,Medium,global
Rye Whiskey 530,spirits/cocktails,Smirnoff,44.75,9.0,Spicy,High,global
Gin 531,spirits/cocktails,Moet & Chandon,45.5,10.0,Citrusy / Sour,High,global
Gin 532,spirits/cocktails,La Marca,46.25,11.0,Herbal / Floral,Medium,global
Scotch 533,spirits/cocktails,Barefoot,47.0,12.0,Smoky,High,global
Cognac 534,wine,Robert Mondavi,47.75,13.0,Rich / Fruity,High,global
Vodka 535,spirits/cocktails,Kim Crawford,48.5,14.0,Dry / Crisp,Medium,global
Aged Bourbon 536,spirits/cocktails,Crown Royal,49.25,15.0,Nutty / Woody,High,global
Bourbon 537,spirits/cocktails,Buffalo Trace,50.0,16.0,Sweet,High,global
Rye Whiskey 538,spirits/cocktails,Bulleit,50.75,17.0,Spicy,Medium,global
Gin 539,spirits/cocktails,Captain Morgan,51.5,18.0,Citrusy / Sour,High,global
Gin 540,spirits/cocktails,Don Julio,52.25,19.0,Herbal / Floral,High,global
Scotch 541,spirits/cocktails,Jameson,53.0,20.0,Smoky,Medium,global
Cognac 542,wine,Jack Daniel's,53.75,21.0,Rich / Fruity,High,global
Vodka 543,spirits/cocktails,Johnnie Walker,54.5,22.0,Dry / Crisp,High,global
Aged Bourbon 544,spirits/cocktails,Glenfiddich,55.25,23.0,Nutty / Woody,Medium,global
Bourbon 545,spirits/cocktails,Gordon's,56.0,24.0,Sweet,High,global
Rye Whiskey 546,spirits/cocktails,Tanqueray,56.75,25.0,Spicy,High,global
Gin 547,spirits/cocktails,Bacardi,57.5,26.0,Citrusy / Sour,Medium,global
Gin 548,spirits/cocktails,Patron,58.25,27.0,Herbal / Floral,High,global
Scotch 549,spirits/cocktails,Absolut,59.0,28.0,Smoky,High,global
Cognac 550,wine,Smirnoff,59.75,29.0,Rich / Fruity,Medium,global
Vodka 551,spirits/cocktails,Moet & Chandon,60.5,30.0,Dry / Crisp,High,global
Aged Bourbon 552,spirits/cocktails,La Marca,61.25,31.0,Nutty / Woody,High,global
Bourbon 553,spirits/cocktails,Barefoot,62.0,32.0,Sweet,Medium,global
Rye Whiskey 554,spirits/cocktails,Robert Mondavi,62.75,33.0,Spicy,High,global
Gin 555,spirits/cocktails,Kim Crawford,63.5,34.0,Citrusy / Sour,High,global
Gin 556,spirits/cocktails,Crown Royal,64.25,35.0,Herbal / Floral,Medium,global
Scotch 557,spirits/cocktails,Buffalo Trace,65.0,36.0,Smoky,High,global
Cognac 558,wine,Bulleit,65.75,37.0,Rich / Fruity,High,global
Vodka 559,spirits/cocktails,Captain Morgan,66.5,38.0,Dry / Crisp,Medium,global
Aged Bourbon 560,spirits/cocktails,Don Julio,67.25,39.0,Nutty / Woody,High,global
Bourbon 561,spirits/cocktails,Jameson,68.0,5.0,Sweet,High,global
Rye Whiskey 562,spirits/cocktails,Jack Daniel's,68.75,6.0,Spicy,Medium,global
Gin 563,spirits/cocktails,Johnnie Walker,69.5,7.0,Citrusy / Sour,High,global
Gin 564,spirits/cocktails,Glenfiddich,70.25,8.0,Herbal / Floral,High,global
Scotch 565,spirits/cocktails,Gordon's,71.0,9.0,Smoky,Medium,global
Cognac 566,wine,Tanqueray,71.75,10.0,Rich / Fruity,High,global
Vodka 567,spirits/cocktails,Bacardi,72.5,11.0,Dry / Crisp,High,global
Aged Bourbon 568,spirits/cocktails,Patron,73.25,12.0,Nutty / Woody,Medium,global
Bourbon 569,spirits/cocktails,Absolut,74.0,13.0,Sweet,High,global
Rye Whiskey 570,spirits/cocktails,Smirnoff,74.75,14.0,Spicy,High,global
Gin 571,spirits/cocktails,Moet & Chandon,75.5,15.0,Citrusy / Sour,Medium,global
Gin 572,spirits/cocktails,La Marca,76.25,16.0,Herbal / Floral,High,global
Scotch 573,spirits/cocktails,Barefoot,77.0,17.0,Smoky,High,global
Cognac 574,wine,Robert Mondavi,77.75,18.0,Rich / Fruity,Medium,global
Vodka 575,spirits/cocktails,Kim Crawford,78.5,19.0,Dry / Crisp,High,global
Aged Bourbon 576,spirits/cocktails,Crown Royal,79.25,20.0,Nutty / Woody,High,global
Bourbon 577,spirits/cocktails,Buffalo Trace,80.0,21.0,Sweet,Medium,global
Rye Whiskey 578,spirits/cocktails,Bulleit,80.75,22.0,Spicy,High,global
Gin 579,spirits/cocktails,Captain Morgan,81.5,23.0,Citrusy / Sour,High,global
Gin 580,spirits/cocktails,Don Julio,82.25,24.0,Herbal / Floral,Medium,global
Scotch 581,spirits/cocktails,Jameson,83.0,25.0,Smoky,High,global
Cognac 582,wine,Jack Daniel's,83.75,26.0,Rich / Fruity,High,global
Vodka 583,spirits/cocktails,Johnnie Walker,84.5,27.0,Dry / Crisp,Medium,global
Aged Bourbon 584,spirits/cocktails,Glenfiddich,85.25,28.0,Nutty / Woody,High,global
Bourbon 585,spirits/cocktails,Gordon's,86.0,29.0,Sweet,High,global
Rye Whiskey 586,spirits/cocktails,Tanqueray,86.75,30.0,Spicy,Medium,global
Gin 587,spirits/cocktails,Bacardi,87.5,31.0,Citrusy / Sour,High,global
Gin 588,spirits/cocktails,Patron,88.25,32.0,Herbal / Floral,High,global
Scotch 589,spirits/cocktails,Absolut,89.0,33.0,Smoky,Medium,global
Cognac 590,wine,Smirnoff,89.75,34.0,Rich / Fruity,High,global
Vodka 591,spirits/cocktails,Moet & Chandon,90.5,35.0,Dry / Crisp,High,global
Aged Bourbon 592,spirits/cocktails,La Marca,91.25,36.0,Nutty / Woody,Medium,global
Bourbon 593,spirits/cocktails,Barefoot,92.0,37.0,Sweet,High,global
Rye Whiskey 594,spirits/cocktails,Robert Mondavi,92.75,38.0,Spicy,High,global
Gin 595,spirits/cocktails,Kim Crawford,93.5,39.0,Citrusy / Sour,Medium,global
Gin 596,spirits/cocktails,Crown Royal,94.25,5.0,Herbal / Floral,High,global
Scotch 597,spirits/cocktails,Buffalo Trace,95.0,6.0,Smoky,High,global
Cognac 598,wine,Bulleit,95.75,7.0,Rich / Fruity,Medium,global
Vodka 599,spirits/cocktails,Captain Morgan,96.5,8.0,Dry / Crisp,High,global
Aged Bourbon 600,spirits/cocktails,Don Julio,97.25,9.0,Nutty / Woody,High,global
Bourbon 601,spirits/cocktails,Jameson,8.0,10.0,Sweet,Medium,global
Rye Whiskey 602,spirits/cocktails,Jack Daniel's,8.75,11.0,Spicy,High,global
Gin 603,spirits/cocktails,Johnnie Walker,9.5,12.0,Citrusy / Sour,High,global
Gin 604,spirits/cocktails,Glenfiddich,10.25,13.0,Herbal / Floral,Medium,global
Scotch 605,spirits/cocktails,Gordon's,11.0,14.0,Smoky,High,global
Cognac 606,wine,Tanqueray,11.75,15.0,Rich / Fruity,High,global
Vodka 607,spirits/cocktails,Bacardi,12.5,16.0,Dry / Crisp,Medium,global
Aged Bourbon 608,spirits/cocktails,Patron,13.25,17.0,Nutty / Woody,High,global
Bourbon 609,spirits/cocktails,Absolut,14.0,18.0,Sweet,High,global
Rye Whiskey 610,spirits/cocktails,Smirnoff,14.75,19.0,Spicy,Medium,global
Gin 611,spirits/cocktails,Moet & Chandon,15.5,20.0,Citrusy / Sour,High,global
Gin 612,spirits/cocktails,La Marca,16.25,21.0,Herbal / Floral,High,global
Scotch 613,spirits/cocktails,Barefoot,17.0,22.0,Smoky,Medium,global
Cognac 614,wine,Robert Mondavi,17.75,23.0,Rich / Fruity,High,global
Vodka 615,spirits/cocktails,Kim Crawford,18.5,24.0,Dry / Crisp,High,global
Aged Bourbon 616,spirits/cocktails,Crown Royal,19.25,25.0,Nutty / Woody,Medium,global
Bourbon 617,spirits/cocktails,Buffalo Trace,20.0,26.0,Sweet,High,global
Rye Whiskey 618,spirits/cocktails,Bulleit,20.75,27.0,Spicy,High,global
Gin 619,spirits/cocktails,Captain Morgan,21.5,28.0,Citrusy / Sour,Medium,global
Gin 620,spirits/cocktails,Don Julio,22.25,29.0,Herbal / Floral,High,global
Scotch 621,spirits/cocktails,Jameson,23.0,30.0,Smoky,High,global
Cognac 622,wine,Jack Daniel's,23.75,31.0,Rich / Fruity,Medium,global
Vodka 623,spirits/cocktails,Johnnie Walker,24.5,32.0,Dry / Crisp,High,global
Aged Bourbon 624,spirits/cocktails,Glenfiddich,25.25,33.0,Nutty / Woody,High,global
Bourbon 625,spirits/cocktails,Gordon's,26.0,34.0,Sweet,Medium,global
Rye Whiskey 626,spirits/cocktails,Tanqueray,26.75,35.0,Spicy,High,global
Gin 627,spirits/cocktails,Bacardi,27.5,36.0,Citrusy / Sour,High,global
Gin 628,spirits/cocktails,Patron,28.25,37.0,Herbal / Floral,Medium,global
Scotch 629,spirits/cocktails,Absolut,29.0,38.0,Smoky,High,global
Cognac 630,wine,Smirnoff,29.75,39.0,Rich / Fruity,High,global
Vodka 631,spirits/cocktails,Moet & Chandon,30.5,5.0,Dry / Crisp,Medium,global
Aged Bourbon 632,spirits/cocktails,La Marca,31.25,6.0,Nutty / Woody,High,global
Bourbon 633,spirits/cocktails,Barefoot,32.0,7.0,Sweet,High,global
Rye Whiskey 634,spirits/cocktails,Robert Mondavi,32.75,8.0,Spicy,Medium,global
Gin 635,spirits/cocktails,Kim Crawford,33.5,9.0,Citrusy / Sour,High,global
Gin 636,spirits/cocktails,Crown Royal,34.25,10.0,Herbal / Floral,High,global
Scotch 637,spirits/cocktails,Buffalo Trace,35.0,11.0,Smoky,Medium,global
Cognac 638,wine,Bulleit,35.75,12.0,Rich / Fruity,High,global
Vodka 639,spirits/cocktails,Captain Morgan,36.5,13.0,Dry / Crisp,High,global
Aged Bourbon 640,spirits/cocktails,Don Julio,37.25,14.0,Nutty / Woody,Medium,global
Bourbon 641,spirits/cocktails,Jameson,38.0,15.0,Sweet,High,global
Rye Whiskey 642,spirits/cocktails,Jack Daniel's,38.75,16.0,Spicy,High,global
Gin 643,spirits/cocktails,Johnnie Walker,39.5,17.0,Citrusy / Sour,Medium,global
Gin 644,spirits/cocktails,Glenfiddich,40.25,18.0,Herbal / Floral,High,global
Scotch 645,spirits/cocktails,Gordon's,41.0,19.0,Smoky,High,global
Cognac 646,wine,Tanqueray,41.75,20.0,Rich / Fruity,Medium,global
Vodka 647,spirits/cocktails,Bacardi,42.5,21.0,Dry / Crisp,High,global
Aged Bourbon 648,spirits/cocktails,Patron,43.25,22.0,Nutty / Woody,High,global
Bourbon 649,spirits/cocktails,Absolut,44.0,23.0,Sweet,Medium,global
Rye Whiskey 650,spirits/cocktails,Smirnoff,44.75,24.0,Spicy,High,global
Gin 651,spirits/cocktails,Moet & Chandon,45.5,25.0,Citrusy / Sour,High,global
Gin 652,spirits/cocktails,La Marca,46.25,26.0,Herbal / Floral,Medium,global
Scotch 653,spirits/cocktails,Barefoot,47.0,27.0,Smoky,High,global
Cognac 654,wine,Robert Mondavi,47.75,28.0,Rich / Fruity,High,global
Vodka 655,spirits/cocktails,Kim Crawford,48.5,29.0,Dry / Crisp,Medium,global
Aged Bourbon 656,spirits/cocktails,Crown Royal,49.25,30.0,Nutty / Woody,High,global
Bourbon 657,spirits/cocktails,Buffalo Trace,50.0,31.0,Sweet,High,global
Rye Whiskey 658,spirits/cocktails,Bulleit,50.75,32.0,Spicy,Medium,global
Gin 659,spirits/cocktails,Captain Morgan,51.5,33.0,Citrusy / Sour,High,global
Gin 660,spirits/cocktails,Don Julio,52.25,34.0,Herbal / Floral,High,global
Scotch 661,spirits/cocktails,Jameson,53.0,35.0,Smoky,Medium,global
Cognac 662,wine,Jack Daniel's,53.75,36.0,Rich / Fruity,High,global
Vodka 663,spirits/cocktails,Johnnie Walker,54.5,37.0,Dry / Crisp,High,global
Aged Bourbon 664,spirits/cocktails,Glenfiddich,55.25,38.0,Nutty / Woody,Medium,global
Bourbon 665,spirits/cocktails,Gordon's,56.0,39.0,Sweet,High,global
Rye Whiskey 666,spirits/cocktails,Tanqueray,56.75,5.0,Spicy,High,global
Gin 667,spirits/cocktails,Bacardi,57.5,6.0,Citrusy / Sour,Medium,global
Gin 668,spirits/cocktails,Patron,58.25,7.0,Herbal / Floral,High,global
Scotch 669,spirits/cocktails,Absolut,59.0,8.0,Smoky,High,global
Cognac 670,wine,Smirnoff,59.75,9.0,Rich / Fruity,Medium,global
Vodka 671,spirits/cocktails,Moet & Chandon,60.5,10.0,Dry / Crisp,High,global
Aged Bourbon 672,spirits/cocktails,La Marca,61.25,11.0,Nutty / Woody,High,global
Bourbon 673,spirits/cocktails,Barefoot,62.0,12.0,Sweet,Medium,global
Rye Whiskey 674,spirits/cocktails,Robert Mondavi,62.75,13.0,Spicy,High,global
Gin 675,spirits/cocktails,Kim Crawford,63.5,14.0,Citrusy / Sour,High,global
Gin 676,spirits/cocktails,Crown Royal,64.25,15.0,Herbal / Floral,Medium,global
Scotch 677,spirits/cocktails,Buffalo Trace,65.0,16.0,Smoky,High,global
Cognac 678,wine,Bulleit,65.75,17.0,Rich / Fruity,High,global
Vodka 679,spirits/cocktails,Captain Morgan,66.5,18.0,Dry / Crisp,Medium,global
Aged Bourbon 680,spirits/cocktails,Don Julio,67.25,19.0,Nutty / Woody,High,global
Bourbon 681,spirits/cocktails,Jameson,68.0,20.0,Sweet,High,global
Rye Whiskey 682,spirits/cocktails,Jack Daniel's,68.75,21.0,Spicy,Medium,global
Gin 683,spirits/cocktails,Johnnie Walker,69.5,22.0,Citrusy / Sour,High,global
Gin 684,spirits/cocktails,Glenfiddich,70.25,23.0,Herbal / Floral,High,global
Scotch 685,spirits/cocktails,Gordon's,71.0,24.0,Smoky,Medium,global
Cognac 686,wine,Tanqueray,71.75,25.0,Rich / Fruity,High,global
Vodka 687,spirits/cocktails,Bacardi,72.5,26.0,Dry / Crisp,High,global
Aged Bourbon 688,spirits/cocktails,Patron,73.25,27.0,Nutty / Woody,Medium,global
Bourbon 689,spirits/cocktails,Absolut,74.0,28.0,Sweet,High,global
Rye Whiskey 690,spirits/cocktails,Smirnoff,74.75,29.0,Spicy,High,global
Gin 691,spirits/cocktails,Moet & Chandon,75.5,30.0,Citrusy / Sour,Medium,global
Gin 692,spirits/cocktails,La Marca,76.25,31.0,Herbal / Floral,High,global
Scotch 693,spirits/cocktails,Barefoot,77.0,32.0,Smoky,High,global
Cognac 694,wine,Robert Mondavi,77.75,33.0,Rich / Fruity,Medium,global
Vodka 695,spirits/cocktails,Kim Crawford,78.5,34.0,Dry / Crisp,High,global
Aged Bourbon 696,spirits/cocktails,Crown Royal,79.25,35.0,Nutty / Woody,High,global
Bourbon 697,spirits/cocktails,Buffalo Trace,80.0,36.0,Sweet,Medium,global
Rye Whiskey 698,spirits/cocktails,Bulleit,80.75,37.0,Spicy,High,global
Gin 699,spirits/cocktails,Captain Morgan,81.5,38.0,Citrusy / Sour,High,global
Gin 700,spirits/cocktails,Don Julio,82.25,39.0,Herbal / Floral,Medium,global
Scotch 701,spirits/cocktails,Jameson,83.0,5.0,Smoky,High,global
Cognac 702,wine,Jack Daniel's,83.75,6.0,Rich / Fruity,High,global
Vodka 703,spirits/cocktails,Johnnie Walker,84.5,7.0,Dry / Crisp,Medium,global
Aged Bourbon 704,spirits/cocktails,Glenfiddich,85.25,8.0,Nutty / Woody,High,global
Bourbon 705,spirits/cocktails,Gordon's,86.0,9.0,Sweet,High,global
Rye Whiskey 706,spirits/cocktails,Tanqueray,86.75,10.0,Spicy,Medium,global
Gin 707,spirits/cocktails,Bacardi,87.5,11.0,Citrusy / Sour,High,global
Gin 708,spirits/cocktails,Patron,88.25,12.0,Herbal / Floral,High,global
Scotch 709,spirits/cocktails,Absolut,89.0,13.0,Smoky,Medium,global
Cognac 710,wine,Smirnoff,89.75,14.0,Rich / Fruity,High,global
Vodka 711,spirits/cocktails,Moet & Chandon,90.5,15.0,Dry / Crisp,High,global
Aged Bourbon 712,spirits/cocktails,La Marca,91.25,16.0,Nutty / Woody,Medium,global
Bourbon 713,spirits/cocktails,Barefoot,92.0,17.0,Sweet,High,global
Rye Whiskey 714,spirits/cocktails,Robert Mondavi,92.75,18.0,Spicy,High,global
Gin 715,spirits/cocktails,Kim Crawford,93.5,19.0,Citrusy / Sour,Medium,global
Gin 716,spirits/cocktails,Crown Royal,94.25,20.0,Herbal / Floral,High,global
Scotch 717,spirits/cocktails,Buffalo Trace,95.0,21.0,Smoky,High,global
Cognac 718,wine,Bulleit,95.75,22.0,Rich / Fruity,Medium,global
Vodka 719,spirits/cocktails,Captain Morgan,96.5,23.0,Dry / Crisp,High,global
Aged Bourbon 720,spirits/cocktails,Don Julio,97.25,24.0,Nutty / Woody,High,global
Bourbon 721,spirits/cocktails,Jameson,8.0,25.0,Sweet,Medium,global
Rye Whiskey 722,spirits/cocktails,Jack Daniel's,8.75,26.0,Spicy,High,global
Gin 723,spirits/cocktails,Johnnie Walker,9.5,27.0,Citrusy / Sour,High,global
Gin 724,spirits/cocktails,Glenfiddich,10.25,28.0,Herbal / Floral,Medium,global
Scotch 725,spirits/cocktails,Gordon's,11.0,29.0,Smoky,High,global
Cognac 726,wine,Tanqueray,11.75,30.0,Rich / Fruity,High,global
Vodka 727,spirits/cocktails,Bacardi,12.5,31.0,Dry / Crisp,Medium,global
Aged Bourbon 728,spirits/cocktails,Patron,13.25,32.0,Nutty / Woody,High,global
Bourbon 729,spirits/cocktails,Absolut,14.0,33.0,Sweet,High,global
Rye Whiskey 730,spirits/cocktails,Smirnoff,14.75,34.0,Spicy,Medium,global
Gin 731,spirits/cocktails,Moet & Chandon,15.5,35.0,Citrusy / Sour,High,global
Gin 732,spirits/cocktails,La Marca,16.25,36.0,Herbal / Floral,High,global
Scotch 733,spirits/cocktails,Barefoot,17.0,37.0,Smoky,Medium,global
Cognac 734,wine,Robert Mondavi,17.75,38.0,Rich / Fruity,High,global
Vodka 735,spirits/cocktails,Kim Crawford,18.5,39.0,Dry / Crisp,High,global
Aged Bourbon 736,spirits/cocktails,Crown Royal,19.25,5.0,Nutty / Woody,Medium,global
Bourbon 737,spirits/cocktails,Buffalo Trace,20.0,6.0,Sweet,High,global
Rye Whiskey 738,spirits/cocktails,Bulleit,20.75,7.0,Spicy,High,global
Gin 739,spirits/cocktails,Captain Morgan,21.5,8.0,Citrusy / Sour,Medium,global
Gin 740,spirits/cocktails,Don Julio,22.25,9.0,Herbal / Floral,High,global
Scotch 741,spirits/cocktails,Jameson,23.0,10.0,Smoky,High,global
Cognac 742,wine,Jack Daniel's,23.75,11.0,Rich / Fruity,Medium,global
Vodka 743,spirits/cocktails,Johnnie Walker,24.5,12.0,Dry / Crisp,High,global
Aged Bourbon 744,spirits/cocktails,Glenfiddich,25.25,13.0,Nutty / Woody,High,global
Bourbon 745,spirits/cocktails,Gordon's,26.0,14.0,Sweet,Medium,global
Rye Whiskey 746,spirits/cocktails,Tanqueray,26.75,15.0,Spicy,High,global
Gin 747,spirits/cocktails,Bacardi,27.5,16.0,Citrusy / Sour,High,global
Gin 748,spirits/cocktails,Patron,28.25,17.0,Herbal / Floral,Medium,global
Scotch 749,spirits/cocktails,Absolut,29.0,18.0,Smoky,High,global
Cognac 750,wine,Smirnoff,29.75,19.0,Rich / Fruity,High,global
Vodka 751,spirits/cocktails,Moet & Chandon,30.5,20.0,Dry / Crisp,Medium,global
Aged Bourbon 752,spirits/cocktails,La Marca,31.25,21.0,Nutty / Woody,High,global
Bourbon 753,spirits/cocktails,Barefoot,32.0,22.0,Sweet,High,global
Rye Whiskey 754,spirits/cocktails,Robert Mondavi,32.75,23.0,Spicy,Medium,global
Gin 755,spirits/cocktails,Kim Crawford,33.5,24.0,Citrusy / Sour,High,global
Gin 756,spirits/cocktails,Crown Royal,34.25,25.0,Herbal / Floral,High,global
Scotch 757,spirits/cocktails,Buffalo Trace,35.0,26.0,Smoky,Medium,global
Cognac 758,wine,Bulleit,35.75,27.0,Rich / Fruity,High,global
Vodka 759,spirits/cocktails,Captain Morgan,36.5,28.0,Dry / Crisp,High,global
Aged Bourbon 760,spirits/cocktails,Don Julio,37.25,29.0,Nutty / Woody,Medium,global
Bourbon 761,spirits/cocktails,Jameson,38.0,30.0,Sweet,High,global
Rye Whiskey 762,spirits/cocktails,Jack Daniel's,38.75,31.0,Spicy,High,global
Gin 763,spirits/cocktails,Johnnie Walker,39.5,32.0,Citrusy / Sour,Medium,global
Gin 764,spirits/cocktails,Glenfiddich,40.25,33.0,Herbal / Floral,High,global
Scotch 765,spirits/cocktails,Gordon's,41.0,34.0,Smoky,High,global
Cognac 766,wine,Tanqueray,41.75,35.0,Rich / Fruity,Medium,global
Vodka 767,spirits/cocktails,Bacardi,42.5,36.0,Dry / Crisp,High,global
Aged Bourbon 768,spirits/cocktails,Patron,43.25,37.0,Nutty / Woody,High,global
Bourbon 769,spirits/cocktails,Absolut,44.0,38.0,Sweet,Medium,global
Rye Whiskey 770,spirits/cocktails,Smirnoff,44.75,39.0,Spicy,High,global
Gin 771,spirits/cocktails,Moet & Chandon,45.5,5.0,Citrusy / Sour,High,global
Gin 772,spirits/cocktails,La Marca,46.25,6.0,Herbal / Floral,Medium,global
Scotch 773,spirits/cocktails,Barefoot,47.0,7.0,Smoky,High,global
Cognac 774,wine,Robert Mondavi,47.75,8.0,Rich / Fruity,High,global
Vodka 775,spirits/cocktails,Kim Crawford,48.5,9.0,Dry / Crisp,Medium,global
Aged Bourbon 776,spirits/cocktails,Crown Royal,49.25,10.0,Nutty / Woody,High,global
Bourbon 777,spirits/cocktails,Buffalo Trace,50.0,11.0,Sweet,High,global
Rye Whiskey 778,spirits/cocktails,Bulleit,50.75,12.0,Spicy,Medium,global
Gin 779,spirits/cocktails,Captain Morgan,51.5,13.0,Citrusy / Sour,High,global
Gin 780,spirits/cocktails,Don Julio,52.25,14.0,Herbal / Floral,High,global
Scotch 781,spirits/cocktails,Jameson,53.0,15.0,Smoky,Medium,global
Cognac 782,wine,Jack Daniel's,53.75,16.0,Rich / Fruity,High,global
Vodka 783,spirits/cocktails,Johnnie Walker,54.5,17.0,Dry / Crisp,High,global
Aged Bourbon 784,spirits/cocktails,Glenfiddich,55.25,18.0,Nutty / Woody,Medium,global
Bourbon 785,spirits/cocktails,Gordon's,56.0,19.0,Sweet,High,global
Rye Whiskey 786,spirits/cocktails,Tanqueray,56.75,20.0,Spicy,High,global
Gin 787,spirits/cocktails,Bacardi,57.5,21.0,Citrusy / Sour,Medium,global
Gin 788,spirits/cocktails,Patron,58.25,22.0,Herbal / Floral,High,global
Scotch 789,spirits/cocktails,Absolut,59.0,23.0,Smoky,High,global
Cognac 790,wine,Smirnoff,59.75,24.0,Rich / Fruity,Medium,global
Vodka 791,spirits/cocktails,Moet & Chandon,60.5,25.0,Dry / Crisp,High,global
Aged Bourbon 792,spirits/cocktails,La Marca,61.25,26.0,Nutty / Woody,High,global
Bourbon 793,spirits/cocktails,Barefoot,62.0,27.0,Sweet,Medium,global
Rye Whiskey 794,spirits/cocktails,Robert Mondavi,62.75,28.0,Spicy,High,global
Gin 795,spirits/cocktails,Kim Crawford,63.5,29.0,Citrusy / Sour,High,global
Gin 796,spirits/cocktails,Crown Royal,64.25,30.0,Herbal / Floral,Medium,global
Scotch 797,spirits/cocktails,Buffalo Trace,65.0,31.0,Smoky,High,global
Cognac 798,wine,Bulleit,65.75,32.0,Rich / Fruity,High,global
Vodka 799,spirits/cocktails,Captain Morgan,66.5,33.0,Dry / Crisp,Medium,global
Aged Bourbon 800,spirits/cocktails,Don Julio,67.25,34.0,Nutty / Woody,High,global
Bourbon 801,spirits/cocktails,Jameson,68.0,35.0,Sweet,High,global
Rye Whiskey 802,spirits/cocktails,Jack Daniel's,68.75,36.0,Spicy,Medium,global
Gin 803,spirits/cocktails,Johnnie Walker,69.5,37.0,Citrusy / Sour,High,global
Gin 804,spirits/cocktails,Glenfiddich,70.25,38.0,Herbal / Floral,High,global
Scotch 805,spirits/cocktails,Gordon's,71.0,39.0,Smoky,Medium,global
Cognac 806,wine,Tanqueray,71.75,5.0,Rich / Fruity,High,global
Vodka 807,spirits/cocktails,Bacardi,72.5,6.0,Dry / Crisp,High,global
Aged Bourbon 808,spirits/cocktails,Patron,73.25,7.0,Nutty / Woody,Medium,global
Bourbon 809,spirits/cocktails,Absolut,74.0,8.0,Sweet,High,global
Rye Whiskey 810,spirits/cocktails,Smirnoff,74.75,9.0,Spicy,High,global
Gin 811,spirits/cocktails,Moet & Chandon,75.5,10.0,Citrusy / Sour,Medium,global
Gin 812,spirits/cocktails,La Marca,76.25,11.0,Herbal / Floral,High,global
Scotch 813,spirits/cocktails,Barefoot,77.0,12.0,Smoky,High,global
Cognac 814,wine,Robert Mondavi,77.75,13.0,Rich / Fruity,Medium,global
Vodka 815,spirits/cocktails,Kim Crawford,78.5,14.0,Dry / Crisp,High,global
Aged Bourbon 816,spirits/cocktails,Crown Royal,79.25,15.0,Nutty / Woody,High,global
Bourbon 817,spirits/cocktails,Buffalo Trace,80.0,16.0,Sweet,Medium,global
Rye Whiskey 818,spirits/cocktails,Bulleit,80.75,17.0,Spicy,High,global
Gin 819,spirits/cocktails,Captain Morgan,81.5,18.0,Citrusy / Sour,High,global
Gin 820,spirits/cocktails,Don Julio,82.25,19.0,Herbal / Floral,Medium,global
Scotch 821,spirits/cocktails,Jameson,83.0,20.0,Smoky,High,global
Cognac 822,wine,Jack Daniel's,83.75,21.0,Rich / Fruity,High,global
Vodka 823,spirits/cocktails,Johnnie Walker,84.5,22.0,Dry / Crisp,Medium,global
Aged Bourbon 824,spirits/cocktails,Glenfiddich,85.25,23.0,Nutty / Woody,High,global
Bourbon 825,spirits/cocktails,Gordon's,86.0,24.0,Sweet,High,global
Rye Whiskey 826,spirits/cocktails,Tanqueray,86.75,25.0,Spicy,Medium,global
Gin 827,spirits/cocktails,Bacardi,87.5,26.0,Citrusy / Sour,High,global
Gin 828,spirits/cocktails,Patron,88.25,27.0,Herbal / Floral,High,global
Scotch 829,spirits/cocktails,Absolut,89.0,28.0,Smoky,Medium,global
Cognac 830,wine,Smirnoff,89.75,29.0,Rich / Fruity,High,global
Vodka 831,spirits/cocktails,Moet & Chandon,90.5,30.0,Dry / Crisp,High,global
Aged Bourbon 832,spirits/cocktails,La Marca,91.25,31.0,Nutty / Woody,Medium,global
Bourbon 833,spirits/cocktails,Barefoot,92.0,32.0,Sweet,High,global
Rye Whiskey 834,spirits/cocktails,Robert Mondavi,92.75,33.0,Spicy,High,global
Gin 835,spirits/cocktails,Kim Crawford,93.5,34.0,Citrusy / Sour,Medium,global
Gin 836,spirits/cocktails,Crown Royal,94.25,35.0,Herbal / Floral,High,global
Scotch 837,spirits/cocktails,Buffalo Trace,95.0,36.0,Smoky,High,global
Cognac 838,wine,Bulleit,95.75,37.0,Rich / Fruity,Medium,global
Vodka 839,spirits/cocktails,Captain Morgan,96.5,38.0,Dry / Crisp,High,global
Aged Bourbon 840,spirits/cocktails,Don Julio,97.25,39.0,Nutty / Woody,High,global
Bourbon 841,spirits/cocktails,Jameson,8.0,5.0,Sweet,Medium,global
Rye Whiskey 842,spirits/cocktails,Jack Daniel's,8.75,6.0,Spicy,High,global
Gin 843,spirits/cocktails,Johnnie Walker,9.5,7.0,Citrusy / Sour,High,global
Gin 844,spirits/cocktails,Glenfiddich,10.25,8.0,Herbal / Floral,Medium,global
Scotch 845,spirits/cocktails,Gordon's,11.0,9.0,Smoky,High,global
Cognac 846,wine,Tanqueray,11.75,10.0,Rich / Fruity,High,global
Vodka 847,spirits/cocktails,Bacardi,12.5,11.0,Dry / Crisp,Medium,global
Aged Bourbon 848,spirits/cocktails,Patron,13.25,12.0,Nutty / Woody,High,global
Bourbon 849,spirits/cocktails,Absolut,14.0,13.0,Sweet,High,global
Rye Whiskey 850,spirits/cocktails,Smirnoff,14.75,14.0,Spicy,Medium,global
Gin 851,spirits/cocktails,Moet & Chandon,15.5,15.0,Citrusy / Sour,High,global
Gin 852,spirits/cocktails,La Marca,16.25,16.0,Herbal / Floral,High,global
Scotch 853,spirits/cocktails,Barefoot,17.0,17.0,Smoky,Medium,global
Cognac 854,wine,Robert Mondavi,17.75,18.0,Rich / Fruity,High,global
Vodka 855,spirits/cocktails,Kim Crawford,18.5,19.0,Dry / Crisp,High,global
Aged Bourbon 856,spirits/cocktails,Crown Royal,19.25,20.0,Nutty / Woody,Medium,global
Bourbon 857,spirits/cocktails,Buffalo Trace,20.0,21.0,Sweet,High,global
Rye Whiskey 858,spirits/cocktails,Bulleit,20.75,22.0,Spicy,High,global
Gin 859,spirits/cocktails,Captain Morgan,21.5,23.0,Citrusy / Sour,Medium,global
Gin 860,spirits/cocktails,Don Julio,22.25,24.0,Herbal / Floral,High,global
Scotch 861,spirits/cocktails,Jameson,23.0,25.0,Smoky,High,global
Cognac 862,wine,Jack Daniel's,23.75,26.0,Rich / Fruity,Medium,global
Vodka 863,spirits/cocktails,Johnnie Walker,24.5,27.0,Dry / Crisp,High,global
Aged Bourbon 864,spirits/cocktails,Glenfiddich,25.25,28.0,Nutty / Woody,High,global
Bourbon 865,spirits/cocktails,Gordon's,26.0,29.0,Sweet,Medium,global
Rye Whiskey 866,spirits/cocktails,Tanqueray,26.75,30.0,Spicy,High,global
Gin 867,spirits/cocktails,Bacardi,27.5,31.0,Citrusy / Sour,High,global
Gin 868,spirits/cocktails,Patron,28.25,32.0,Herbal / Floral,Medium,global
Scotch 869,spirits/cocktails,Absolut,29.0,33.0,Smoky,High,global
Cognac 870,wine,Smirnoff,29.75,34.0,Rich / Fruity,High,global
Vodka 871,spirits/cocktails,Moet & Chandon,30.5,35.0,Dry / Crisp,Medium,global
Aged Bourbon 872,spirits/cocktails,La Marca,31.25,36.0,Nutty / Woody,High,global
Bourbon 873,spirits/cocktails,Barefoot,32.0,37.0,Sweet,High,global
Rye Whiskey 874,spirits/cocktails,Robert Mondavi,32.75,38.0,Spicy,Medium,global
Gin 875,spirits/cocktails,Kim Crawford,33.5,39.0,Citrusy / Sour,High,global
Gin 876,spirits/cocktails,Crown Royal,34.25,5.0,Herbal / Floral,High,global
Scotch 877,spirits/cocktails,Buffalo Trace,35.0,6.0,Smoky,Medium,global
Cognac 878,wine,Bulleit,35.75,7.0,Rich / Fruity,High,global
Vodka 879,spirits/cocktails,Captain Morgan,36.5,8.0,Dry / Crisp,High,global
Aged Bourbon 880,spirits/cocktails,Don Julio,37.25,9.0,Nutty / Woody,Medium,global
Bourbon 881,spirits/cocktails,Jameson,38.0,10.0,Sweet,High,global
Rye Whiskey 882,spirits/cocktails,Jack Daniel's,38.75,11.0,Spicy,High,global
Gin 883,spirits/cocktails,Johnnie Walker,39.5,12.0,Citrusy / Sour,Medium,global
Gin 884,spirits/cocktails,Glenfiddich,40.25,13.0,Herbal / Floral,High,global
Scotch 885,spirits/cocktails,Gordon's,41.0,14.0,Smoky,High,global
Cognac 886,wine,Tanqueray,41.75,15.0,Rich / Fruity,Medium,global
Vodka 887,spirits/cocktails,Bacardi,42.5,16.0,Dry / Crisp,High,global
Aged Bourbon 888,spirits/cocktails,Patron,43.25,17.0,Nutty / Woody,High,global
Bourbon 889,spirits/cocktails,Absolut,44.0,18.0,Sweet,Medium,global
Rye Whiskey 890,spirits/cocktails,Smirnoff,44.75,19.0,Spicy,High,global
Gin 891,spirits/cocktails,Moet & Chandon,45.5,20.0,Citrusy / Sour,High,global
Gin 892,spirits/cocktails,La Marca,46.25,21.0,Herbal / Floral,Medium,global
Scotch 893,spirits/cocktails,Barefoot,47.0,22.0,Smoky,High,global
Cognac 894,wine,Robert Mondavi,47.75,23.0,Rich / Fruity,High,global
Vodka 895,spirits/cocktails,Kim Crawford,48.5,24.0,Dry / Crisp,Medium,global
Aged Bourbon 896,spirits/cocktails,Crown Royal,49.25,25.0,Nutty / Woody,High,global
Bourbon 897,spirits/cocktails,Buffalo Trace,50.0,26.0,Sweet,High,global
Rye Whiskey 898,spirits/cocktails,Bulleit,50.75,27.0,Spicy,Medium,global
Gin 899,spirits/cocktails,Captain Morgan,51.5,28.0,Citrusy / Sour,High,global
Gin 900,spirits/cocktails,Don Julio,52.25,29.0,Herbal / Floral,High,global
Scotch 901,spirits/cocktails,Jameson,53.0,30.0,Smoky,Medium,global
Cognac 902,wine,Jack Daniel's,53.75,31.0,Rich / Fruity,High,global
Vodka 903,spirits/cocktails,Johnnie Walker,54.5,32.0,Dry / Crisp,High,global
Aged Bourbon 904,spirits/cocktails,Glenfiddich,55.25,33.0,Nutty / Woody,Medium,global
Bourbon 905,spirits/cocktails,Gordon's,56.0,34.0,Sweet,High,global
Rye Whiskey 906,spirits/cocktails,Tanqueray,56.75,35.0,Spicy,High,global
Gin 907,spirits/cocktails,Bacardi,57.5,36.0,Citrusy / Sour,Medium,global
Gin 908,spirits/cocktails,Patron,58.25,37.0,Herbal / Floral,High,global
Scotch 909,spirits/cocktails,Absolut,59.0,38.0,Smoky,High,global
Cognac 910,wine,Smirnoff,59.75,39.0,Rich / Fruity,Medium,global
Vodka 911,spirits/cocktails,Moet & Chandon,60.5,5.0,Dry / Crisp,High,global
Aged Bourbon 912,spirits/cocktails,La Marca,61.25,6.0,Nutty / Woody,High,global
Bourbon 913,spirits/cocktails,Barefoot,62.0,7.0,Sweet,Medium,global
Rye Whiskey 914,spirits/cocktails,Robert Mondavi,62.75,8.0,Spicy,High,global
Gin 915,spirits/cocktails,Kim Crawford,63.5,9.0,Citrusy / Sour,High,global
Gin 916,spirits/cocktails,Crown Royal,64.25,10.0,Herbal / Floral,Medium,global
Scotch 917,spirits/cocktails,Buffalo Trace,65.0,11.0,Smoky,High,global
Cognac 918,wine,Bulleit,65.75,12.0,Rich / Fruity,High,global
Vodka 919,spirits/cocktails,Captain Morgan,66.5,13.0,Dry / Crisp,Medium,global
Aged Bourbon 920,spirits/cocktails,Don Julio,67.25,14.0,Nutty / Woody,High,global
Bourbon 921,spirits/cocktails,Jameson,68.0,15.0,Sweet,High,global
Rye Whiskey 922,spirits/cocktails,Jack Daniel's,68.75,16.0,Spicy,Medium,global
Gin 923,spirits/cocktails,Johnnie Walker,69.5,17.0,Citrusy / Sour,High,global
Gin 924,spirits/cocktails,Glenfiddich,70.25,18.0,Herbal / Floral,High,global
Scotch 925,spirits/cocktails,Gordon's,71.0,19.0,Smoky,Medium,global
Cognac 926,wine,Tanqueray,71.75,20.0,Rich / Fruity,High,global
Vodka 927,spirits/cocktails,Bacardi,72.5,21.0,Dry / Crisp,High,global
Aged Bourbon 928,spirits/cocktails,Patron,73.25,22.0,Nutty / Woody,Medium,global
Bourbon 929,spirits/cocktails,Absolut,74.0,23.0,Sweet,High,global
Rye Whiskey 930,spirits/cocktails,Smirnoff,74.75,24.0,Spicy,High,global
Gin 931,spirits/cocktails,Moet & Chandon,75.5,25.0,Citrusy / Sour,Medium,global
Gin 932,spirits/cocktails,La Marca,76.25,26.0,Herbal / Floral,High,global
Scotch 933,spirits/cocktails,Barefoot,77.0,27.0,Smoky,High,global
Cognac 934,wine,Robert Mondavi,77.75,28.0,Rich / Fruity,Medium,global
Vodka 935,spirits/cocktails,Kim Crawford,78.5,29.0,Dry / Crisp,High,global
Aged Bourbon 936,spirits/cocktails,Crown Royal,79.25,30.0,Nutty / Woody,High,global
Bourbon 937,spirits/cocktails,Buffalo Trace,80.0,31.0,Sweet,Medium,global
Rye Whiskey 938,spirits/cocktails,Bulleit,80.75,32.0,Spicy,High,global
Gin 939,spirits/cocktails,Captain Morgan,81.5,33.0,Citrusy / Sour,High,global
Gin 940,spirits/cocktails,Don Julio,82.25,34.0,Herbal / Floral,Medium,global
Scotch 941,spirits/cocktails,Jameson,83.0,35.0,Smoky,High,global
Cognac 942,wine,Jack Daniel's,83.75,36.0,Rich / Fruity,High,global
Vodka 943,spirits/cocktails,Johnnie Walker,84.5,37.0,Dry / Crisp,Medium,global
Aged Bourbon 944,spirits/cocktails,Glenfiddich,85.25,38.0,Nutty / Woody,High,global
Bourbon 945,spirits/cocktails,Gordon's,86.0,39.0,Sweet,High,global
Rye Whiskey 946,spirits/cocktails,Tanqueray,86.75,5.0,Spicy,Medium,global
Gin 947,spirits/cocktails,Bacardi,87.5,6.0,Citrusy / Sour,High,global
Gin 948,spirits/cocktails,Patron,88.25,7.0,Herbal / Floral,High,global
Scotch 949,spirits/cocktails,Absolut,89.0,8.0,Smoky,Medium,global
Cognac 950,wine,Smirnoff,89.75,9.0,Rich / Fruity,High,global
Vodka 951,spirits/cocktails,Moet & Chandon,90.5,10.0,Dry / Crisp,High,global
Aged Bourbon 952,spirits/cocktails,La Marca,91.25,11.0,Nutty / Woody,Medium,global
Bourbon 953,spirits/cocktails,Barefoot,92.0,12.0,Sweet,High,global
Rye Whiskey 954,spirits/cocktails,Robert Mondavi,92.75,13.0,Spicy,High,global
Gin 955,spirits/cocktails,Kim Crawford,93.5,14.0,Citrusy / Sour,Medium,global
Gin 956,spirits/cocktails,Crown Royal,94.25,15.0,Herbal / Floral,High,global
Scotch 957,spirits/cocktails,Buffalo Trace,95.0,16.0,Smoky,High,global
Cognac 958,wine,Bulleit,95.75,17.0,Rich / Fruity,Medium,global
Vodka 959,spirits/cocktails,Captain Morgan,96.5,18.0,Dry / Crisp,High,global
Aged Bourbon 960,spirits/cocktails,Don Julio,97.25,19.0,Nutty / Woody,High,global
Bourbon 961,spirits/cocktails,Jameson,8.0,20.0,Sweet,Medium,global
Rye Whiskey 962,spirits/cocktails,Jack Daniel's,8.75,21.0,Spicy,High,global
Gin 963,spirits/cocktails,Johnnie Walker,9.5,22.0,Citrusy / Sour,High,global
Gin 964,spirits/cocktails,Glenfiddich,10.25,23.0,Herbal / Floral,Medium,global
Scotch 965,spirits/cocktails,Gordon's,11.0,24.0,Smoky,High,global
Cognac 966,wine,Tanqueray,11.75,25.0,Rich / Fruity,High,global
Vodka 967,spirits/cocktails,Bacardi,12.5,26.0,Dry / Crisp,Medium,global
Aged Bourbon 968,spirits/cocktails,Patron,13.25,27.0,Nutty / Woody,High,global
Bourbon 969,spirits/cocktails,Absolut,14.0,28.0,Sweet,High,global
Rye Whiskey 970,spirits/cocktails,Smirnoff,14.75,29.0,Spicy,Medium,global
Gin 971,spirits/cocktails,Moet & Chandon,15.5,30.0,Citrusy / Sour,High,global
Gin 972,spirits/cocktails,La Marca,16.25,31.0,Herbal / Floral,High,global
Scotch 973,spirits/cocktails,Barefoot,17.0,32.0,Smoky,Medium,global
Cognac 974,wine,Robert Mondavi,17.75,33.0,Rich / Fruity,High,global
Vodka 975,spirits/cocktails,Kim Crawford,18.5,34.0,Dry / Crisp,High,global
Aged Bourbon 976,spirits/cocktails,Crown Royal,19.25,35.0,Nutty / Woody,Medium,global
Bourbon 977,spirits/cocktails,Buffalo Trace,20.0,36.0,Sweet,High,global
Rye Whiskey 978,spirits/cocktails,Bulleit,20.75,37.0,Spicy,High,global
Gin 979,spirits/cocktails,Captain Morgan,21.5,38.0,Citrusy / Sour,Medium,global
Gin 980,spirits/cocktails,Don Julio,22.25,39.0,Herbal / Floral,High,global
Scotch 981,spirits/cocktails,Jameson,23.0,5.0,Smoky,High,global
Cognac 982,wine,Jack Daniel's,23.75,6.0,Rich / Fruity,Medium,global
Vodka 983,spirits/cocktails,Johnnie Walker,24.5,7.0,Dry / Crisp,High,global
Aged Bourbon 984,spirits/cocktails,Glenfiddich,25.25,8.0,Nutty / Woody,High,global
Bourbon 985,spirits/cocktails,Gordon's,26.0,9.0,Sweet,Medium,global
Rye Whiskey 986,spirits/cocktails,Tanqueray,26.75,10.0,Spicy,High,global
Gin 987,spirits/cocktails,Bacardi,27.5,11.0,Citrusy / Sour,High,global
Gin 988,spirits/cocktails,Patron,28.25,12.0,Herbal / Floral,Medium,global
Scotch 989,spirits/cocktails,Absolut,29.0,13.0,Smoky,High,global
Cognac 990,wine,Smirnoff,29.75,14.0,Rich / Fruity,High,global
Vodka 991,spirits/cocktails,Moet & Chandon,30.5,15.0,Dry / Crisp,Medium,global
Aged Bourbon 992,spirits/cocktails,La Marca,31.25,16.0,Nutty / Woody,High,global
Bourbon 993,spirits/cocktails,Barefoot,32.0,17.0,Sweet,High,global
Rye Whiskey 994,spirits/cocktails,Robert Mondavi,32.75,18.0,Spicy,Medium,global
Gin 995,spirits/cocktails,Kim Crawford,33.5,19.0,Citrusy / Sour,High,global
Gin 996,spirits/cocktails,Crown Royal,34.25,20.0,Herbal / Floral,High,global
Scotch 997,spirits/cocktails,Buffalo Trace,35.0,21.0,Smoky,Medium,global
Cognac 998,wine,Bulleit,35.75,22.0,Rich / Fruity,High,global
Vodka 999,spirits/cocktails,Captain Morgan,36.5,23.0,Dry / Crisp,High,global
Aged Bourbon 1000,spirits/cocktails,Don Julio,37.25,24.0,Nutty / Woody,Medium,global
Bourbon 1001,spirits/cocktails,Jameson,38.0,25.0,Sweet,High,global
Rye Whiskey 1002,spirits/cocktails,Jack Daniel's,38.75,26.0,Spicy,High,global
Gin 1003,spirits/cocktails,Johnnie Walker,39.5,27.0,Citrusy / Sour,Medium,global
Gin 1004,spirits/cocktails,Glenfiddich,40.25,28.0,Herbal / Floral,High,global
Scotch 1005,spirits/cocktails,Gordon's,41.0,29.0,Smoky,High,global
Cognac 1006,wine,Tanqueray,41.75,30.0,Rich / Fruity,Medium,global
Vodka 1007,spirits/cocktails,Bacardi,42.5,31.0,Dry / Crisp,High,global
Aged Bourbon 1008,spirits/cocktails,Patron,43.25,32.0,Nutty / Woody,High,global
Bourbon 1009,spirits/cocktails,Absolut,44.0,33.0,Sweet,Medium,global
Rye Whiskey 1010,spirits/cocktails,Smirnoff,44.75,34.0,Spicy,High,global
Gin 1011,spirits/cocktails,Moet & Chandon,45.5,35.0,Citrusy / Sour,High,global
Gin 1012,spirits/cocktails,La Marca,46.25,36.0,Herbal / Floral,Medium,global
Scotch 1013,spirits/cocktails,Barefoot,47.0,37.0,Smoky,High,global
Cognac 1014,wine,Robert Mondavi,47.75,38.0,Rich / Fruity,High,global
Vodka 1015,spirits/cocktails,Kim Crawford,48.5,39.0,Dry / Crisp,Medium,global
Aged Bourbon 1016,spirits/cocktails,Crown Royal,49.25,5.0,Nutty / Woody,High,global
Bourbon 1017,spirits/cocktails,Buffalo Trace,50.0,6.0,Sweet,High,global
Rye Whiskey 1018,spirits/cocktails,Bulleit,50.75,7.0,Spicy,Medium,global
Gin 1019,spirits/cocktails,Captain Morgan,51.5,8.0,Citrusy / Sour,High,global
Gin 1020,spirits/cocktails,Don Julio,52.25,9.0,Herbal / Floral,High,global
Scotch 1021,spirits/cocktails,Jameson,53.0,10.0,Smoky,Medium,global
Cognac 1022,wine,Jack Daniel's,53.75,11.0,Rich / Fruity,High,global
Vodka 1023,spirits/cocktails,Johnnie Walker,54.5,12.0,Dry / Crisp,High,global
Aged Bourbon 1024,spirits/cocktails,Glenfiddich,55.25,13.0,Nutty / Woody,Medium,global
Bourbon 1025,spirits/cocktails,Gordon's,56.0,14.0,Sweet,High,global
Rye Whiskey 1026,spirits/cocktails,Tanqueray,56.75,15.0,Spicy,High,global
Gin 1027,spirits/cocktails,Bacardi,57.5,16.0,Citrusy / Sour,Medium,global
Gin 1028,spirits/cocktails,Patron,58.25,17.0,Herbal / Floral,High,global
Scotch 1029,spirits/cocktails,Absolut,59.0,18.0,Smoky,High,global
Cognac 1030,wine,Smirnoff,59.75,19.0,Rich / Fruity,Medium,global
Vodka 1031,spirits/cocktails,Moet & Chandon,60.5,20.0,Dry / Crisp,High,global
Aged Bourbon 1032,spirits/cocktails,La Marca,61.25,21.0,Nutty / Woody,High,global
Bourbon 1033,spirits/cocktails,Barefoot,62.0,22.0,Sweet,Medium,global
Rye Whiskey 1034,spirits/cocktails,Robert Mondavi,62.75,23.0,Spicy,High,global
Gin 1035,spirits/cocktails,Kim Crawford,63.5,24.0,Citrusy / Sour,High,global
Gin 1036,spirits/cocktails,Crown Royal,64.25,25.0,Herbal / Floral,Medium,global
Scotch 1037,spirits/cocktails,Buffalo Trace,65.0,26.0,Smoky,High,global
Cognac 1038,wine,Bulleit,65.75,27.0,Rich / Fruity,High,global
Vodka 1039,spirits/cocktails,Captain Morgan,66.5,28.0,Dry / Crisp,Medium,global
Aged Bourbon 1040,spirits/cocktails,Don Julio,67.25,29.0,Nutty / Woody,High,global
Bourbon 1041,spirits/cocktails,Jameson,68.0,30.0,Sweet,High,global
Rye Whiskey 1042,spirits/cocktails,Jack Daniel's,68.75,31.0,Spicy,Medium,global
Gin 1043,spirits/cocktails,Johnnie Walker,69.5,32.0,Citrusy / Sour,High,global
Gin 1044,spirits/cocktails,Glenfiddich,70.25,33.0,Herbal / Floral,High,global
Scotch 1045,spirits/cocktails,Gordon's,71.0,34.0,Smoky,Medium,global
Cognac 1046,wine,Tanqueray,71.75,35.0,Rich / Fruity,High,global
Vodka 1047,spirits/cocktails,Bacardi,72.5,36.0,Dry / Crisp,High,global
Aged Bourbon 1048,spirits/cocktails,Patron,73.25,37.0,Nutty / Woody,Medium,global
Bourbon 1049,spirits/cocktails,Absolut,74.0,38.0,Sweet,High,global
Rye Whiskey 1050,spirits/cocktails,Smirnoff,74.75,39.0,Spicy,High,global
Gin 1051,spirits/cocktails,Moet & Chandon,75.5,5.0,Citrusy / Sour,Medium,global
Gin 1052,spirits/cocktails,La Marca,76.25,6.0,Herbal / Floral,High,global
Scotch 1053,spirits/cocktails,Barefoot,77.0,7.0,Smoky,High,global
Cognac 1054,wine,Robert Mondavi,77.75,8.0,Rich / Fruity,Medium,global
Vodka 1055,spirits/cocktails,Kim Crawford,78.5,9.0,Dry / Crisp,High,global
Aged Bourbon 1056,spirits/cocktails,Crown Royal,79.25,10.0,Nutty / Woody,High,global
Bourbon 1057,spirits/cocktails,Buffalo Trace,80.0,11.0,Sweet,Medium,global
Rye Whiskey 1058,spirits/cocktails,Bulleit,80.75,12.0,Spicy,High,global
Gin 1059,spirits/cocktails,Captain Morgan,81.5,13.0,Citrusy / Sour,High,global
Gin 1060,spirits/cocktails,Don Julio,82.25,14.0,Herbal / Floral,Medium,global
Scotch 1061,spirits/cocktails,Jameson,83.0,15.0,Smoky,High,global
Cognac 1062,wine,Jack Daniel's,83.75,16.0,Rich / Fruity,High,global
Vodka 1063,spirits/cocktails,Johnnie Walker,84.5,17.0,Dry / Crisp,Medium,global
Aged Bourbon 1064,spirits/cocktails,Glenfiddich,85.25,18.0,Nutty / Woody,High,global
Bourbon 1065,spirits/cocktails,Gordon's,86.0,19.0,Sweet,High,global
Rye Whiskey 1066,spirits/cocktails,Tanqueray,86.75,20.0,Spicy,Medium,global
Gin 1067,spirits/cocktails,Bacardi,87.5,21.0,Citrusy / Sour,High,global
Gin 1068,spirits/cocktails,Patron,88.25,22.0,Herbal / Floral,High,global
Scotch 1069,spirits/cocktails,Absolut,89.0,23.0,Smoky,Medium,global
Cognac 1070,wine,Smirnoff,89.75,24.0,Rich / Fruity,High,global
Vodka 1071,spirits/cocktails,Moet & Chandon,90.5,25.0,Dry / Crisp,High,global
Aged Bourbon 1072,spirits/cocktails,La Marca,91.25,26.0,Nutty / Woody,Medium,global
Bourbon 1073,spirits/cocktails,Barefoot,92.0,27.0,Sweet,High,global
Rye Whiskey 1074,spirits/cocktails,Robert Mondavi,92.75,28.0,Spicy,High,global
Gin 1075,spirits/cocktails,Kim Crawford,93.5,29.0,Citrusy / Sour,Medium,global
Gin 1076,spirits/cocktails,Crown Royal,94.25,30.0,Herbal / Floral,High,global
Scotch 1077,spirits/cocktails,Buffalo Trace,95.0,31.0,Smoky,High,global
Cognac 1078,wine,Bulleit,95.75,32.0,Rich / Fruity,Medium,global
Vodka 1079,spirits/cocktails,Captain Morgan,96.5,33.0,Dry / Crisp,High,global
Aged Bourbon 1080,spirits/cocktails,Don Julio,97.25,34.0,Nutty / Woody,High,global
Bourbon 1081,spirits/cocktails,Jameson,8.0,35.0,Sweet,Medium,global
Rye Whiskey 1082,spirits/cocktails,Jack Daniel's,8.75,36.0,Spicy,High,global
Gin 1083,spirits/cocktails,Johnnie Walker,9.5,37.0,Citrusy / Sour,High,global
Gin 1084,spirits/cocktails,Glenfiddich,10.25,38.0,Herbal / Floral,Medium,global
Scotch 1085,spirits/cocktails,Gordon's,11.0,39.0,Smoky,High,global
Cognac 1086,wine,Tanqueray,11.75,5.0,Rich / Fruity,High,global
Vodka 1087,spirits/cocktails,Bacardi,12.5,6.0,Dry / Crisp,Medium,global
Aged Bourbon 1088,spirits/cocktails,Patron,13.25,7.0,Nutty / Woody,High,global
Bourbon 1089,spirits/cocktails,Absolut,14.0,8.0,Sweet,High,global
Rye Whiskey 1090,spirits/cocktails,Smirnoff,14.75,9.0,Spicy,Medium,global
Gin 1091,spirits/cocktails,Moet & Chandon,15.5,10.0,Citrusy / Sour,High,global
Gin 1092,spirits/cocktails,La Marca,16.25,11.0,Herbal / Floral,High,global
Scotch 1093,spirits/cocktails,Barefoot,17.0,12.0,Smoky,Medium,global
Cognac 1094,wine,Robert Mondavi,17.75,13.0,Rich / Fruity,High,global
Vodka 1095,spirits/cocktails,Kim Crawford,18.5,14.0,Dry / Crisp,High,global
Aged Bourbon 1096,spirits/cocktails,Crown Royal,19.25,15.0,Nutty / Woody,Medium,global
Bourbon 1097,spirits/cocktails,Buffalo Trace,20.0,16.0,Sweet,High,global
Rye Whiskey 1098,spirits/cocktails,Bulleit,20.75,17.0,Spicy,High,global
Gin 1099,spirits/cocktails,Captain Morgan,21.5,18.0,Citrusy / Sour,Medium,global
Gin 1100,spirits/cocktails,Don Julio,22.25,19.0,Herbal / Floral,High,global
Scotch 1101,spirits/cocktails,Jameson,23.0,20.0,Smoky,High,global
Cognac 1102,wine,Jack Daniel's,23.75,21.0,Rich / Fruity,Medium,global
Vodka 1103,spirits/cocktails,Johnnie Walker,24.5,22.0,Dry / Crisp,High,global
Aged Bourbon 1104,spirits/cocktails,Glenfiddich,25.25,23.0,Nutty / Woody,High,global
Bourbon 1105,spirits/cocktails,Gordon's,26.0,24.0,Sweet,Medium,global
Rye Whiskey 1106,spirits/cocktails,Tanqueray,26.75,25.0,Spicy,High,global
Gin 1107,spirits/cocktails,Bacardi,27.5,26.0,Citrusy / Sour,High,global
Gin 1108,spirits/cocktails,Patron,28.25,27.0,Herbal / Floral,Medium,global
Scotch 1109,spirits/cocktails,Absolut,29.0,28.0,Smoky,High,global
Cognac 1110,wine,Smirnoff,29.75,29.0,Rich / Fruity,High,global
Vodka 1111,spirits/cocktails,Moet & Chandon,30.5,30.0,Dry / Crisp,Medium,global
Aged Bourbon 1112,spirits/cocktails,La Marca,31.25,31.0,Nutty / Woody,High,global
Bourbon 1113,spirits/cocktails,Barefoot,32.0,32.0,Sweet,High,global
Rye Whiskey 1114,spirits/cocktails,Robert Mondavi,32.75,33.0,Spicy,Medium,global
Gin 1115,spirits/cocktails,Kim Crawford,33.5,34.0,Citrusy / Sour,High,global
Gin 1116,spirits/cocktails,Crown Royal,34.25,35.0,Herbal / Floral,High,global
Scotch 1117,spirits/cocktails,Buffalo Trace,35.0,36.0,Smoky,Medium,global
Cognac 1118,wine,Bulleit,35.75,37.0,Rich / Fruity,High,global
Vodka 1119,spirits/cocktails,Captain Morgan,36.5,38.0,Dry / Crisp,High,global
Aged Bourbon 1120,spirits/cocktails,Don Julio,37.25,39.0,Nutty / Woody,Medium,global
Bourbon 1121,spirits/cocktails,Jameson,38.0,5.0,Sweet,High,global
Rye Whiskey 1122,spirits/cocktails,Jack Daniel's,38.75,6.0,Spicy,High,global
Gin 1123,spirits/cocktails,Johnnie Walker,39.5,7.0,Citrusy / Sour,Medium,global
Gin 1124,spirits/cocktails,Glenfiddich,40.25,8.0,Herbal / Floral,High,global
Scotch 1125,spirits/cocktails,Gordon's,41.0,9.0,Smoky,High,global
Cognac 1126,wine,Tanqueray,41.75,10.0,Rich / Fruity,Medium,global
Vodka 1127,spirits/cocktails,Bacardi,42.5,11.0,Dry / Crisp,High,global
Aged Bourbon 1128,spirits/cocktails,Patron,43.25,12.0,Nutty / Woody,High,global
Bourbon 1129,spirits/cocktails,Absolut,44.0,13.0,Sweet,Medium,global
Rye Whiskey 1130,spirits/cocktails,Smirnoff,44.75,14.0,Spicy,High,global
Gin 1131,spirits/cocktails,Moet & Chandon,45.5,15.0,Citrusy / Sour,High,global
Gin 1132,spirits/cocktails,La Marca,46.25,16.0,Herbal / Floral,Medium,global
Scotch 1133,spirits/cocktails,Barefoot,47.0,17.0,Smoky,High,global
Cognac 1134,wine,Robert Mondavi,47.75,18.0,Rich / Fruity,High,global
Vodka 1135,spirits/cocktails,Kim Crawford,48.5,19.0,Dry / Crisp,Medium,global
Aged Bourbon 1136,spirits/cocktails,Crown Royal,49.25,20.0,Nutty / Woody,High,global
Bourbon 1137,spirits/cocktails,Buffalo Trace,50.0,21.0,Sweet,High,global
Rye Whiskey 1138,spirits/cocktails,Bulleit,50.75,22.0,Spicy,Medium,global
Gin 1139,spirits/cocktails,Captain Morgan,51.5,23.0,Citrusy / Sour,High,global
Gin 1140,spirits/cocktails,Don Julio,52.25,24.0,Herbal / Floral,High,global
Scotch 1141,spirits/cocktails,Jameson,53.0,25.0,Smoky,Medium,global
Cognac 1142,wine,Jack Daniel's,53.75,26.0,Rich / Fruity,High,global
Vodka 1143,spirits/cocktails,Johnnie Walker,54.5,27.0,Dry / Crisp,High,global
Aged Bourbon 1144,spirits/cocktails,Glenfiddich,55.25,28.0,Nutty / Woody,Medium,global
Bourbon 1145,spirits/cocktails,Gordon's,56.0,29.0,Sweet,High,global
Rye Whiskey 1146,spirits/cocktails,Tanqueray,56.75,30.0,Spicy,High,global
Gin 1147,spirits/cocktails,Bacardi,57.5,31.0,Citrusy / Sour,Medium,global
Gin 1148,spirits/cocktails,Patron,58.25,32.0,Herbal / Floral,High,global
Scotch 1149,spirits/cocktails,Absolut,59.0,33.0,Smoky,High,global
Cognac 1150,wine,Smirnoff,59.75,34.0,Rich / Fruity,Medium,global
Vodka 1151,spirits/cocktails,Moet & Chandon,60.5,35.0,Dry / Crisp,High,global
Aged Bourbon 1152,spirits/cocktails,La Marca,61.25,36.0,Nutty / Woody,High,global
Bourbon 1153,spirits/cocktails,Barefoot,62.0,37.0,Sweet,Medium,global
Rye Whiskey 1154,spirits/cocktails,Robert Mondavi,62.75,38.0,Spicy,High,global
Gin 1155,spirits/cocktails,Kim Crawford,63.5,39.0,Citrusy / Sour,High,global
Gin 1156,spirits/cocktails,Crown Royal,64.25,5.0,Herbal / Floral,Medium,global
Scotch 1157,spirits/cocktails,Buffalo Trace,65.0,6.0,Smoky,High,global
Cognac 1158,wine,Bulleit,65.75,7.0,Rich / Fruity,High,global
Vodka 1159,spirits/cocktails,Captain Morgan,66.5,8.0,Dry / Crisp,Medium,global
Aged Bourbon 1160,spirits/cocktails,Don Julio,67.25,9.0,Nutty / Woody,High,global
Bourbon 1161,spirits/cocktails,Jameson,68.0,10.0,Sweet,High,global
Rye Whiskey 1162,spirits/cocktails,Jack Daniel's,68.75,11.0,Spicy,Medium,global
Gin 1163,spirits/cocktails,Johnnie Walker,69.5,12.0,Citrusy / Sour,High,global
Gin 1164,spirits/cocktails,Glenfiddich,70.25,13.0,Herbal / Floral,High,global
Scotch 1165,spirits/cocktails,Gordon's,71.0,14.0,Smoky,Medium,global
Cognac 1166,wine,Tanqueray,71.75,15.0,Rich / Fruity,High,global
Vodka 1167,spirits/cocktails,Bacardi,72.5,16.0,Dry / Crisp,High,global
Aged Bourbon 1168,spirits/cocktails,Patron,73.25,17.0,Nutty / Woody,Medium,global
Bourbon 1169,spirits/cocktails,Absolut,74.0,18.0,Sweet,High,global
Rye Whiskey 1170,spirits/cocktails,Smirnoff,74.75,19.0,Spicy,High,global
Gin 1171,spirits/cocktails,Moet & Chandon,75.5,20.0,Citrusy / Sour,Medium,global
Gin 1172,spirits/cocktails,La Marca,76.25,21.0,Herbal / Floral,High,global
Scotch 1173,spirits/cocktails,Barefoot,77.0,22.0,Smoky,High,global
Cognac 1174,wine,Robert Mondavi,77.75,23.0,Rich / Fruity,Medium,global
Vodka 1175,spirits/cocktails,Kim Crawford,78.5,24.0,Dry / Crisp,High,global
Aged Bourbon 1176,spirits/cocktails,Crown Royal,79.25,25.0,Nutty / Woody,High,global
Bourbon 1177,spirits/cocktails,Buffalo Trace,80.0,26.0,Sweet,Medium,global
Rye Whiskey 1178,spirits/cocktails,Bulleit,80.75,27.0,Spicy,High,global
Gin 1179,spirits/cocktails,Captain Morgan,81.5,28.0,Citrusy / Sour,High,global
Gin 1180,spirits/cocktails,Don Julio,82.25,29.0,Herbal / Floral,Medium,global
Scotch 1181,spirits/cocktails,Jameson,83.0,30.0,Smoky,High,global
Cognac 1182,wine,Jack Daniel's,83.75,31.0,Rich / Fruity,High,global
Vodka 1183,spirits/cocktails,Johnnie Walker,84.5,32.0,Dry / Crisp,Medium,global
Aged Bourbon 1184,spirits/cocktails,Glenfiddich,85.25,33.0,Nutty / Woody,High,global
Bourbon 1185,spirits/cocktails,Gordon's,86.0,34.0,Sweet,High,global
Rye Whiskey 1186,spirits/cocktails,Tanqueray,86.75,35.0,Spicy,Medium,global
Gin 1187,spirits/cocktails,Bacardi,87.5,36.0,Citrusy / Sour,High,global
Gin 1188,spirits/cocktails,Patron,88.25,37.0,Herbal / Floral,High,global
Scotch 1189,spirits/cocktails,Absolut,89.0,38.0,Smoky,Medium,global
Cognac 1190,wine,Smirnoff,89.75,39.0,Rich / Fruity,High,global
Vodka 1191,spirits/cocktails,Moet & Chandon,90.5,5.0,Dry / Crisp,High,global
Aged Bourbon 1192,spirits/cocktails,La Marca,91.25,6.0,Nutty / Woody,Medium,global
Bourbon 1193,spirits/cocktails,Barefoot,92.0,7.0,Sweet,High,global
Rye Whiskey 1194,spirits/cocktails,Robert Mondavi,92.75,8.0,Spicy,High,global
Gin 1195,spirits/cocktails,Kim Crawford,93.5,9.0,Citrusy / Sour,Medium,global
Gin 1196,spirits/cocktails,Crown Royal,94.25,10.0,Herbal / Floral,High,global
Scotch 1197,spirits/cocktails,Buffalo Trace,95.0,11.0,Smoky,High,global
Cognac 1198,wine,Bulleit,95.75,12.0,Rich / Fruity,Medium,global
Vodka 1199,spirits/cocktails,Captain Morgan,96.5,13.0,Dry / Crisp,High,global
Aged Bourbon 1200,spirits/cocktails,Don Julio,97.25,14.0,Nutty / Woody,High,global
Bourbon 1201,spirits/cocktails,Jameson,8.0,15.0,Sweet,Medium,global
Rye Whiskey 1202,spirits/cocktails,Jack Daniel's,8.75,16.0,Spicy,High,global
Gin 1203,spirits/cocktails,Johnnie Walker,9.5,17.0,Citrusy / Sour,High,global
Gin 1204,spirits/cocktails,Glenfiddich,10.25,18.0,Herbal / Floral,Medium,global
Scotch 1205,spirits/cocktails,Gordon's,11.0,19.0,Smoky,High,global
Cognac 1206,wine,Tanqueray,11.75,20.0,Rich / Fruity,High,global
Vodka 1207,spirits/cocktails,Bacardi,12.5,21.0,Dry / Crisp,Medium,global
Aged Bourbon 1208,spirits/cocktails,Patron,13.25,22.0,Nutty / Woody,High,global
Bourbon 1209,spirits/cocktails,Absolut,14.0,23.0,Sweet,High,global
Rye Whiskey 1210,spirits/cocktails,Smirnoff,14.75,24.0,Spicy,Medium,global
Gin 1211,spirits/cocktails,Moet & Chandon,15.5,25.0,Citrusy / Sour,High,global
Gin 1212,spirits/cocktails,La Marca,16.25,26.0,Herbal / Floral,High,global
Scotch 1213,spirits/cocktails,Barefoot,17.0,27.0,Smoky,Medium,global
Cognac 1214,wine,Robert Mondavi,17.75,28.0,Rich / Fruity,High,global
Vodka 1215,spirits/cocktails,Kim Crawford,18.5,29.0,Dry / Crisp,High,global
Aged Bourbon 1216,spirits/cocktails,Crown Royal,19.25,30.0,Nutty / Woody,Medium,global
Bourbon 1217,spirits/cocktails,Buffalo Trace,20.0,31.0,Sweet,High,global
Rye Whiskey 1218,spirits/cocktails,Bulleit,20.75,32.0,Spicy,High,global
Gin 1219,spirits/cocktails,Captain Morgan,21.5,33.0,Citrusy / Sour,Medium,global
Gin 1220,spirits/cocktails,Don Julio,22.25,34.0,Herbal / Floral,High,global
Scotch 1221,spirits/cocktails,Jameson,23.0,35.0,Smoky,High,global
Cognac 1222,wine,Jack Daniel's,23.75,36.0,Rich / Fruity,Medium,global
Vodka 1223,spirits/cocktails,Johnnie Walker,24.5,37.0,Dry / Crisp,High,global
Aged Bourbon 1224,spirits/cocktails,Glenfiddich,25.25,38.0,Nutty / Woody,High,global
Bourbon 1225,spirits/cocktails,Gordon's,26.0,39.0,Sweet,Medium,global
Rye Whiskey 1226,spirits/cocktails,Tanqueray,26.75,5.0,Spicy,High,global
Gin 1227,spirits/cocktails,Bacardi,27.5,6.0,Citrusy / Sour,High,global
Gin 1228,spirits/cocktails,Patron,28.25,7.0,Herbal / Floral,Medium,global
Scotch 1229,spirits/cocktails,Absolut,29.0,8.0,Smoky,High,global
Cognac 1230,wine,Smirnoff,29.75,9.0,Rich / Fruity,High,global
Vodka 1231,spirits/cocktails,Moet & Chandon,30.5,10.0,Dry / Crisp,Medium,global
Aged Bourbon 1232,spirits/cocktails,La Marca,31.25,11.0,Nutty / Woody,High,global
Bourbon 1233,spirits/cocktails,Barefoot,32.0,12.0,Sweet,High,global
Rye Whiskey 1234,spirits/cocktails,Robert Mondavi,32.75,13.0,Spicy,Medium,global
Gin 1235,spirits/cocktails,Kim Crawford,33.5,14.0,Citrusy / Sour,High,global
Gin 1236,spirits/cocktails,Crown Royal,34.25,15.0,Herbal / Floral,High,global
Scotch 1237,spirits/cocktails,Buffalo Trace,35.0,16.0,Smoky,Medium,global
Cognac 1238,wine,Bulleit,35.75,17.0,Rich / Fruity,High,global
Vodka 1239,spirits/cocktails,Captain Morgan,36.5,18.0,Dry / Crisp,High,global
Aged Bourbon 1240,spirits/cocktails,Don Julio,37.25,19.0,Nutty / Woody,Medium,global
Bourbon 1241,spirits/cocktails,Jameson,38.0,20.0,Sweet,High,global
Rye Whiskey 1242,spirits/cocktails,Jack Daniel's,38.75,21.0,Spicy,High,global
Gin 1243,spirits/cocktails,Johnnie Walker,39.5,22.0,Citrusy / Sour,Medium,global
Gin 1244,spirits/cocktails,Glenfiddich,40.25,23.0,Herbal / Floral,High,global
Scotch 1245,spirits/cocktails,Gordon's,41.0,24.0,Smoky,High,global
Cognac 1246,wine,Tanqueray,41.75,25.0,Rich / Fruity,Medium,global
Vodka 1247,spirits/cocktails,Bacardi,42.5,26.0,Dry / Crisp,High,global
Aged Bourbon 1248,spirits/cocktails,Patron,43.25,27.0,Nutty / Woody,High,global
Bourbon 1249,spirits/cocktails,Absolut,44.0,28.0,Sweet,Medium,global
Rye Whiskey 1250,spirits/cocktails,Smirnoff,44.75,29.0,Spicy,High,global
Gin 1251,spirits/cocktails,Moet & Chandon,45.5,30.0,Citrusy / Sour,High,global
Gin 1252,spirits/cocktails,La Marca,46.25,31.0,Herbal / Floral,Medium,global
Scotch 1253,spirits/cocktails,Barefoot,47.0,32.0,Smoky,High,global
Cognac 1254,wine,Robert Mondavi,47.75,33.0,Rich / Fruity,High,global
Vodka 1255,spirits/cocktails,Kim Crawford,48.5,34.0,Dry / Crisp,Medium,global
Aged Bourbon 1256,spirits/cocktails,Crown Royal,49.25,35.0,Nutty / Woody,High,global
Bourbon 1257,spirits/cocktails,Buffalo Trace,50.0,36.0,Sweet,High,global
Rye Whiskey 1258,spirits/cocktails,Bulleit,50.75,37.0,Spicy,Medium,global
Gin 1259,spirits/cocktails,Captain Morgan,51.5,38.0,Citrusy / Sour,High,global
Gin 1260,spirits/cocktails,Don Julio,52.25,39.0,Herbal / Floral,High,global
Scotch 1261,spirits/cocktails,Jameson,53.0,5.0,Smoky,Medium,global
Cognac 1262,wine,Jack Daniel's,53.75,6.0,Rich / Fruity,High,global
Vodka 1263,spirits/cocktails,Johnnie Walker,54.5,7.0,Dry / Crisp,High,global
Aged Bourbon 1264,spirits/cocktails,Glenfiddich,55.25,8.0,Nutty / Woody,Medium,global
Bourbon 1265,spirits/cocktails,Gordon's,56.0,9.0,Sweet,High,global
Rye Whiskey 1266,spirits/cocktails,Tanqueray,56.75,10.0,Spicy,High,global
Gin 1267,spirits/cocktails,Bacardi,57.5,11.0,Citrusy / Sour,Medium,global
Gin 1268,spirits/cocktails,Patron,58.25,12.0,Herbal / Floral,High,global
Scotch 1269,spirits/cocktails,Absolut,59.0,13.0,Smoky,High,global
Cognac 1270,wine,Smirnoff,59.75,14.0,Rich / Fruity,Medium,global
Vodka 1271,spirits/cocktails,Moet & Chandon,60.5,15.0,Dry / Crisp,High,global
Aged Bourbon 1272,spirits/cocktails,La Marca,61.25,16.0,Nutty / Woody,High,global
Bourbon 1273,spirits/cocktails,Barefoot,62.0,17.0,Sweet,Medium,global
Rye Whiskey 1274,spirits/cocktails,Robert Mondavi,62.75,18.0,Spicy,High,global
Gin 1275,spirits/cocktails,Kim Crawford,63.5,19.0,Citrusy / Sour,High,global
Gin 1276,spirits/cocktails,Crown Royal,64.25,20.0,Herbal / Floral,Medium,global
Scotch 1277,spirits/cocktails,Buffalo Trace,65.0,21.0,Smoky,High,global
Cognac 1278,wine,Bulleit,65.75,22.0,Rich / Fruity,High,global
Vodka 1279,spirits/cocktails,Captain Morgan,66.5,23.0,Dry / Crisp,Medium,global
Aged Bourbon 1280,spirits/cocktails,Don Julio,67.25,24.0,Nutty / Woody,High,global
Bourbon 1281,spirits/cocktails,Jameson,68.0,25.0,Sweet,High,global
Rye Whiskey 1282,spirits/cocktails,Jack Daniel's,68.75,26.0,Spicy,Medium,global
Gin 1283,spirits/cocktails,Johnnie Walker,69.5,27.0,Citrusy / Sour,High,global
Gin 1284,spirits/cocktails,Glenfiddich,70.25,28.0,Herbal / Floral,High,global
Scotch 1285,spirits/cocktails,Gordon's,71.0,29.0,Smoky,Medium,global
Cognac 1286,wine,Tanqueray,71.75,30.0,Rich / Fruity,High,global
Vodka 1287,spirits/cocktails,Bacardi,72.5,31.0,Dry / Crisp,High,global
Aged Bourbon 1288,spirits/cocktails,Patron,73.25,32.0,Nutty / Woody,Medium,global
Bourbon 1289,spirits/cocktails,Absolut,74.0,33.0,Sweet,High,global
Rye Whiskey 1290,spirits/cocktails,Smirnoff,74.75,34.0,Spicy,High,global
Gin 1291,spirits/cocktails,Moet & Chandon,75.5,35.0,Citrusy / Sour,Medium,global
Gin 1292,spirits/cocktails,La Marca,76.25,36.0,Herbal / Floral,High,global
Scotch 1293,spirits/cocktails,Barefoot,77.0,37.0,Smoky,High,global
Cognac 1294,wine,Robert Mondavi,77.75,38.0,Rich / Fruity,Medium,global
Vodka 1295,spirits/cocktails,Kim Crawford,78.5,39.0,Dry / Crisp,High,global
Aged Bourbon 1296,spirits/cocktails,Crown Royal,79.25,5.0,Nutty / Woody,High,global
Bourbon 1297,spirits/cocktails,Buffalo Trace,80.0,6.0,Sweet,Medium,global
Rye Whiskey 1298,spirits/cocktails,Bulleit,80.75,7.0,Spicy,High,global
Gin 1299,spirits/cocktails,Captain Morgan,81.5,8.0,Citrusy / Sour,High,global
Gin 1300,spirits/cocktails,Don Julio,82.25,9.0,Herbal / Floral,Medium,global
Scotch 1301,spirits/cocktails,Jameson,83.0,10.0,Smoky,High,global
Cognac 1302,wine,Jack Daniel's,83.75,11.0,Rich / Fruity,High,global
Vodka 1303,spirits/cocktails,Johnnie Walker,84.5,12.0,Dry / Crisp,Medium,global
Aged Bourbon 1304,spirits/cocktails,Glenfiddich,85.25,13.0,Nutty / Woody,High,global
Bourbon 1305,spirits/cocktails,Gordon's,86.0,14.0,Sweet,High,global
Rye Whiskey 1306,spirits/cocktails,Tanqueray,86.75,15.0,Spicy,Medium,global
Gin 1307,spirits/cocktails,Bacardi,87.5,16.0,Citrusy / Sour,High,global
Gin 1308,spirits/cocktails,Patron,88.25,17.0,Herbal / Floral,High,global
Scotch 1309,spirits/cocktails,Absolut,89.0,18.0,Smoky,Medium,global
Cognac 1310,wine,Smirnoff,89.75,19.0,Rich / Fruity,High,global
Vodka 1311,spirits/cocktails,Moet & Chandon,90.5,20.0,Dry / Crisp,High,global
Aged Bourbon 1312,spirits/cocktails,La Marca,91.25,21.0,Nutty / Woody,Medium,global
Bourbon 1313,spirits/cocktails,Barefoot,92.0,22.0,Sweet,High,global
Rye Whiskey 1314,spirits/cocktails,Robert Mondavi,92.75,23.0,Spicy,High,global
Gin 1315,spirits/cocktails,Kim Crawford,93.5,24.0,Citrusy / Sour,Medium,global
Gin 1316,spirits/cocktails,Crown Royal,94.25,25.0,Herbal / Floral,High,global
Scotch 1317,spirits/cocktails,Buffalo Trace,95.0,26.0,Smoky,High,global
Cognac 1318,wine,Bulleit,95.75,27.0,Rich / Fruity,Medium,global
Vodka 1319,spirits/cocktails,Captain Morgan,96.5,28.0,Dry / Crisp,High,global
Aged Bourbon 1320,spirits/cocktails,Don Julio,97.25,29.0,Nutty / Woody,High,global
Bourbon 1321,spirits/cocktails,Jameson,8.0,30.0,Sweet,Medium,global
Rye Whiskey 1322,spirits/cocktails,Jack Daniel's,8.75,31.0,Spicy,High,global
Gin 1323,spirits/cocktails,Johnnie Walker,9.5,32.0,Citrusy / Sour,High,global
Gin 1324,spirits/cocktails,Glenfiddich,10.25,33.0,Herbal / Floral,Medium,global
Scotch 1325,spirits/cocktails,Gordon's,11.0,34.0,Smoky,High,global
Cognac 1326,wine,Tanqueray,11.75,35.0,Rich / Fruity,High,global
Vodka 1327,spirits/cocktails,Bacardi,12.5,36.0,Dry / Crisp,Medium,global
Aged Bourbon 1328,spirits/cocktails,Patron,13.25,37.0,Nutty / Woody,High,global
Bourbon 1329,spirits/cocktails,Absolut,14.0,38.0,Sweet,High,global
Rye Whiskey 1330,spirits/cocktails,Smirnoff,14.75,39.0,Spicy,Medium,global
Gin 1331,spirits/cocktails,Moet & Chandon,15.5,5.0,Citrusy / Sour,High,global
Gin 1332,spirits/cocktails,La Marca,16.25,6.0,Herbal / Floral,High,global
Scotch 1333,spirits/cocktails,Barefoot,17.0,7.0,Smoky,Medium,global
Cognac 1334,wine,Robert Mondavi,17.75,8.0,Rich / Fruity,High,global
Vodka 1335,spirits/cocktails,Kim Crawford,18.5,9.0,Dry / Crisp,High,global
Aged Bourbon 1336,spirits/cocktails,Crown Royal,19.25,10.0,Nutty / Woody,Medium,global
Bourbon 1337,spirits/cocktails,Buffalo Trace,20.0,11.0,Sweet,High,global
Rye Whiskey 1338,spirits/cocktails,Bulleit,20.75,12.0,Spicy,High,global
Gin 1339,spirits/cocktails,Captain Morgan,21.5,13.0,Citrusy / Sour,Medium,global
Gin 1340,spirits/cocktails,Don Julio,22.25,14.0,Herbal / Floral,High,global
Scotch 1341,spirits/cocktails,Jameson,23.0,15.0,Smoky,High,global
Cognac 1342,wine,Jack Daniel's,23.75,16.0,Rich / Fruity,Medium,global
Vodka 1343,spirits/cocktails,Johnnie Walker,24.5,17.0,Dry / Crisp,High,global
Aged Bourbon 1344,spirits/cocktails,Glenfiddich,25.25,18.0,Nutty / Woody,High,global
Bourbon 1345,spirits/cocktails,Gordon's,26.0,19.0,Sweet,Medium,global
Rye Whiskey 1346,spirits/cocktails,Tanqueray,26.75,20.0,Spicy,High,global
Gin 1347,spirits/cocktails,Bacardi,27.5,21.0,Citrusy / Sour,High,global
Gin 1348,spirits/cocktails,Patron,28.25,22.0,Herbal / Floral,Medium,global
Scotch 1349,spirits/cocktails,Absolut,29.0,23.0,Smoky,High,global
Cognac 1350,wine,Smirnoff,29.75,24.0,Rich / Fruity,High,global
Vodka 1351,spirits/cocktails,Moet & Chandon,30.5,25.0,Dry / Crisp,Medium,global
Aged Bourbon 1352,spirits/cocktails,La Marca,31.25,26.0,Nutty / Woody,High,global
Bourbon 1353,spirits/cocktails,Barefoot,32.0,27.0,Sweet,High,global
Rye Whiskey 1354,spirits/cocktails,Robert Mondavi,32.75,28.0,Spicy,Medium,global
Gin 1355,spirits/cocktails,Kim Crawford,33.5,29.0,Citrusy / Sour,High,global
Gin 1356,spirits/cocktails,Crown Royal,34.25,30.0,Herbal / Floral,High,global
Scotch 1357,spirits/cocktails,Buffalo Trace,35.0,31.0,Smoky,Medium,global
Cognac 1358,wine,Bulleit,35.75,32.0,Rich / Fruity,High,global
Vodka 1359,spirits/cocktails,Captain Morgan,36.5,33.0,Dry / Crisp,High,global
Aged Bourbon 1360,spirits/cocktails,Don Julio,37.25,34.0,Nutty / Woody,Medium,global
Bourbon 1361,spirits/cocktails,Jameson,38.0,35.0,Sweet,High,global
Rye Whiskey 1362,spirits/cocktails,Jack Daniel's,38.75,36.0,Spicy,High,global
Gin 1363,spirits/cocktails,Johnnie Walker,39.5,37.0,Citrusy / Sour,Medium,global
Gin 1364,spirits/cocktails,Glenfiddich,40.25,38.0,Herbal / Floral,High,global
Scotch 1365,spirits/cocktails,Gordon's,41.0,39.0,Smoky,High,global
Cognac 1366,wine,Tanqueray,41.75,5.0,Rich / Fruity,Medium,global
Vodka 1367,spirits/cocktails,Bacardi,42.5,6.0,Dry / Crisp,High,global
Aged Bourbon 1368,spirits/cocktails,Patron,43.25,7.0,Nutty / Woody,High,global
Bourbon 1369,spirits/cocktails,Absolut,44.0,8.0,Sweet,Medium,global
Rye Whiskey 1370,spirits/cocktails,Smirnoff,44.75,9.0,Spicy,High,global
Gin 1371,spirits/cocktails,Moet & Chandon,45.5,10.0,Citrusy / Sour,High,global
Gin 1372,spirits/cocktails,La Marca,46.25,11.0,Herbal / Floral,Medium,global
Scotch 1373,spirits/cocktails,Barefoot,47.0,12.0,Smoky,High,global
Cognac 1374,wine,Robert Mondavi,47.75,13.0,Rich / Fruity,High,global
Vodka 1375,spirits/cocktails,Kim Crawford,48.5,14.0,Dry / Crisp,Medium,global
Aged Bourbon 1376,spirits/cocktails,Crown Royal,49.25,15.0,Nutty / Woody,High,global
Bourbon 1377,spirits/cocktails,Buffalo Trace,50.0,16.0,Sweet,High,global
Rye Whiskey 1378,spirits/cocktails,Bulleit,50.75,17.0,Spicy,Medium,global
Gin 1379,spirits/cocktails,Captain Morgan,51.5,18.0,Citrusy / Sour,High,global
Gin 1380,spirits/cocktails,Don Julio,52.25,19.0,Herbal / Floral,High,global
Scotch 1381,spirits/cocktails,Jameson,53.0,20.0,Smoky,Medium,global
Cognac 1382,wine,Jack Daniel's,53.75,21.0,Rich / Fruity,High,global
Vodka 1383,spirits/cocktails,Johnnie Walker,54.5,22.0,Dry / Crisp,High,global
Aged Bourbon 1384,spirits/cocktails,Glenfiddich,55.25,23.0,Nutty / Woody,Medium,global
Bourbon 1385,spirits/cocktails,Gordon's,56.0,24.0,Sweet,High,global
Rye Whiskey 1386,spirits/cocktails,Tanqueray,56.75,25.0,Spicy,High,global
Gin 1387,spirits/cocktails,Bacardi,57.5,26.0,Citrusy / Sour,Medium,global
Gin 1388,spirits/cocktails,Patron,58.25,27.0,Herbal / Floral,High,global
Scotch 1389,spirits/cocktails,Absolut,59.0,28.0,Smoky,High,global
Cognac 1390,wine,Smirnoff,59.75,29.0,Rich / Fruity,Medium,global
Vodka 1391,spirits/cocktails,Moet & Chandon,60.5,30.0,Dry / Crisp,High,global
Aged Bourbon 1392,spirits/cocktails,La Marca,61.25,31.0,Nutty / Woody,High,global
Bourbon 1393,spirits/cocktails,Barefoot,62.0,32.0,Sweet,Medium,global
Rye Whiskey 1394,spirits/cocktails,Robert Mondavi,62.75,33.0,Spicy,High,global
Gin 1395,spirits/cocktails,Kim Crawford,63.5,34.0,Citrusy / Sour,High,global
Gin 1396,spirits/cocktails,Crown Royal,64.25,35.0,Herbal / Floral,Medium,global
Scotch 1397,spirits/cocktails,Buffalo Trace,65.0,36.0,Smoky,High,global
Cognac 1398,wine,Bulleit,65.75,37.0,Rich / Fruity,High,global
Vodka 1399,spirits/cocktails,Captain Morgan,66.5,38.0,Dry / Crisp,Medium,global
Aged Bourbon 1400,spirits/cocktails,Don Julio,67.25,39.0,Nutty / Woody,High,global
Bourbon 1401,spirits/cocktails,Jameson,68.0,5.0,Sweet,High,global
Rye Whiskey 1402,spirits/cocktails,Jack Daniel's,68.75,6.0,Spicy,Medium,global
Gin 1403,spirits/cocktails,Johnnie Walker,69.5,7.0,Citrusy / Sour,High,global
Gin 1404,spirits/cocktails,Glenfiddich,70.25,8.0,Herbal / Floral,High,global
Scotch 1405,spirits/cocktails,Gordon's,71.0,9.0,Smoky,Medium,global
Cognac 1406,wine,Tanqueray,71.75,10.0,Rich / Fruity,High,global
Vodka 1407,spirits/cocktails,Bacardi,72.5,11.0,Dry / Crisp,High,global
Aged Bourbon 1408,spirits/cocktails,Patron,73.25,12.0,Nutty / Woody,Medium,global
Bourbon 1409,spirits/cocktails,Absolut,74.0,13.0,Sweet,High,global
Rye Whiskey 1410,spirits/cocktails,Smirnoff,74.75,14.0,Spicy,High,global
Gin 1411,spirits/cocktails,Moet & Chandon,75.5,15.0,Citrusy / Sour,Medium,global
Gin 1412,spirits/cocktails,La Marca,76.25,16.0,Herbal / Floral,High,global
Scotch 1413,spirits/cocktails,Barefoot,77.0,17.0,Smoky,High,global
Cognac 1414,wine,Robert Mondavi,77.75,18.0,Rich / Fruity,Medium,global
Vodka 1415,spirits/cocktails,Kim Crawford,78.5,19.0,Dry / Crisp,High,global
Aged Bourbon 1416,spirits/cocktails,Crown Royal,79.25,20.0,Nutty / Woody,High,global
Bourbon 1417,spirits/cocktails,Buffalo Trace,80.0,21.0,Sweet,Medium,global
Rye Whiskey 1418,spirits/cocktails,Bulleit,80.75,22.0,Spicy,High,global
Gin 1419,spirits/cocktails,Captain Morgan,81.5,23.0,Citrusy / Sour,High,global
Gin 1420,spirits/cocktails,Don Julio,82.25,24.0,Herbal / Floral,Medium,global
Scotch 1421,spirits/cocktails,Jameson,83.0,25.0,Smoky,High,global
Cognac 1422,wine,Jack Daniel's,83.75,26.0,Rich / Fruity,High,global
Vodka 1423,spirits/cocktails,Johnnie Walker,84.5,27.0,Dry / Crisp,Medium,global
Aged Bourbon 1424,spirits/cocktails,Glenfiddich,85.25,28.0,Nutty / Woody,High,global
Bourbon 1425,spirits/cocktails,Gordon's,86.0,29.0,Sweet,High,global
Rye Whiskey 1426,spirits/cocktails,Tanqueray,86.75,30.0,Spicy,Medium,global
Gin 1427,spirits/cocktails,Bacardi,87.5,31.0,Citrusy / Sour,High,global
Gin 1428,spirits/cocktails,Patron,88.25,32.0,Herbal / Floral,High,global
Scotch 1429,spirits/cocktails,Absolut,89.0,33.0,Smoky,Medium,global
Cognac 1430,wine,Smirnoff,89.75,34.0,Rich / Fruity,High,global
Vodka 1431,spirits/cocktails,Moet & Chandon,90.5,35.0,Dry / Crisp,High,global
Aged Bourbon 1432,spirits/cocktails,La Marca,91.25,36.0,Nutty / Woody,Medium,global
Bourbon 1433,spirits/cocktails,Barefoot,92.0,37.0,Sweet,High,global
Rye Whiskey 1434,spirits/cocktails,Robert Mondavi,92.75,38.0,Spicy,High,global
Gin 1435,spirits/cocktails,Kim Crawford,93.5,39.0,Citrusy / Sour,Medium,global
Gin 1436,spirits/cocktails,Crown Royal,94.25,5.0,Herbal / Floral,High,global
Scotch 1437,spirits/cocktails,Buffalo Trace,95.0,6.0,Smoky,High,global
Cognac 1438,wine,Bulleit,95.75,7.0,Rich / Fruity,Medium,global
Vodka 1439,spirits/cocktails,Captain Morgan,96.5,8.0,Dry / Crisp,High,global
Aged Bourbon 1440,spirits/cocktails,Don Julio,97.25,9.0,Nutty / Woody,High,global
Bourbon 1441,spirits/cocktails,Jameson,8.0,10.0,Sweet,Medium,global
Rye Whiskey 1442,spirits/cocktails,Jack Daniel's,8.75,11.0,Spicy,High,global
Gin 1443,spirits/cocktails,Johnnie Walker,9.5,12.0,Citrusy / Sour,High,global
Gin 1444,spirits/cocktails,Glenfiddich,10.25,13.0,Herbal / Floral,Medium,global
Scotch 1445,spirits/cocktails,Gordon's,11.0,14.0,Smoky,High,global
Cognac 1446,wine,Tanqueray,11.75,15.0,Rich / Fruity,High,global
Vodka 1447,spirits/cocktails,Bacardi,12.5,16.0,Dry / Crisp,Medium,global
Aged Bourbon 1448,spirits/cocktails,Patron,13.25,17.0,Nutty / Woody,High,global
Bourbon 1449,spirits/cocktails,Absolut,14.0,18.0,Sweet,High,global
Rye Whiskey 1450,spirits/cocktails,Smirnoff,14.75,19.0,Spicy,Medium,global
Gin 1451,spirits/cocktails,Moet & Chandon,15.5,20.0,Citrusy / Sour,High,global
Gin 1452,spirits/cocktails,La Marca,16.25,21.0,Herbal / Floral,High,global
Scotch 1453,spirits/cocktails,Barefoot,17.0,22.0,Smoky,Medium,global
Cognac 1454,wine,Robert Mondavi,17.75,23.0,Rich / Fruity,High,global
Vodka 1455,spirits/cocktails,Kim Crawford,18.5,24.0,Dry / Crisp,High,global
Aged Bourbon 1456,spirits/cocktails,Crown Royal,19.25,25.0,Nutty / Woody,Medium,global
Bourbon 1457,spirits/cocktails,Buffalo Trace,20.0,26.0,Sweet,High,global
Rye Whiskey 1458,spirits/cocktails,Bulleit,20.75,27.0,Spicy,High,global
Gin 1459,spirits/cocktails,Captain Morgan,21.5,28.0,Citrusy / Sour,Medium,global
Gin 1460,spirits/cocktails,Don Julio,22.25,29.0,Herbal / Floral,High,global
Scotch 1461,spirits/cocktails,Jameson,23.0,30.0,Smoky,High,global
Cognac 1462,wine,Jack Daniel's,23.75,31.0,Rich / Fruity,Medium,global
Vodka 1463,spirits/cocktails,Johnnie Walker,24.5,32.0,Dry / Crisp,High,global
Aged Bourbon 1464,spirits/cocktails,Glenfiddich,25.25,33.0,Nutty / Woody,High,global
Bourbon 1465,spirits/cocktails,Gordon's,26.0,34.0,Sweet,Medium,global
Rye Whiskey 1466,spirits/cocktails,Tanqueray,26.75,35.0,Spicy,High,global
Gin 1467,spirits/cocktails,Bacardi,27.5,36.0,Citrusy / Sour,High,global
Gin 1468,spirits/cocktails,Patron,28.25,37.0,Herbal / Floral,Medium,global
Scotch 1469,spirits/cocktails,Absolut,29.0,38.0,Smoky,High,global
Cognac 1470,wine,Smirnoff,29.75,39.0,Rich / Fruity,High,global
Vodka 1471,spirits/cocktails,Moet & Chandon,30.5,5.0,Dry / Crisp,Medium,global
Aged Bourbon 1472,spirits/cocktails,La Marca,31.25,6.0,Nutty / Woody,High,global
Bourbon 1473,spirits/cocktails,Barefoot,32.0,7.0,Sweet,High,global
Rye Whiskey 1474,spirits/cocktails,Robert Mondavi,32.75,8.0,Spicy,Medium,global
Gin 1475,spirits/cocktails,Kim Crawford,33.5,9.0,Citrusy / Sour,High,global
Gin 1476,spirits/cocktails,Crown Royal,34.25,10.0,Herbal / Floral,High,global
Scotch 1477,spirits/cocktails,Buffalo Trace,35.0,11.0,Smoky,Medium,global
Cognac 1478,wine,Bulleit,35.75,12.0,Rich / Fruity,High,global
Vodka 1479,spirits/cocktails,Captain Morgan,36.5,13.0,Dry / Crisp,High,global
Aged Bourbon 1480,spirits/cocktails,Don Julio,37.25,14.0,Nutty / Woody,Medium,global
Bourbon 1481,spirits/cocktails,Jameson,38.0,15.0,Sweet,High,global
Rye Whiskey 1482,spirits/cocktails,Jack Daniel's,38.75,16.0,Spicy,High,global
Gin 1483,spirits/cocktails,Johnnie Walker,39.5,17.0,Citrusy / Sour,Medium,global
Gin 1484,spirits/cocktails,Glenfiddich,40.25,18.0,Herbal / Floral,High,global
Scotch 1485,spirits/cocktails,Gordon's,41.0,19.0,Smoky,High,global
Cognac 1486,wine,Tanqueray,41.75,20.0,Rich / Fruity,Medium,global
Vodka 1487,spirits/cocktails,Bacardi,42.5,21.0,Dry / Crisp,High,global
Aged Bourbon 1488,spirits/cocktails,Patron,43.25,22.0,Nutty / Woody,High,global
Bourbon 1489,spirits/cocktails,Absolut,44.0,23.0,Sweet,Medium,global
Rye Whiskey 1490,spirits/cocktails,Smirnoff,44.75,24.0,Spicy,High,global
Gin 1491,spirits/cocktails,Moet & Chandon,45.5,25.0,Citrusy / Sour,High,global
Gin 1492,spirits/cocktails,La Marca,46.25,26.0,Herbal / Floral,Medium,global
Scotch 1493,spirits/cocktails,Barefoot,47.0,27.0,Smoky,High,global
Cognac 1494,wine,Robert Mondavi,47.75,28.0,Rich / Fruity,High,global
Vodka 1495,spirits/cocktails,Kim Crawford,48.5,29.0,Dry / Crisp,Medium,global
Aged Bourbon 1496,spirits/cocktails,Crown Royal,49.25,30.0,Nutty / Woody,High,global
Bourbon 1497,spirits/cocktails,Buffalo Trace,50.0,31.0,Sweet,High,global
Rye Whiskey 1498,spirits/cocktails,Bulleit,50.75,32.0,Spicy,Medium,global
Gin 1499,spirits/cocktails,Captain Morgan,51.5,33.0,Citrusy / Sour,High,global
Gin 1500,spirits/cocktails,Don Julio,52.25,34.0,Herbal / Floral,High,global
Scotch 1501,spirits/cocktails,Jameson,53.0,35.0,Smoky,Medium,global
Cognac 1502,wine,Jack Daniel's,53.75,36.0,Rich / Fruity,High,global
Vodka 1503,spirits/cocktails,Johnnie Walker,54.5,37.0,Dry / Crisp,High,global
Aged Bourbon 1504,spirits/cocktails,Glenfiddich,55.25,38.0,Nutty / Woody,Medium,global
Bourbon 1505,spirits/cocktails,Gordon's,56.0,39.0,Sweet,High,global
Rye Whiskey 1506,spirits/cocktails,Tanqueray,56.75,5.0,Spicy,High,global
Gin 1507,spirits/cocktails,Bacardi,57.5,6.0,Citrusy / Sour,Medium,global
Gin 1508,spirits/cocktails,Patron,58.25,7.0,Herbal / Floral,High,global
Scotch 1509,spirits/cocktails,Absolut,59.0,8.0,Smoky,High,global
Cognac 1510,wine,Smirnoff,59.75,9.0,Rich / Fruity,Medium,global
Vodka 1511,spirits/cocktails,Moet & Chandon,60.5,10.0,Dry / Crisp,High,global
Aged Bourbon 1512,spirits/cocktails,La Marca,61.25,11.0,Nutty / Woody,High,global
Bourbon 1513,spirits/cocktails,Barefoot,62.0,12.0,Sweet,Medium,global
Rye Whiskey 1514,spirits/cocktails,Robert Mondavi,62.75,13.0,Spicy,High,global
Gin 1515,spirits/cocktails,Kim Crawford,63.5,14.0,Citrusy / Sour,High,global
Gin 1516,spirits/cocktails,Crown Royal,64.25,15.0,Herbal / Floral,Medium,global
Scotch 1517,spirits/cocktails,Buffalo Trace,65.0,16.0,Smoky,High,global
Cognac 1518,wine,Bulleit,65.75,17.0,Rich / Fruity,High,global
Vodka 1519,spirits/cocktails,Captain Morgan,66.5,18.0,Dry / Crisp,Medium,global
Aged Bourbon 1520,spirits/cocktails,Don Julio,67.25,19.0,Nutty / Woody,High,global
Bourbon 1521,spirits/cocktails,Jameson,68.0,20.0,Sweet,High,global
Rye Whiskey 1522,spirits/cocktails,Jack Daniel's,68.75,21.0,Spicy,Medium,global
Gin 1523,spirits/cocktails,Johnnie Walker,69.5,22.0,Citrusy / Sour,High,global
Gin 1524,spirits/cocktails,Glenfiddich,70.25,23.0,Herbal / Floral,High,global
Scotch 1525,spirits/cocktails,Gordon's,71.0,24.0,Smoky,Medium,global
Cognac 1526,wine,Tanqueray,71.75,25.0,Rich / Fruity,High,global
Vodka 1527,spirits/cocktails,Bacardi,72.5,26.0,Dry / Crisp,High,global
Aged Bourbon 1528,spirits/cocktails,Patron,73.25,27.0,Nutty / Woody,Medium,global
Bourbon 1529,spirits/cocktails,Absolut,74.0,28.0,Sweet,High,global
Rye Whiskey 1530,spirits/cocktails,Smirnoff,74.75,29.0,Spicy,High,global
Gin 1531,spirits/cocktails,Moet & Chandon,75.5,30.0,Citrusy / Sour,Medium,global
Gin 1532,spirits/cocktails,La Marca,76.25,31.0,Herbal / Floral,High,global
Scotch 1533,spirits/cocktails,Barefoot,77.0,32.0,Smoky,High,global
Cognac 1534,wine,Robert Mondavi,77.75,33.0,Rich / Fruity,Medium,global
Vodka 1535,spirits/cocktails,Kim Crawford,78.5,34.0,Dry / Crisp,High,global
Aged Bourbon 1536,spirits/cocktails,Crown Royal,79.25,35.0,Nutty / Woody,High,global
Bourbon 1537,spirits/cocktails,Buffalo Trace,80.0,36.0,Sweet,Medium,global
Rye Whiskey 1538,spirits/cocktails,Bulleit,80.75,37.0,Spicy,High,global
Gin 1539,spirits/cocktails,Captain Morgan,81.5,38.0,Citrusy / Sour,High,global
Gin 1540,spirits/cocktails,Don Julio,82.25,39.0,Herbal / Floral,Medium,global
Scotch 1541,spirits/cocktails,Jameson,83.0,5.0,Smoky,High,global
Cognac 1542,wine,Jack Daniel's,83.75,6.0,Rich / Fruity,High,global
Vodka 1543,spirits/cocktails,Johnnie Walker,84.5,7.0,Dry / Crisp,Medium,global
Aged Bourbon 1544,spirits/cocktails,Glenfiddich,85.25,8.0,Nutty / Woody,High,global
Bourbon 1545,spirits/cocktails,Gordon's,86.0,9.0,Sweet,High,global
Rye Whiskey 1546,spirits/cocktails,Tanqueray,86.75,10.0,Spicy,Medium,global
Gin 1547,spirits/cocktails,Bacardi,87.5,11.0,Citrusy / Sour,High,global
Gin 1548,spirits/cocktails,Patron,88.25,12.0,Herbal / Floral,High,global
Scotch 1549,spirits/cocktails,Absolut,89.0,13.0,Smoky,Medium,global
Cognac 1550,wine,Smirnoff,89.75,14.0,Rich / Fruity,High,global
Vodka 1551,spirits/cocktails,Moet & Chandon,90.5,15.0,Dry / Crisp,High,global
Aged Bourbon 1552,spirits/cocktails,La Marca,91.25,16.0,Nutty / Woody,Medium,global
Bourbon 1553,spirits/cocktails,Barefoot,92.0,17.0,Sweet,High,global
Rye Whiskey 1554,spirits/cocktails,Robert Mondavi,92.75,18.0,Spicy,High,global
Gin 1555,spirits/cocktails,Kim Crawford,93.5,19.0,Citrusy / Sour,Medium,global
Gin 1556,spirits/cocktails,Crown Royal,94.25,20.0,Herbal / Floral,High,global
Scotch 1557,spirits/cocktails,Buffalo Trace,95.0,21.0,Smoky,High,global
Cognac 1558,wine,Bulleit,95.75,22.0,Rich / Fruity,Medium,global
Vodka 1559,spirits/cocktails,Captain Morgan,96.5,23.0,Dry / Crisp,High,global
Aged Bourbon 1560,spirits/cocktails,Don Julio,97.25,24.0,Nutty / Woody,High,global
Bourbon 1561,spirits/cocktails,Jameson,8.0,25.0,Sweet,Medium,global
Rye Whiskey 1562,spirits/cocktails,Jack Daniel's,8.75,26.0,Spicy,High,global
Gin 1563,spirits/cocktails,Johnnie Walker,9.5,27.0,Citrusy / Sour,High,global
Gin 1564,spirits/cocktails,Glenfiddich,10.25,28.0,Herbal / Floral,Medium,global
Scotch 1565,spirits/cocktails,Gordon's,11.0,29.0,Smoky,High,global
Cognac 1566,wine,Tanqueray,11.75,30.0,Rich / Fruity,High,global
Vodka 1567,spirits/cocktails,Bacardi,12.5,31.0,Dry / Crisp,Medium,global
Aged Bourbon 1568,spirits/cocktails,Patron,13.25,32.0,Nutty / Woody,High,global
Bourbon 1569,spirits/cocktails,Absolut,14.0,33.0,Sweet,High,global
Rye Whiskey 1570,spirits/cocktails,Smirnoff,14.75,34.0,Spicy,Medium,global
Gin 1571,spirits/cocktails,Moet & Chandon,15.5,35.0,Citrusy / Sour,High,global
Gin 1572,spirits/cocktails,La Marca,16.25,36.0,Herbal / Floral,High,global
Scotch 1573,spirits/cocktails,Barefoot,17.0,37.0,Smoky,Medium,global
Cognac 1574,wine,Robert Mondavi,17.75,38.0,Rich / Fruity,High,global
Vodka 1575,spirits/cocktails,Kim Crawford,18.5,39.0,Dry / Crisp,High,global
Aged Bourbon 1576,spirits/cocktails,Crown Royal,19.25,5.0,Nutty / Woody,Medium,global
Bourbon 1577,spirits/cocktails,Buffalo Trace,20.0,6.0,Sweet,High,global
Rye Whiskey 1578,spirits/cocktails,Bulleit,20.75,7.0,Spicy,High,global
Gin 1579,spirits/cocktails,Captain Morgan,21.5,8.0,Citrusy / Sour,Medium,global
Gin 1580,spirits/cocktails,Don Julio,22.25,9.0,Herbal / Floral,High,global
Scotch 1581,spirits/cocktails,Jameson,23.0,10.0,Smoky,High,global
Cognac 1582,wine,Jack Daniel's,23.75,11.0,Rich / Fruity,Medium,global
Vodka 1583,spirits/cocktails,Johnnie Walker,24.5,12.0,Dry / Crisp,High,global
Aged Bourbon 1584,spirits/cocktails,Glenfiddich,25.25,13.0,Nutty / Woody,High,global
Bourbon 1585,spirits/cocktails,Gordon's,26.0,14.0,Sweet,Medium,global
Rye Whiskey 1586,spirits/cocktails,Tanqueray,26.75,15.0,Spicy,High,global
Gin 1587,spirits/cocktails,Bacardi,27.5,16.0,Citrusy / Sour,High,global
Gin 1588,spirits/cocktails,Patron,28.25,17.0,Herbal / Floral,Medium,global
Scotch 1589,spirits/cocktails,Absolut,29.0,18.0,Smoky,High,global
Cognac 1590,wine,Smirnoff,29.75,19.0,Rich / Fruity,High,global
Vodka 1591,spirits/cocktails,Moet & Chandon,30.5,20.0,Dry / Crisp,Medium,global
Aged Bourbon 1592,spirits/cocktails,La Marca,31.25,21.0,Nutty / Woody,High,global
Bourbon 1593,spirits/cocktails,Barefoot,32.0,22.0,Sweet,High,global
Rye Whiskey 1594,spirits/cocktails,Robert Mondavi,32.75,23.0,Spicy,Medium,global
Gin 1595,spirits/cocktails,Kim Crawford,33.5,24.0,Citrusy / Sour,High,global
Gin 1596,spirits/cocktails,Crown Royal,34.25,25.0,Herbal / Floral,High,global
Scotch 1597,spirits/cocktails,Buffalo Trace,35.0,26.0,Smoky,Medium,global
Cognac 1598,wine,Bulleit,35.75,27.0,Rich / Fruity,High,global
Vodka 1599,spirits/cocktails,Captain Morgan,36.5,28.0,Dry / Crisp,High,global
Aged Bourbon 1600,spirits/cocktails,Don Julio,37.25,29.0,Nutty / Woody,Medium,global
Bourbon 1601,spirits/cocktails,Jameson,38.0,30.0,Sweet,High,global
Rye Whiskey 1602,spirits/cocktails,Jack Daniel's,38.75,31.0,Spicy,High,global
Gin 1603,spirits/cocktails,Johnnie Walker,39.5,32.0,Citrusy / Sour,Medium,global
Gin 1604,spirits/cocktails,Glenfiddich,40.25,33.0,Herbal / Floral,High,global
Scotch 1605,spirits/cocktails,Gordon's,41.0,34.0,Smoky,High,global
Cognac 1606,wine,Tanqueray,41.75,35.0,Rich / Fruity,Medium,global
Vodka 1607,spirits/cocktails,Bacardi,42.5,36.0,Dry / Crisp,High,global
Aged Bourbon 1608,spirits/cocktails,Patron,43.25,37.0,Nutty / Woody,High,global
Bourbon 1609,spirits/cocktails,Absolut,44.0,38.0,Sweet,Medium,global
Rye Whiskey 1610,spirits/cocktails,Smirnoff,44.75,39.0,Spicy,High,global
Gin 1611,spirits/cocktails,Moet & Chandon,45.5,5.0,Citrusy / Sour,High,global
Gin 1612,spirits/cocktails,La Marca,46.25,6.0,Herbal / Floral,Medium,global
Scotch 1613,spirits/cocktails,Barefoot,47.0,7.0,Smoky,High,global
Cognac 1614,wine,Robert Mondavi,47.75,8.0,Rich / Fruity,High,global
Vodka 1615,spirits/cocktails,Kim Crawford,48.5,9.0,Dry / Crisp,Medium,global
Aged Bourbon 1616,spirits/cocktails,Crown Royal,49.25,10.0,Nutty / Woody,High,global
Bourbon 1617,spirits/cocktails,Buffalo Trace,50.0,11.0,Sweet,High,global
Rye Whiskey 1618,spirits/cocktails,Bulleit,50.75,12.0,Spicy,Medium,global
Gin 1619,spirits/cocktails,Captain Morgan,51.5,13.0,Citrusy / Sour,High,global
Gin 1620,spirits/cocktails,Don Julio,52.25,14.0,Herbal / Floral,High,global
Scotch 1621,spirits/cocktails,Jameson,53.0,15.0,Smoky,Medium,global
Cognac 1622,wine,Jack Daniel's,53.75,16.0,Rich / Fruity,High,global
Vodka 1623,spirits/cocktails,Johnnie Walker,54.5,17.0,Dry / Crisp,High,global
Aged Bourbon 1624,spirits/cocktails,Glenfiddich,55.25,18.0,Nutty / Woody,Medium,global
Bourbon 1625,spirits/cocktails,Gordon's,56.0,19.0,Sweet,High,global
Rye Whiskey 1626,spirits/cocktails,Tanqueray,56.75,20.0,Spicy,High,global
Gin 1627,spirits/cocktails,Bacardi,57.5,21.0,Citrusy / Sour,Medium,global
Gin 1628,spirits/cocktails,Patron,58.25,22.0,Herbal / Floral,High,global
Scotch 1629,spirits/cocktails,Absolut,59.0,23.0,Smoky,High,global
Cognac 1630,wine,Smirnoff,59.75,24.0,Rich / Fruity,Medium,global
Vodka 1631,spirits/cocktails,Moet & Chandon,60.5,25.0,Dry / Crisp,High,global
Aged Bourbon 1632,spirits/cocktails,La Marca,61.25,26.0,Nutty / Woody,High,global
Bourbon 1633,spirits/cocktails,Barefoot,62.0,27.0,Sweet,Medium,global
Rye Whiskey 1634,spirits/cocktails,Robert Mondavi,62.75,28.0,Spicy,High,global
Gin 1635,spirits/cocktails,Kim Crawford,63.5,29.0,Citrusy / Sour,High,global
Gin 1636,spirits/cocktails,Crown Royal,64.25,30.0,Herbal / Floral,Medium,global
Scotch 1637,spirits/cocktails,Buffalo Trace,65.0,31.0,Smoky,High,global
Cognac 1638,wine,Bulleit,65.75,32.0,Rich / Fruity,High,global
Vodka 1639,spirits/cocktails,Captain Morgan,66.5,33.0,Dry / Crisp,Medium,global
Aged Bourbon 1640,spirits/cocktails,Don Julio,67.25,34.0,Nutty / Woody,High,global
Bourbon 1641,spirits/cocktails,Jameson,68.0,35.0,Sweet,High,global
Rye Whiskey 1642,spirits/cocktails,Jack Daniel's,68.75,36.0,Spicy,Medium,global
Gin 1643,spirits/cocktails,Johnnie Walker,69.5,37.0,Citrusy / Sour,High,global
Gin 1644,spirits/cocktails,Glenfiddich,70.25,38.0,Herbal / Floral,High,global
Scotch 1645,spirits/cocktails,Gordon's,71.0,39.0,Smoky,Medium,global
Cognac 1646,wine,Tanqueray,71.75,5.0,Rich / Fruity,High,global
Vodka 1647,spirits/cocktails,Bacardi,72.5,6.0,Dry / Crisp,High,global
Aged Bourbon 1648,spirits/cocktails,Patron,73.25,7.0,Nutty / Woody,Medium,global
Bourbon 1649,spirits/cocktails,Absolut,74.0,8.0,Sweet,High,global
Rye Whiskey 1650,spirits/cocktails,Smirnoff,74.75,9.0,Spicy,High,global
Gin 1651,spirits/cocktails,Moet & Chandon,75.5,10.0,Citrusy / Sour,Medium,global
Gin 1652,spirits/cocktails,La Marca,76.25,11.0,Herbal / Floral,High,global
Scotch 1653,spirits/cocktails,Barefoot,77.0,12.0,Smoky,High,global
Cognac 1654,wine,Robert Mondavi,77.75,13.0,Rich / Fruity,Medium,global
Vodka 1655,spirits/cocktails,Kim Crawford,78.5,14.0,Dry / Crisp,High,global
Aged Bourbon 1656,spirits/cocktails,Crown Royal,79.25,15.0,Nutty / Woody,High,global
Bourbon 1657,spirits/cocktails,Buffalo Trace,80.0,16.0,Sweet,Medium,global
Rye Whiskey 1658,spirits/cocktails,Bulleit,80.75,17.0,Spicy,High,global
Gin 1659,spirits/cocktails,Captain Morgan,81.5,18.0,Citrusy / Sour,High,global
Gin 1660,spirits/cocktails,Don Julio,82.25,19.0,Herbal / Floral,Medium,global
Scotch 1661,spirits/cocktails,Jameson,83.0,20.0,Smoky,High,global
Cognac 1662,wine,Jack Daniel's,83.75,21.0,Rich / Fruity,High,global
Vodka 1663,spirits/cocktails,Johnnie Walker,84.5,22.0,Dry / Crisp,Medium,global
Aged Bourbon 1664,spirits/cocktails,Glenfiddich,85.25,23.0,Nutty / Woody,High,global
Bourbon 1665,spirits/cocktails,Gordon's,86.0,24.0,Sweet,High,global
Rye Whiskey 1666,spirits/cocktails,Tanqueray,86.75,25.0,Spicy,Medium,global
Gin 1667,spirits/cocktails,Bacardi,87.5,26.0,Citrusy / Sour,High,global
Gin 1668,spirits/cocktails,Patron,88.25,27.0,Herbal / Floral,High,global
Scotch 1669,spirits/cocktails,Absolut,89.0,28.0,Smoky,Medium,global
Cognac 1670,wine,Smirnoff,89.75,29.0,Rich / Fruity,High,global
Vodka 1671,spirits/cocktails,Moet & Chandon,90.5,30.0,Dry / Crisp,High,global
Aged Bourbon 1672,spirits/cocktails,La Marca,91.25,31.0,Nutty / Woody,Medium,global
Bourbon 1673,spirits/cocktails,Barefoot,92.0,32.0,Sweet,High,global
Rye Whiskey 1674,spirits/cocktails,Robert Mondavi,92.75,33.0,Spicy,High,global
Gin 1675,spirits/cocktails,Kim Crawford,93.5,34.0,Citrusy / Sour,Medium,global
Gin 1676,spirits/cocktails,Crown Royal,94.25,35.0,Herbal / Floral,High,global
Scotch 1677,spirits/cocktails,Buffalo Trace,95.0,36.0,Smoky,High,global
Cognac 1678,wine,Bulleit,95.75,37.0,Rich / Fruity,Medium,global
Vodka 1679,spirits/cocktails,Captain Morgan,96.5,38.0,Dry / Crisp,High,global
Aged Bourbon 1680,spirits/cocktails,Don Julio,97.25,39.0,Nutty / Woody,High,global
Bourbon 1681,spirits/cocktails,Jameson,8.0,5.0,Sweet,Medium,global
Rye Whiskey 1682,spirits/cocktails,Jack Daniel's,8.75,6.0,Spicy,High,global
Gin 1683,spirits/cocktails,Johnnie Walker,9.5,7.0,Citrusy / Sour,High,global
Gin 1684,spirits/cocktails,Glenfiddich,10.25,8.0,Herbal / Floral,Medium,global
Scotch 1685,spirits/cocktails,Gordon's,11.0,9.0,Smoky,High,global
Cognac 1686,wine,Tanqueray,11.75,10.0,Rich / Fruity,High,global
Vodka 1687,spirits/cocktails,Bacardi,12.5,11.0,Dry / Crisp,Medium,global
Aged Bourbon 1688,spirits/cocktails,Patron,13.25,12.0,Nutty / Woody,High,global
Bourbon 1689,spirits/cocktails,Absolut,14.0,13.0,Sweet,High,global
Rye Whiskey 1690,spirits/cocktails,Smirnoff,14.75,14.0,Spicy,Medium,global
Gin 1691,spirits/cocktails,Moet & Chandon,15.5,15.0,Citrusy / Sour,High,global
Gin 1692,spirits/cocktails,La Marca,16.25,16.0,Herbal / Floral,High,global
Scotch 1693,spirits/cocktails,Barefoot,17.0,17.0,Smoky,Medium,global
Cognac 1694,wine,Robert Mondavi,17.75,18.0,Rich / Fruity,High,global
Vodka 1695,spirits/cocktails,Kim Crawford,18.5,19.0,Dry / Crisp,High,global
Aged Bourbon 1696,spirits/cocktails,Crown Royal,19.25,20.0,Nutty / Woody,Medium,global
Bourbon 1697,spirits/cocktails,Buffalo Trace,20.0,21.0,Sweet,High,global
Rye Whiskey 1698,spirits/cocktails,Bulleit,20.75,22.0,Spicy,High,global
Gin 1699,spirits/cocktails,Captain Morgan,21.5,23.0,Citrusy / Sour,Medium,global
Gin 1700,spirits/cocktails,Don Julio,22.25,24.0,Herbal / Floral,High,global
Scotch 1701,spirits/cocktails,Jameson,23.0,25.0,Smoky,High,global
Cognac 1702,wine,Jack Daniel's,23.75,26.0,Rich / Fruity,Medium,global
Vodka 1703,spirits/cocktails,Johnnie Walker,24.5,27.0,Dry / Crisp,High,global
Aged Bourbon 1704,spirits/cocktails,Glenfiddich,25.25,28.0,Nutty / Woody,High,global
Bourbon 1705,spirits/cocktails,Gordon's,26.0,29.0,Sweet,Medium,global
Rye Whiskey 1706,spirits/cocktails,Tanqueray,26.75,30.0,Spicy,High,global
Gin 1707,spirits/cocktails,Bacardi,27.5,31.0,Citrusy / Sour,High,global
Gin 1708,spirits/cocktails,Patron,28.25,32.0,Herbal / Floral,Medium,global
Scotch 1709,spirits/cocktails,Absolut,29.0,33.0,Smoky,High,global
Cognac 1710,wine,Smirnoff,29.75,34.0,Rich / Fruity,High,global
Vodka 1711,spirits/cocktails,Moet & Chandon,30.5,35.0,Dry / Crisp,Medium,global
Aged Bourbon 1712,spirits/cocktails,La Marca,31.25,36.0,Nutty / Woody,High,global
Bourbon 1713,spirits/cocktails,Barefoot,32.0,37.0,Sweet,High,global
Rye Whiskey 1714,spirits/cocktails,Robert Mondavi,32.75,38.0,Spicy,Medium,global
Gin 1715,spirits/cocktails,Kim Crawford,33.5,39.0,Citrusy / Sour,High,global
Gin 1716,spirits/cocktails,Crown Royal,34.25,5.0,Herbal / Floral,High,global
Scotch 1717,spirits/cocktails,Buffalo Trace,35.0,6.0,Smoky,Medium,global
Cognac 1718,wine,Bulleit,35.75,7.0,Rich / Fruity,High,global
Vodka 1719,spirits/cocktails,Captain Morgan,36.5,8.0,Dry / Crisp,High,global
Aged Bourbon 1720,spirits/cocktails,Don Julio,37.25,9.0,Nutty / Woody,Medium,global
Bourbon 1721,spirits/cocktails,Jameson,38.0,10.0,Sweet,High,global
Rye Whiskey 1722,spirits/cocktails,Jack Daniel's,38.75,11.0,Spicy,High,global
Gin 1723,spirits/cocktails,Johnnie Walker,39.5,12.0,Citrusy / Sour,Medium,global
Gin 1724,spirits/cocktails,Glenfiddich,40.25,13.0,Herbal / Floral,High,global
Scotch 1725,spirits/cocktails,Gordon's,41.0,14.0,Smoky,High,global
Cognac 1726,wine,Tanqueray,41.75,15.0,Rich / Fruity,Medium,global
Vodka 1727,spirits/cocktails,Bacardi,42.5,16.0,Dry / Crisp,High,global
Aged Bourbon 1728,spirits/cocktails,Patron,43.25,17.0,Nutty / Woody,High,global
Bourbon 1729,spirits/cocktails,Absolut,44.0,18.0,Sweet,Medium,global
Rye Whiskey 1730,spirits/cocktails,Smirnoff,44.75,19.0,Spicy,High,global
Gin 1731,spirits/cocktails,Moet & Chandon,45.5,20.0,Citrusy / Sour,High,global
Gin 1732,spirits/cocktails,La Marca,46.25,21.0,Herbal / Floral,Medium,global
Scotch 1733,spirits/cocktails,Barefoot,47.0,22.0,Smoky,High,global
Cognac 1734,wine,Robert Mondavi,47.75,23.0,Rich / Fruity,High,global
Vodka 1735,spirits/cocktails,Kim Crawford,48.5,24.0,Dry / Crisp,Medium,global
Aged Bourbon 1736,spirits/cocktails,Crown Royal,49.25,25.0,Nutty / Woody,High,global
Bourbon 1737,spirits/cocktails,Buffalo Trace,50.0,26.0,Sweet,High,global
Rye Whiskey 1738,spirits/cocktails,Bulleit,50.75,27.0,Spicy,Medium,global
Gin 1739,spirits/cocktails,Captain Morgan,51.5,28.0,Citrusy / Sour,High,global
Gin 1740,spirits/cocktails,Don Julio,52.25,29.0,Herbal / Floral,High,global
Scotch 1741,spirits/cocktails,Jameson,53.0,30.0,Smoky,Medium,global
Cognac 1742,wine,Jack Daniel's,53.75,31.0,Rich / Fruity,High,global
Vodka 1743,spirits/cocktails,Johnnie Walker,54.5,32.0,Dry / Crisp,High,global
Aged Bourbon 1744,spirits/cocktails,Glenfiddich,55.25,33.0,Nutty / Woody,Medium,global
Bourbon 1745,spirits/cocktails,Gordon's,56.0,34.0,Sweet,High,global
Rye Whiskey 1746,spirits/cocktails,Tanqueray,56.75,35.0,Spicy,High,global
Gin 1747,spirits/cocktails,Bacardi,57.5,36.0,Citrusy / Sour,Medium,global
Gin 1748,spirits/cocktails,Patron,58.25,37.0,Herbal / Floral,High,global
Scotch 1749,spirits/cocktails,Absolut,59.0,38.0,Smoky,High,global
Cognac 1750,wine,Smirnoff,59.75,39.0,Rich / Fruity,Medium,global
Vodka 1751,spirits/cocktails,Moet & Chandon,60.5,5.0,Dry / Crisp,High,global
Aged Bourbon 1752,spirits/cocktails,La Marca,61.25,6.0,Nutty / Woody,High,global
Bourbon 1753,spirits/cocktails,Barefoot,62.0,7.0,Sweet,Medium,global
Rye Whiskey 1754,spirits/cocktails,Robert Mondavi,62.75,8.0,Spicy,High,global
Gin 1755,spirits/cocktails,Kim Crawford,63.5,9.0,Citrusy / Sour,High,global
Gin 1756,spirits/cocktails,Crown Royal,64.25,10.0,Herbal / Floral,Medium,global
Scotch 1757,spirits/cocktails,Buffalo Trace,65.0,11.0,Smoky,High,global
Cognac 1758,wine,Bulleit,65.75,12.0,Rich / Fruity,High,global
Vodka 1759,spirits/cocktails,Captain Morgan,66.5,13.0,Dry / Crisp,Medium,global
Aged Bourbon 1760,spirits/cocktails,Don Julio,67.25,14.0,Nutty / Woody,High,global
Bourbon 1761,spirits/cocktails,Jameson,68.0,15.0,Sweet,High,global
Rye Whiskey 1762,spirits/cocktails,Jack Daniel's,68.75,16.0,Spicy,Medium,global
Gin 1763,spirits/cocktails,Johnnie Walker,69.5,17.0,Citrusy / Sour,High,global
Gin 1764,spirits/cocktails,Glenfiddich,70.25,18.0,Herbal / Floral,High,global
Scotch 1765,spirits/cocktails,Gordon's,71.0,19.0,Smoky,Medium,global
Cognac 1766,wine,Tanqueray,71.75,20.0,Rich / Fruity,High,global
Vodka 1767,spirits/cocktails,Bacardi,72.5,21.0,Dry / Crisp,High,global
Aged Bourbon 1768,spirits/cocktails,Patron,73.25,22.0,Nutty / Woody,Medium,global
Bourbon 1769,spirits/cocktails,Absolut,74.0,23.0,Sweet,High,global
Rye Whiskey 1770,spirits/cocktails,Smirnoff,74.75,24.0,Spicy,High,global
Gin 1771,spirits/cocktails,Moet & Chandon,75.5,25.0,Citrusy / Sour,Medium,global
Gin 1772,spirits/cocktails,La Marca,76.25,26.0,Herbal / Floral,High,global
Scotch 1773,spirits/cocktails,Barefoot,77.0,27.0,Smoky,High,global
Cognac 1774,wine,Robert Mondavi,77.75,28.0,Rich / Fruity,Medium,global
Vodka 1775,spirits/cocktails,Kim Crawford,78.5,29.0,Dry / Crisp,High,global
Aged Bourbon 1776,spirits/cocktails,Crown Royal,79.25,30.0,Nutty / Woody,High,global
Bourbon 1777,spirits/cocktails,Buffalo Trace,80.0,31.0,Sweet,Medium,global
Rye Whiskey 1778,spirits/cocktails,Bulleit,80.75,32.0,Spicy,High,global
Gin 1779,spirits/cocktails,Captain Morgan,81.5,33.0,Citrusy / Sour,High,global
Gin 1780,spirits/cocktails,Don Julio,82.25,34.0,Herbal / Floral,Medium,global
Scotch 1781,spirits/cocktails,Jameson,83.0,35.0,Smoky,High,global
Cognac 1782,wine,Jack Daniel's,83.75,36.0,Rich / Fruity,High,global
Vodka 1783,spirits/cocktails,Johnnie Walker,84.5,37.0,Dry / Crisp,Medium,global
Aged Bourbon 1784,spirits/cocktails,Glenfiddich,85.25,38.0,Nutty / Woody,High,global
Bourbon 1785,spirits/cocktails,Gordon's,86.0,39.0,Sweet,High,global
Rye Whiskey 1786,spirits/cocktails,Tanqueray,86.75,5.0,Spicy,Medium,global
Gin 1787,spirits/cocktails,Bacardi,87.5,6.0,Citrusy / Sour,High,global
Gin 1788,spirits/cocktails,Patron,88.25,7.0,Herbal / Floral,High,global
Scotch 1789,spirits/cocktails,Absolut,89.0,8.0,Smoky,Medium,global
Cognac 1790,wine,Smirnoff,89.75,9.0,Rich / Fruity,High,global
Vodka 1791,spirits/cocktails,Moet & Chandon,90.5,10.0,Dry / Crisp,High,global
Aged Bourbon 1792,spirits/cocktails,La Marca,91.25,11.0,Nutty / Woody,Medium,global
Bourbon 1793,spirits/cocktails,Barefoot,92.0,12.0,Sweet,High,global
Rye Whiskey 1794,spirits/cocktails,Robert Mondavi,92.75,13.0,Spicy,High,global
Gin 1795,spirits/cocktails,Kim Crawford,93.5,14.0,Citrusy / Sour,Medium,global
Gin 1796,spirits/cocktails,Crown Royal,94.25,15.0,Herbal / Floral,High,global
Scotch 1797,spirits/cocktails,Buffalo Trace,95.0,16.0,Smoky,High,global
Cognac 1798,wine,Bulleit,95.75,17.0,Rich / Fruity,Medium,global
Vodka 1799,spirits/cocktails,Captain Morgan,96.5,18.0,Dry / Crisp,High,global
Aged Bourbon 1800,spirits/cocktails,Don Julio,97.25,19.0,Nutty / Woody,High,global
Bourbon 1801,spirits/cocktails,Jameson,8.0,20.0,Sweet,Medium,global
Rye Whiskey 1802,spirits/cocktails,Jack Daniel's,8.75,21.0,Spicy,High,global
Gin 1803,spirits/cocktails,Johnnie Walker,9.5,22.0,Citrusy / Sour,High,global
Gin 1804,spirits/cocktails,Glenfiddich,10.25,23.0,Herbal / Floral,Medium,global
Scotch 1805,spirits/cocktails,Gordon's,11.0,24.0,Smoky,High,global
Cognac 1806,wine,Tanqueray,11.75,25.0,Rich / Fruity,High,global
Vodka 1807,spirits/cocktails,Bacardi,12.5,26.0,Dry / Crisp,Medium,global
Aged Bourbon 1808,spirits/cocktails,Patron,13.25,27.0,Nutty / Woody,High,global
Bourbon 1809,spirits/cocktails,Absolut,14.0,28.0,Sweet,High,global
Rye Whiskey 1810,spirits/cocktails,Smirnoff,14.75,29.0,Spicy,Medium,global
Gin 1811,spirits/cocktails,Moet & Chandon,15.5,30.0,Citrusy / Sour,High,global
Gin 1812,spirits/cocktails,La Marca,16.25,31.0,Herbal / Floral,High,global
Scotch 1813,spirits/cocktails,Barefoot,17.0,32.0,Smoky,Medium,global
Cognac 1814,wine,Robert Mondavi,17.75,33.0,Rich / Fruity,High,global
Vodka 1815,spirits/cocktails,Kim Crawford,18.5,34.0,Dry / Crisp,High,global
Aged Bourbon 1816,spirits/cocktails,Crown Royal,19.25,35.0,Nutty / Woody,Medium,global
Bourbon 1817,spirits/cocktails,Buffalo Trace,20.0,36.0,Sweet,High,global
Rye Whiskey 1818,spirits/cocktails,Bulleit,20.75,37.0,Spicy,High,global
Gin 1819,spirits/cocktails,Captain Morgan,21.5,38.0,Citrusy / Sour,Medium,global
Gin 1820,spirits/cocktails,Don Julio,22.25,39.0,Herbal / Floral,High,global
Scotch 1821,spirits/cocktails,Jameson,23.0,5.0,Smoky,High,global
Cognac 1822,wine,Jack Daniel's,23.75,6.0,Rich / Fruity,Medium,global
Vodka 1823,spirits/cocktails,Johnnie Walker,24.5,7.0,Dry / Crisp,High,global
Aged Bourbon 1824,spirits/cocktails,Glenfiddich,25.25,8.0,Nutty / Woody,High,global
Bourbon 1825,spirits/cocktails,Gordon's,26.0,9.0,Sweet,Medium,global
Rye Whiskey 1826,spirits/cocktails,Tanqueray,26.75,10.0,Spicy,High,global
Gin 1827,spirits/cocktails,Bacardi,27.5,11.0,Citrusy / Sour,High,global
Gin 1828,spirits/cocktails,Patron,28.25,12.0,Herbal / Floral,Medium,global
Scotch 1829,spirits/cocktails,Absolut,29.0,13.0,Smoky,High,global
Cognac 1830,wine,Smirnoff,29.75,14.0,Rich / Fruity,High,global
Vodka 1831,spirits/cocktails,Moet & Chandon,30.5,15.0,Dry / Crisp,Medium,global
Aged Bourbon 1832,spirits/cocktails,La Marca,31.25,16.0,Nutty / Woody,High,global
Bourbon 1833,spirits/cocktails,Barefoot,32.0,17.0,Sweet,High,global
Rye Whiskey 1834,spirits/cocktails,Robert Mondavi,32.75,18.0,Spicy,Medium,global
Gin 1835,spirits/cocktails,Kim Crawford,33.5,19.0,Citrusy / Sour,High,global
Gin 1836,spirits/cocktails,Crown Royal,34.25,20.0,Herbal / Floral,High,global
Scotch 1837,spirits/cocktails,Buffalo Trace,35.0,21.0,Smoky,Medium,global
Cognac 1838,wine,Bulleit,35.75,22.0,Rich / Fruity,High,global
Vodka 1839,spirits/cocktails,Captain Morgan,36.5,23.0,Dry / Crisp,High,global
Aged Bourbon 1840,spirits/cocktails,Don Julio,37.25,24.0,Nutty / Woody,Medium,global
Bourbon 1841,spirits/cocktails,Jameson,38.0,25.0,Sweet,High,global
Rye Whiskey 1842,spirits/cocktails,Jack Daniel's,38.75,26.0,Spicy,High,global
Gin 1843,spirits/cocktails,Johnnie Walker,39.5,27.0,Citrusy / Sour,Medium,global
Gin 1844,spirits/cocktails,Glenfiddich,40.25,28.0,Herbal / Floral,High,global
Scotch 1845,spirits/cocktails,Gordon's,41.0,29.0,Smoky,High,global
Cognac 1846,wine,Tanqueray,41.75,30.0,Rich / Fruity,Medium,global
Vodka 1847,spirits/cocktails,Bacardi,42.5,31.0,Dry / Crisp,High,global
Aged Bourbon 1848,spirits/cocktails,Patron,43.25,32.0,Nutty / Woody,High,global
Bourbon 1849,spirits/cocktails,Absolut,44.0,33.0,Sweet,Medium,global
Rye Whiskey 1850,spirits/cocktails,Smirnoff,44.75,34.0,Spicy,High,global
Gin 1851,spirits/cocktails,Moet & Chandon,45.5,35.0,Citrusy / Sour,High,global
Gin 1852,spirits/cocktails,La Marca,46.25,36.0,Herbal / Floral,Medium,global
Scotch 1853,spirits/cocktails,Barefoot,47.0,37.0,Smoky,High,global
Cognac 1854,wine,Robert Mondavi,47.75,38.0,Rich / Fruity,High,global
Vodka 1855,spirits/cocktails,Kim Crawford,48.5,39.0,Dry / Crisp,Medium,global
Aged Bourbon 1856,spirits/cocktails,Crown Royal,49.25,5.0,Nutty / Woody,High,global
Bourbon 1857,spirits/cocktails,Buffalo Trace,50.0,6.0,Sweet,High,global
Rye Whiskey 1858,spirits/cocktails,Bulleit,50.75,7.0,Spicy,Medium,global
Gin 1859,spirits/cocktails,Captain Morgan,51.5,8.0,Citrusy / Sour,High,global
Gin 1860,spirits/cocktails,Don Julio,52.25,9.0,Herbal / Floral,High,global
Scotch 1861,spirits/cocktails,Jameson,53.0,10.0,Smoky,Medium,global
Cognac 1862,wine,Jack Daniel's,53.75,11.0,Rich / Fruity,High,global
Vodka 1863,spirits/cocktails,Johnnie Walker,54.5,12.0,Dry / Crisp,High,global
Aged Bourbon 1864,spirits/cocktails,Glenfiddich,55.25,13.0,Nutty / Woody,Medium,global
Bourbon 1865,spirits/cocktails,Gordon's,56.0,14.0,Sweet,High,global
Rye Whiskey 1866,spirits/cocktails,Tanqueray,56.75,15.0,Spicy,High,global
Gin 1867,spirits/cocktails,Bacardi,57.5,16.0,Citrusy / Sour,Medium,global
Gin 1868,spirits/cocktails,Patron,58.25,17.0,Herbal / Floral,High,global
Scotch 1869,spirits/cocktails,Absolut,59.0,18.0,Smoky,High,global
Cognac 1870,wine,Smirnoff,59.75,19.0,Rich / Fruity,Medium,global
Vodka 1871,spirits/cocktails,Moet & Chandon,60.5,20.0,Dry / Crisp,High,global
Aged Bourbon 1872,spirits/cocktails,La Marca,61.25,21.0,Nutty / Woody,High,global
Bourbon 1873,spirits/cocktails,Barefoot,62.0,22.0,Sweet,Medium,global
Rye Whiskey 1874,spirits/cocktails,Robert Mondavi,62.75,23.0,Spicy,High,global
Gin 1875,spirits/cocktails,Kim Crawford,63.5,24.0,Citrusy / Sour,High,global
Gin 1876,spirits/cocktails,Crown Royal,64.25,25.0,Herbal / Floral,Medium,global
Scotch 1877,spirits/cocktails,Buffalo Trace,65.0,26.0,Smoky,High,global
Cognac 1878,wine,Bulleit,65.75,27.0,Rich / Fruity,High,global
Vodka 1879,spirits/cocktails,Captain Morgan,66.5,28.0,Dry / Crisp,Medium,global
Aged Bourbon 1880,spirits/cocktails,Don Julio,67.25,29.0,Nutty / Woody,High,global
Bourbon 1881,spirits/cocktails,Jameson,68.0,30.0,Sweet,High,global
Rye Whiskey 1882,spirits/cocktails,Jack Daniel's,68.75,31.0,Spicy,Medium,global
Gin 1883,spirits/cocktails,Johnnie Walker,69.5,32.0,Citrusy / Sour,High,global
Gin 1884,spirits/cocktails,Glenfiddich,70.25,33.0,Herbal / Floral,High,global
Scotch 1885,spirits/cocktails,Gordon's,71.0,34.0,Smoky,Medium,global
Cognac 1886,wine,Tanqueray,71.75,35.0,Rich / Fruity,High,global
Vodka 1887,spirits/cocktails,Bacardi,72.5,36.0,Dry / Crisp,High,global
Aged Bourbon 1888,spirits/cocktails,Patron,73.25,37.0,Nutty / Woody,Medium,global
Bourbon 1889,spirits/cocktails,Absolut,74.0,38.0,Sweet,High,global
Rye Whiskey 1890,spirits/cocktails,Smirnoff,74.75,39.0,Spicy,High,global
Gin 1891,spirits/cocktails,Moet & Chandon,75.5,5.0,Citrusy / Sour,Medium,global
Gin 1892,spirits/cocktails,La Marca,76.25,6.0,Herbal / Floral,High,global
Scotch 1893,spirits/cocktails,Barefoot,77.0,7.0,Smoky,High,global
Cognac 1894,wine,Robert Mondavi,77.75,8.0,Rich / Fruity,Medium,global
Vodka 1895,spirits/cocktails,Kim Crawford,78.5,9.0,Dry / Crisp,High,global
Aged Bourbon 1896,spirits/cocktails,Crown Royal,79.25,10.0,Nutty / Woody,High,global
Bourbon 1897,spirits/cocktails,Buffalo Trace,80.0,11.0,Sweet,Medium,global
Rye Whiskey 1898,spirits/cocktails,Bulleit,80.75,12.0,Spicy,High,global
Gin 1899,spirits/cocktails,Captain Morgan,81.5,13.0,Citrusy / Sour,High,global
Gin 1900,spirits/cocktails,Don Julio,82.25,14.0,Herbal / Floral,Medium,global
Scotch 1901,spirits/cocktails,Jameson,83.0,15.0,Smoky,High,global
Cognac 1902,wine,Jack Daniel's,83.75,16.0,Rich / Fruity,High,global
Vodka 1903,spirits/cocktails,Johnnie Walker,84.5,17.0,Dry / Crisp,Medium,global
Aged Bourbon 1904,spirits/cocktails,Glenfiddich,85.25,18.0,Nutty / Woody,High,global
Bourbon 1905,spirits/cocktails,Gordon's,86.0,19.0,Sweet,High,global
Rye Whiskey 1906,spirits/cocktails,Tanqueray,86.75,20.0,Spicy,Medium,global
Gin 1907,spirits/cocktails,Bacardi,87.5,21.0,Citrusy / Sour,High,global
Gin 1908,spirits/cocktails,Patron,88.25,22.0,Herbal / Floral,High,global
Scotch 1909,spirits/cocktails,Absolut,89.0,23.0,Smoky,Medium,global
Cognac 1910,wine,Smirnoff,89.75,24.0,Rich / Fruity,High,global
Vodka 1911,spirits/cocktails,Moet & Chandon,90.5,25.0,Dry / Crisp,High,global
Aged Bourbon 1912,spirits/cocktails,La Marca,91.25,26.0,Nutty / Woody,Medium,global
Bourbon 1913,spirits/cocktails,Barefoot,92.0,27.0,Sweet,High,global
Rye Whiskey 1914,spirits/cocktails,Robert Mondavi,92.75,28.0,Spicy,High,global
Gin 1915,spirits/cocktails,Kim Crawford,93.5,29.0,Citrusy / Sour,Medium,global
Gin 1916,spirits/cocktails,Crown Royal,94.25,30.0,Herbal / Floral,High,global
Scotch 1917,spirits/cocktails,Buffalo Trace,95.0,31.0,Smoky,High,global
Cognac 1918,wine,Bulleit,95.75,32.0,Rich / Fruity,Medium,global
Vodka 1919,spirits/cocktails,Captain Morgan,96.5,33.0,Dry / Crisp,High,global
Aged Bourbon 1920,spirits/cocktails,Don Julio,97.25,34.0,Nutty / Woody,High,global
Bourbon 1921,spirits/cocktails,Jameson,8.0,35.0,Sweet,Medium,global
Rye Whiskey 1922,spirits/cocktails,Jack Daniel's,8.75,36.0,Spicy,High,global
Gin 1923,spirits/cocktails,Johnnie Walker,9.5,37.0,Citrusy / Sour,High,global
Gin 1924,spirits/cocktails,Glenfiddich,10.25,38.0,Herbal / Floral,Medium,global
Scotch 1925,spirits/cocktails,Gordon's,11.0,39.0,Smoky,High,global
Cognac 1926,wine,Tanqueray,11.75,5.0,Rich / Fruity,High,global
Vodka 1927,spirits/cocktails,Bacardi,12.5,6.0,Dry / Crisp,Medium,global
Aged Bourbon 1928,spirits/cocktails,Patron,13.25,7.0,Nutty / Woody,High,global
Bourbon 1929,spirits/cocktails,Absolut,14.0,8.0,Sweet,High,global
Rye Whiskey 1930,spirits/cocktails,Smirnoff,14.75,9.0,Spicy,Medium,global
Gin 1931,spirits/cocktails,Moet & Chandon,15.5,10.0,Citrusy / Sour,High,global
Gin 1932,spirits/cocktails,La Marca,16.25,11.0,Herbal / Floral,High,global
Scotch 1933,spirits/cocktails,Barefoot,17.0,12.0,Smoky,Medium,global
Cognac 1934,wine,Robert Mondavi,17.75,13.0,Rich / Fruity,High,global
Vodka 1935,spirits/cocktails,Kim Crawford,18.5,14.0,Dry / Crisp,High,global
Aged Bourbon 1936,spirits/cocktails,Crown Royal,19.25,15.0,Nutty / Woody,Medium,global
Bourbon 1937,spirits/cocktails,Buffalo Trace,20.0,16.0,Sweet,High,global
Rye Whiskey 1938,spirits/cocktails,Bulleit,20.75,17.0,Spicy,High,global
Gin 1939,spirits/cocktails,Captain Morgan,21.5,18.0,Citrusy / Sour,Medium,global
Gin 1940,spirits/cocktails,Don Julio,22.25,19.0,Herbal / Floral,High,global
Scotch 1941,spirits/cocktails,Jameson,23.0,20.0,Smoky,High,global
Cognac 1942,wine,Jack Daniel's,23.75,21.0,Rich / Fruity,Medium,global
Vodka 1943,spirits/cocktails,Johnnie Walker,24.5,22.0,Dry / Crisp,High,global
Aged Bourbon 1944,spirits/cocktails,Glenfiddich,25.25,23.0,Nutty / Woody,High,global
Bourbon 1945,spirits/cocktails,Gordon's,26.0,24.0,Sweet,Medium,global
Rye Whiskey 1946,spirits/cocktails,Tanqueray,26.75,25.0,Spicy,High,global
Gin 1947,spirits/cocktails,Bacardi,27.5,26.0,Citrusy / Sour,High,global
Gin 1948,spirits/cocktails,Patron,28.25,27.0,Herbal / Floral,Medium,global
Scotch 1949,spirits/cocktails,Absolut,29.0,28.0,Smoky,High,global
Cognac 1950,wine,Smirnoff,29.75,29.0,Rich / Fruity,High,global
Vodka 1951,spirits/cocktails,Moet & Chandon,30.5,30.0,Dry / Crisp,Medium,global
Aged Bourbon 1952,spirits/cocktails,La Marca,31.25,31.0,Nutty / Woody,High,global
Bourbon 1953,spirits/cocktails,Barefoot,32.0,32.0,Sweet,High,global
Rye Whiskey 1954,spirits/cocktails,Robert Mondavi,32.75,33.0,Spicy,Medium,global
Gin 1955,spirits/cocktails,Kim Crawford,33.5,34.0,Citrusy / Sour,High,global
Gin 1956,spirits/cocktails,Crown Royal,34.25,35.0,Herbal / Floral,High,global
Scotch 1957,spirits/cocktails,Buffalo Trace,35.0,36.0,Smoky,Medium,global
Cognac 1958,wine,Bulleit,35.75,37.0,Rich / Fruity,High,global
Vodka 1959,spirits/cocktails,Captain Morgan,36.5,38.0,Dry / Crisp,High,global
Aged Bourbon 1960,spirits/cocktails,Don Julio,37.25,39.0,Nutty / Woody,Medium,global
Bourbon 1961,spirits/cocktails,Jameson,38.0,5.0,Sweet,High,global
Rye Whiskey 1962,spirits/cocktails,Jack Daniel's,38.75,6.0,Spicy,High,global
Gin 1963,spirits/cocktails,Johnnie Walker,39.5,7.0,Citrusy / Sour,Medium,global
Gin 1964,spirits/cocktails,Glenfiddich,40.25,8.0,Herbal / Floral,High,global
Scotch 1965,spirits/cocktails,Gordon's,41.0,9.0,Smoky,High,global
Cognac 1966,wine,Tanqueray,41.75,10.0,Rich / Fruity,Medium,global
Vodka 1967,spirits/cocktails,Bacardi,42.5,11.0,Dry / Crisp,High,global
Aged Bourbon 1968,spirits/cocktails,Patron,43.25,12.0,Nutty / Woody,High,global
Bourbon 1969,spirits/cocktails,Absolut,44.0,13.0,Sweet,Medium,global
Rye Whiskey 1970,spirits/cocktails,Smirnoff,44.75,14.0,Spicy,High,global
Gin 1971,spirits/cocktails,Moet & Chandon,45.5,15.0,Citrusy / Sour,High,global
Gin 1972,spirits/cocktails,La Marca,46.25,16.0,Herbal / Floral,Medium,global
Scotch 1973,spirits/cocktails,Barefoot,47.0,17.0,Smoky,High,global
Cognac 1974,wine,Robert Mondavi,47.75,18.0,Rich / Fruity,High,global
Vodka 1975,spirits/cocktails,Kim Crawford,48.5,19.0,Dry / Crisp,Medium,global
Aged Bourbon 1976,spirits/cocktails,Crown Royal,49.25,20.0,Nutty / Woody,High,global
Bourbon 1977,spirits/cocktails,Buffalo Trace,50.0,21.0,Sweet,High,global
Rye Whiskey 1978,spirits/cocktails,Bulleit,50.75,22.0,Spicy,Medium,global
Gin 1979,spirits/cocktails,Captain Morgan,51.5,23.0,Citrusy / Sour,High,global
Gin 1980,spirits/cocktails,Don Julio,52.25,24.0,Herbal / Floral,High,global
Scotch 1981,spirits/cocktails,Jameson,53.0,25.0,Smoky,Medium,global
Cognac 1982,wine,Jack Daniel's,53.75,26.0,Rich / Fruity,High,global
Vodka 1983,spirits/cocktails,Johnnie Walker,54.5,27.0,Dry / Crisp,High,global
Aged Bourbon 1984,spirits/cocktails,Glenfiddich,55.25,28.0,Nutty / Woody,Medium,global
Bourbon 1985,spirits/cocktails,Gordon's,56.0,29.0,Sweet,High,global
Rye Whiskey 1986,spirits/cocktails,Tanqueray,56.75,30.0,Spicy,High,global
Gin 1987,spirits/cocktails,Bacardi,57.5,31.0,Citrusy / Sour,Medium,global
Gin 1988,spirits/cocktails,Patron,58.25,32.0,Herbal / Floral,High,global
Scotch 1989,spirits/cocktails,Absolut,59.0,33.0,Smoky,High,global
Cognac 1990,wine,Smirnoff,59.75,34.0,Rich / Fruity,Medium,global
Vodka 1991,spirits/cocktails,Moet & Chandon,60.5,35.0,Dry / Crisp,High,global
Aged Bourbon 1992,spirits/cocktails,La Marca,61.25,36.0,Nutty / Woody,High,global
Bourbon 1993,spirits/cocktails,Barefoot,62.0,37.0,Sweet,Medium,global
Rye Whiskey 1994,spirits/cocktails,Robert Mondavi,62.75,38.0,Spicy,High,global
Gin 1995,spirits/cocktails,Kim Crawford,63.5,39.0,Citrusy / Sour,High,global
Gin 1996,spirits/cocktails,Crown Royal,64.25,5.0,Herbal / Floral,Medium,global
Scotch 1997,spirits/cocktails,Buffalo Trace,65.0,6.0,Smoky,High,global
Cognac 1998,wine,Bulleit,65.75,7.0,Rich / Fruity,High,global
Vodka 1999,spirits/cocktails,Captain Morgan,66.5,8.0,Dry / Crisp,Medium,global
Aged Bourbon 2000,spirits/cocktails,Don Julio,67.25,9.0,Nutty / Woody,High,global
Bourbon 2001,spirits/cocktails,Jameson,68.0,10.0,Sweet,High,global
Rye Whiskey 2002,spirits/cocktails,Jack Daniel's,68.75,11.0,Spicy,Medium,global
Gin 2003,spirits/cocktails,Johnnie Walker,69.5,12.0,Citrusy / Sour,High,global
Gin 2004,spirits/cocktails,Glenfiddich,70.25,13.0,Herbal / Floral,High,global
Scotch 2005,spirits/cocktails,Gordon's,71.0,14.0,Smoky,Medium,global
Cognac 2006,wine,Tanqueray,71.75,15.0,Rich / Fruity,High,global
Vodka 2007,spirits/cocktails,Bacardi,72.5,16.0,Dry / Crisp,High,global
Aged Bourbon 2008,spirits/cocktails,Patron,73.25,17.0,Nutty / Woody,Medium,global
Bourbon 2009,spirits/cocktails,Absolut,74.0,18.0,Sweet,High,global
Rye Whiskey 2010,spirits/cocktails,Smirnoff,74.75,19.0,Spicy,High,global
Gin 2011,spirits/cocktails,Moet & Chandon,75.5,20.0,Citrusy / Sour,Medium,global
Gin 2012,spirits/cocktails,La Marca,76.25,21.0,Herbal / Floral,High,global
Scotch 2013,spirits/cocktails,Barefoot,77.0,22.0,Smoky,High,global
Cognac 2014,wine,Robert Mondavi,77.75,23.0,Rich / Fruity,Medium,global
Vodka 2015,spirits/cocktails,Kim Crawford,78.5,24.0,Dry / Crisp,High,global
Aged Bourbon 2016,spirits/cocktails,Crown Royal,79.25,25.0,Nutty / Woody,High,global
Bourbon 2017,spirits/cocktails,Buffalo Trace,80.0,26.0,Sweet,Medium,global
Rye Whiskey 2018,spirits/cocktails,Bulleit,80.75,27.0,Spicy,High,global
Gin 2019,spirits/cocktails,Captain Morgan,81.5,28.0,Citrusy / Sour,High,global
Gin 2020,spirits/cocktails,Don Julio,82.25,29.0,Herbal / Floral,Medium,global
Scotch 2021,spirits/cocktails,Jameson,83.0,30.0,Smoky,High,global
Cognac 2022,wine,Jack Daniel's,83.75,31.0,Rich / Fruity,High,global
Vodka 2023,spirits/cocktails,Johnnie Walker,84.5,32.0,Dry / Crisp,Medium,global
Aged Bourbon 2024,spirits/cocktails,Glenfiddich,85.25,33.0,Nutty / Woody,High,global
Bourbon 2025,spirits/cocktails,Gordon's,86.0,34.0,Sweet,High,global
Rye Whiskey 2026,spirits/cocktails,Tanqueray,86.75,35.0,Spicy,Medium,global
Gin 2027,spirits/cocktails,Bacardi,87.5,36.0,Citrusy / Sour,High,global
Gin 2028,spirits/cocktails,Patron,88.25,37.0,Herbal / Floral,High,global
Scotch 2029,spirits/cocktails,Absolut,89.0,38.0,Smoky,Medium,global
Cognac 2030,wine,Smirnoff,89.75,39.0,Rich / Fruity,High,global
Vodka 2031,spirits/cocktails,Moet & Chandon,90.5,5.0,Dry / Crisp,High,global
Aged Bourbon 2032,spirits/cocktails,La Marca,91.25,6.0,Nutty / Woody,Medium,global
Bourbon 2033,spirits/cocktails,Barefoot,92.0,7.0,Sweet,High,global
Rye Whiskey 2034,spirits/cocktails,Robert Mondavi,92.75,8.0,Spicy,High,global
Gin 2035,spirits/cocktails,Kim Crawford,93.5,9.0,Citrusy / Sour,Medium,global
Gin 2036,spirits/cocktails,Crown Royal,94.25,10.0,Herbal / Floral,High,global
Scotch 2037,spirits/cocktails,Buffalo Trace,95.0,11.0,Smoky,High,global
Cognac 2038,wine,Bulleit,95.75,12.0,Rich / Fruity,Medium,global
Vodka 2039,spirits/cocktails,Captain Morgan,96.5,13.0,Dry / Crisp,High,global
Aged Bourbon 2040,spirits/cocktails,Don Julio,97.25,14.0,Nutty / Woody,High,global
Bourbon 2041,spirits/cocktails,Jameson,8.0,15.0,Sweet,Medium,global
Rye Whiskey 2042,spirits/cocktails,Jack Daniel's,8.75,16.0,Spicy,High,global
Gin 2043,spirits/cocktails,Johnnie Walker,9.5,17.0,Citrusy / Sour,High,global
Gin 2044,spirits/cocktails,Glenfiddich,10.25,18.0,Herbal / Floral,Medium,global
Scotch 2045,spirits/cocktails,Gordon's,11.0,19.0,Smoky,High,global
Cognac 2046,wine,Tanqueray,11.75,20.0,Rich / Fruity,High,global
Vodka 2047,spirits/cocktails,Bacardi,12.5,21.0,Dry / Crisp,Medium,global
Aged Bourbon 2048,spirits/cocktails,Patron,13.25,22.0,Nutty / Woody,High,global
Bourbon 2049,spirits/cocktails,Absolut,14.0,23.0,Sweet,High,global
Rye Whiskey 2050,spirits/cocktails,Smirnoff,14.75,24.0,Spicy,Medium,global
Gin 2051,spirits/cocktails,Moet & Chandon,15.5,25.0,Citrusy / Sour,High,global
Gin 2052,spirits/cocktails,La Marca,16.25,26.0,Herbal / Floral,High,global
Scotch 2053,spirits/cocktails,Barefoot,17.0,27.0,Smoky,Medium,global
Cognac 2054,wine,Robert Mondavi,17.75,28.0,Rich / Fruity,High,global
Vodka 2055,spirits/cocktails,Kim Crawford,18.5,29.0,Dry / Crisp,High,global
Aged Bourbon 2056,spirits/cocktails,Crown Royal,19.25,30.0,Nutty / Woody,Medium,global
Bourbon 2057,spirits/cocktails,Buffalo Trace,20.0,31.0,Sweet,High,global
Rye Whiskey 2058,spirits/cocktails,Bulleit,20.75,32.0,Spicy,High,global
Gin 2059,spirits/cocktails,Captain Morgan,21.5,33.0,Citrusy / Sour,Medium,global
Gin 2060,spirits/cocktails,Don Julio,22.25,34.0,Herbal / Floral,High,global
Scotch 2061,spirits/cocktails,Jameson,23.0,35.0,Smoky,High,global
Cognac 2062,wine,Jack Daniel's,23.75,36.0,Rich / Fruity,Medium,global
Vodka 2063,spirits/cocktails,Johnnie Walker,24.5,37.0,Dry / Crisp,High,global
Aged Bourbon 2064,spirits/cocktails,Glenfiddich,25.25,38.0,Nutty / Woody,High,global
Bourbon 2065,spirits/cocktails,Gordon's,26.0,39.0,Sweet,Medium,global
Rye Whiskey 2066,spirits/cocktails,Tanqueray,26.75,5.0,Spicy,High,global
Gin 2067,spirits/cocktails,Bacardi,27.5,6.0,Citrusy / Sour,High,global
Gin 2068,spirits/cocktails,Patron,28.25,7.0,Herbal / Floral,Medium,global
Scotch 2069,spirits/cocktails,Absolut,29.0,8.0,Smoky,High,global
Cognac 2070,wine,Smirnoff,29.75,9.0,Rich / Fruity,High,global
Vodka 2071,spirits/cocktails,Moet & Chandon,30.5,10.0,Dry / Crisp,Medium,global
Aged Bourbon 2072,spirits/cocktails,La Marca,31.25,11.0,Nutty / Woody,High,global
Bourbon 2073,spirits/cocktails,Barefoot,32.0,12.0,Sweet,High,global
Rye Whiskey 2074,spirits/cocktails,Robert Mondavi,32.75,13.0,Spicy,Medium,global
Gin 2075,spirits/cocktails,Kim Crawford,33.5,14.0,Citrusy / Sour,High,global
Gin 2076,spirits/cocktails,Crown Royal,34.25,15.0,Herbal / Floral,High,global
Scotch 2077,spirits/cocktails,Buffalo Trace,35.0,16.0,Smoky,Medium,global
Cognac 2078,wine,Bulleit,35.75,17.0,Rich / Fruity,High,global
Vodka 2079,spirits/cocktails,Captain Morgan,36.5,18.0,Dry / Crisp,High,global
Aged Bourbon 2080,spirits/cocktails,Don Julio,37.25,19.0,Nutty / Woody,Medium,global
Bourbon 2081,spirits/cocktails,Jameson,38.0,20.0,Sweet,High,global
Rye Whiskey 2082,spirits/cocktails,Jack Daniel's,38.75,21.0,Spicy,High,global
Gin 2083,spirits/cocktails,Johnnie Walker,39.5,22.0,Citrusy / Sour,Medium,global
Gin 2084,spirits/cocktails,Glenfiddich,40.25,23.0,Herbal / Floral,High,global
Scotch 2085,spirits/cocktails,Gordon's,41.0,24.0,Smoky,High,global
Cognac 2086,wine,Tanqueray,41.75,25.0,Rich / Fruity,Medium,global
Vodka 2087,spirits/cocktails,Bacardi,42.5,26.0,Dry / Crisp,High,global
Aged Bourbon 2088,spirits/cocktails,Patron,43.25,27.0,Nutty / Woody,High,global
Bourbon 2089,spirits/cocktails,Absolut,44.0,28.0,Sweet,Medium,global
Rye Whiskey 2090,spirits/cocktails,Smirnoff,44.75,29.0,Spicy,High,global
Gin 2091,spirits/cocktails,Moet & Chandon,45.5,30.0,Citrusy / Sour,High,global
Gin 2092,spirits/cocktails,La Marca,46.25,31.0,Herbal / Floral,Medium,global
Scotch 2093,spirits/cocktails,Barefoot,47.0,32.0,Smoky,High,global
Cognac 2094,wine,Robert Mondavi,47.75,33.0,Rich / Fruity,High,global
Vodka 2095,spirits/cocktails,Kim Crawford,48.5,34.0,Dry / Crisp,Medium,global
Aged Bourbon 2096,spirits/cocktails,Crown Royal,49.25,35.0,Nutty / Woody,High,global
Bourbon 2097,spirits/cocktails,Buffalo Trace,50.0,36.0,Sweet,High,global
Rye Whiskey 2098,spirits/cocktails,Bulleit,50.75,37.0,Spicy,Medium,global
Gin 2099,spirits/cocktails,Captain Morgan,51.5,38.0,Citrusy / Sour,High,global
Gin 2100,spirits/cocktails,Don Julio,52.25,39.0,Herbal / Floral,High,global
Scotch 2101,spirits/cocktails,Jameson,53.0,5.0,Smoky,Medium,global
Cognac 2102,wine,Jack Daniel's,53.75,6.0,Rich / Fruity,High,global
Vodka 2103,spirits/cocktails,Johnnie Walker,54.5,7.0,Dry / Crisp,High,global
Aged Bourbon 2104,spirits/cocktails,Glenfiddich,55.25,8.0,Nutty / Woody,Medium,global
Bourbon 2105,spirits/cocktails,Gordon's,56.0,9.0,Sweet,High,global
Rye Whiskey 2106,spirits/cocktails,Tanqueray,56.75,10.0,Spicy,High,global
Gin 2107,spirits/cocktails,Bacardi,57.5,11.0,Citrusy / Sour,Medium,global
Gin 2108,spirits/cocktails,Patron,58.25,12.0,Herbal / Floral,High,global
Scotch 2109,spirits/cocktails,Absolut,59.0,13.0,Smoky,High,global
Cognac 2110,wine,Smirnoff,59.75,14.0,Rich / Fruity,Medium,global
Vodka 2111,spirits/cocktails,Moet & Chandon,60.5,15.0,Dry / Crisp,High,global
Aged Bourbon 2112,spirits/cocktails,La Marca,61.25,16.0,Nutty / Woody,High,global
Bourbon 2113,spirits/cocktails,Barefoot,62.0,17.0,Sweet,Medium,global
Rye Whiskey 2114,spirits/cocktails,Robert Mondavi,62.75,18.0,Spicy,High,global
Gin 2115,spirits/cocktails,Kim Crawford,63.5,19.0,Citrusy / Sour,High,global
Gin 2116,spirits/cocktails,Crown Royal,64.25,20.0,Herbal / Floral,Medium,global
Scotch 2117,spirits/cocktails,Buffalo Trace,65.0,21.0,Smoky,High,global
Cognac 2118,wine,Bulleit,65.75,22.0,Rich / Fruity,High,global
Vodka 2119,spirits/cocktails,Captain Morgan,66.5,23.0,Dry / Crisp,Medium,global
Aged Bourbon 2120,spirits/cocktails,Don Julio,67.25,24.0,Nutty / Woody,High,global
Bourbon 2121,spirits/cocktails,Jameson,68.0,25.0,Sweet,High,global
Rye Whiskey 2122,spirits/cocktails,Jack Daniel's,68.75,26.0,Spicy,Medium,global
Gin 2123,spirits/cocktails,Johnnie Walker,69.5,27.0,Citrusy / Sour,High,global
Gin 2124,spirits/cocktails,Glenfiddich,70.25,28.0,Herbal / Floral,High,global
Scotch 2125,spirits/cocktails,Gordon's,71.0,29.0,Smoky,Medium,global
Cognac 2126,wine,Tanqueray,71.75,30.0,Rich / Fruity,High,global
Vodka 2127,spirits/cocktails,Bacardi,72.5,31.0,Dry / Crisp,High,global
Aged Bourbon 2128,spirits/cocktails,Patron,73.25,32.0,Nutty / Woody,Medium,global
Bourbon 2129,spirits/cocktails,Absolut,74.0,33.0,Sweet,High,global
Rye Whiskey 2130,spirits/cocktails,Smirnoff,74.75,34.0,Spicy,High,global
Gin 2131,spirits/cocktails,Moet & Chandon,75.5,35.0,Citrusy / Sour,Medium,global
Gin 2132,spirits/cocktails,La Marca,76.25,36.0,Herbal / Floral,High,global
Scotch 2133,spirits/cocktails,Barefoot,77.0,37.0,Smoky,High,global
Cognac 2134,wine,Robert Mondavi,77.75,38.0,Rich / Fruity,Medium,global
Vodka 2135,spirits/cocktails,Kim Crawford,78.5,39.0,Dry / Crisp,High,global
Aged Bourbon 2136,spirits/cocktails,Crown Royal,79.25,5.0,Nutty / Woody,High,global
Bourbon 2137,spirits/cocktails,Buffalo Trace,80.0,6.0,Sweet,Medium,global
Rye Whiskey 2138,spirits/cocktails,Bulleit,80.75,7.0,Spicy,High,global
Gin 2139,spirits/cocktails,Captain Morgan,81.5,8.0,Citrusy / Sour,High,global
Gin 2140,spirits/cocktails,Don Julio,82.25,9.0,Herbal / Floral,Medium,global
Scotch 2141,spirits/cocktails,Jameson,83.0,10.0,Smoky,High,global
Cognac 2142,wine,Jack Daniel's,83.75,11.0,Rich / Fruity,High,global
Vodka 2143,spirits/cocktails,Johnnie Walker,84.5,12.0,Dry / Crisp,Medium,global
Aged Bourbon 2144,spirits/cocktails,Glenfiddich,85.25,13.0,Nutty / Woody,High,global
Bourbon 2145,spirits/cocktails,Gordon's,86.0,14.0,Sweet,High,global
Rye Whiskey 2146,spirits/cocktails,Tanqueray,86.75,15.0,Spicy,Medium,global
Gin 2147,spirits/cocktails,Bacardi,87.5,16.0,Citrusy / Sour,High,global
Gin 2148,spirits/cocktails,Patron,88.25,17.0,Herbal / Floral,High,global
Scotch 2149,spirits/cocktails,Absolut,89.0,18.0,Smoky,Medium,global
Cognac 2150,wine,Smirnoff,89.75,19.0,Rich / Fruity,High,global
Vodka 2151,spirits/cocktails,Moet & Chandon,90.5,20.0,Dry / Crisp,High,global
Aged Bourbon 2152,spirits/cocktails,La Marca,91.25,21.0,Nutty / Woody,Medium,global
Bourbon 2153,spirits/cocktails,Barefoot,92.0,22.0,Sweet,High,global
Rye Whiskey 2154,spirits/cocktails,Robert Mondavi,92.75,23.0,Spicy,High,global
Gin 2155,spirits/cocktails,Kim Crawford,93.5,24.0,Citrusy / Sour,Medium,global
Gin 2156,spirits/cocktails,Crown Royal,94.25,25.0,Herbal / Floral,High,global
Scotch 2157,spirits/cocktails,Buffalo Trace,95.0,26.0,Smoky,High,global
Cognac 2158,wine,Bulleit,95.75,27.0,Rich / Fruity,Medium,global
Vodka 2159,spirits/cocktails,Captain Morgan,96.5,28.0,Dry / Crisp,High,global
Aged Bourbon 2160,spirits/cocktails,Don Julio,97.25,29.0,Nutty / Woody,High,global
Bourbon 2161,spirits/cocktails,Jameson,8.0,30.0,Sweet,Medium,global
Rye Whiskey 2162,spirits/cocktails,Jack Daniel's,8.75,31.0,Spicy,High,global
Gin 2163,spirits/cocktails,Johnnie Walker,9.5,32.0,Citrusy / Sour,High,global
Gin 2164,spirits/cocktails,Glenfiddich,10.25,33.0,Herbal / Floral,Medium,global
Scotch 2165,spirits/cocktails,Gordon's,11.0,34.0,Smoky,High,global
Cognac 2166,wine,Tanqueray,11.75,35.0,Rich / Fruity,High,global
Vodka 2167,spirits/cocktails,Bacardi,12.5,36.0,Dry / Crisp,Medium,global
Aged Bourbon 2168,spirits/cocktails,Patron,13.25,37.0,Nutty / Woody,High,global
Bourbon 2169,spirits/cocktails,Absolut,14.0,38.0,Sweet,High,global
Rye Whiskey 2170,spirits/cocktails,Smirnoff,14.75,39.0,Spicy,Medium,global
Gin 2171,spirits/cocktails,Moet & Chandon,15.5,5.0,Citrusy / Sour,High,global
Gin 2172,spirits/cocktails,La Marca,16.25,6.0,Herbal / Floral,High,global
Scotch 2173,spirits/cocktails,Barefoot,17.0,7.0,Smoky,Medium,global
Cognac 2174,wine,Robert Mondavi,17.75,8.0,Rich / Fruity,High,global
Vodka 2175,spirits/cocktails,Kim Crawford,18.5,9.0,Dry / Crisp,High,global
Aged Bourbon 2176,spirits/cocktails,Crown Royal,19.25,10.0,Nutty / Woody,Medium,global
Bourbon 2177,spirits/cocktails,Buffalo Trace,20.0,11.0,Sweet,High,global
Rye Whiskey 2178,spirits/cocktails,Bulleit,20.75,12.0,Spicy,High,global
Gin 2179,spirits/cocktails,Captain Morgan,21.5,13.0,Citrusy / Sour,Medium,global
Gin 2180,spirits/cocktails,Don Julio,22.25,14.0,Herbal / Floral,High,global
Scotch 2181,spirits/cocktails,Jameson,23.0,15.0,Smoky,High,global
Cognac 2182,wine,Jack Daniel's,23.75,16.0,Rich / Fruity,Medium,global
Vodka 2183,spirits/cocktails,Johnnie Walker,24.5,17.0,Dry / Crisp,High,global
Aged Bourbon 2184,spirits/cocktails,Glenfiddich,25.25,18.0,Nutty / Woody,High,global
Bourbon 2185,spirits/cocktails,Gordon's,26.0,19.0,Sweet,Medium,global
Rye Whiskey 2186,spirits/cocktails,Tanqueray,26.75,20.0,Spicy,High,global
Gin 2187,spirits/cocktails,Bacardi,27.5,21.0,Citrusy / Sour,High,global
Gin 2188,spirits/cocktails,Patron,28.25,22.0,Herbal / Floral,Medium,global
Scotch 2189,spirits/cocktails,Absolut,29.0,23.0,Smoky,High,global
Cognac 2190,wine,Smirnoff,29.75,24.0,Rich / Fruity,High,global
Vodka 2191,spirits/cocktails,Moet & Chandon,30.5,25.0,Dry / Crisp,Medium,global
Aged Bourbon 2192,spirits/cocktails,La Marca,31.25,26.0,Nutty / Woody,High,global
Bourbon 2193,spirits/cocktails,Barefoot,32.0,27.0,Sweet,High,global
Rye Whiskey 2194,spirits/cocktails,Robert Mondavi,32.75,28.0,Spicy,Medium,global
Gin 2195,spirits/cocktails,Kim Crawford,33.5,29.0,Citrusy / Sour,High,global
Gin 2196,spirits/cocktails,Crown Royal,34.25,30.0,Herbal / Floral,High,global
Scotch 2197,spirits/cocktails,Buffalo Trace,35.0,31.0,Smoky,Medium,global
Cognac 2198,wine,Bulleit,35.75,32.0,Rich / Fruity,High,global
Vodka 2199,spirits/cocktails,Captain Morgan,36.5,33.0,Dry / Crisp,High,global
Aged Bourbon 2200,spirits/cocktails,Don Julio,37.25,34.0,Nutty / Woody,Medium,global
Bourbon 2201,spirits/cocktails,Jameson,38.0,35.0,Sweet,High,global
Rye Whiskey 2202,spirits/cocktails,Jack Daniel's,38.75,36.0,Spicy,High,global
Gin 2203,spirits/cocktails,Johnnie Walker,39.5,37.0,Citrusy / Sour,Medium,global
Gin 2204,spirits/cocktails,Glenfiddich,40.25,38.0,Herbal / Floral,High,global
Scotch 2205,spirits/cocktails,Gordon's,41.0,39.0,Smoky,High,global
Cognac 2206,wine,Tanqueray,41.75,5.0,Rich / Fruity,Medium,global
Vodka 2207,spirits/cocktails,Bacardi,42.5,6.0,Dry / Crisp,High,global
Aged Bourbon 2208,spirits/cocktails,Patron,43.25,7.0,Nutty / Woody,High,global
Bourbon 2209,spirits/cocktails,Absolut,44.0,8.0,Sweet,Medium,global
Rye Whiskey 2210,spirits/cocktails,Smirnoff,44.75,9.0,Spicy,High,global
Gin 2211,spirits/cocktails,Moet & Chandon,45.5,10.0,Citrusy / Sour,High,global
Gin 2212,spirits/cocktails,La Marca,46.25,11.0,Herbal / Floral,Medium,global
Scotch 2213,spirits/cocktails,Barefoot,47.0,12.0,Smoky,High,global
Cognac 2214,wine,Robert Mondavi,47.75,13.0,Rich / Fruity,High,global
Vodka 2215,spirits/cocktails,Kim Crawford,48.5,14.0,Dry / Crisp,Medium,global
Aged Bourbon 2216,spirits/cocktails,Crown Royal,49.25,15.0,Nutty / Woody,High,global
Bourbon 2217,spirits/cocktails,Buffalo Trace,50.0,16.0,Sweet,High,global
Rye Whiskey 2218,spirits/cocktails,Bulleit,50.75,17.0,Spicy,Medium,global
Gin 2219,spirits/cocktails,Captain Morgan,51.5,18.0,Citrusy / Sour,High,global
Gin 2220,spirits/cocktails,Don Julio,52.25,19.0,Herbal / Floral,High,global
Scotch 2221,spirits/cocktails,Jameson,53.0,20.0,Smoky,Medium,global
Cognac 2222,wine,Jack Daniel's,53.75,21.0,Rich / Fruity,High,global
Vodka 2223,spirits/cocktails,Johnnie Walker,54.5,22.0,Dry / Crisp,High,global
Aged Bourbon 2224,spirits/cocktails,Glenfiddich,55.25,23.0,Nutty / Woody,Medium,global
Bourbon 2225,spirits/cocktails,Gordon's,56.0,24.0,Sweet,High,global
Rye Whiskey 2226,spirits/cocktails,Tanqueray,56.75,25.0,Spicy,High,global
Gin 2227,spirits/cocktails,Bacardi,57.5,26.0,Citrusy / Sour,Medium,global
Gin 2228,spirits/cocktails,Patron,58.25,27.0,Herbal / Floral,High,global
Scotch 2229,spirits/cocktails,Absolut,59.0,28.0,Smoky,High,global
Cognac 2230,wine,Smirnoff,59.75,29.0,Rich / Fruity,Medium,global
Vodka 2231,spirits/cocktails,Moet & Chandon,60.5,30.0,Dry / Crisp,High,global
Aged Bourbon 2232,spirits/cocktails,La Marca,61.25,31.0,Nutty / Woody,High,global
Bourbon 2233,spirits/cocktails,Barefoot,62.0,32.0,Sweet,Medium,global
Rye Whiskey 2234,spirits/cocktails,Robert Mondavi,62.75,33.0,Spicy,High,global
Gin 2235,spirits/cocktails,Kim Crawford,63.5,34.0,Citrusy / Sour,High,global
Gin 2236,spirits/cocktails,Crown Royal,64.25,35.0,Herbal / Floral,Medium,global
Scotch 2237,spirits/cocktails,Buffalo Trace,65.0,36.0,Smoky,High,global
Cognac 2238,wine,Bulleit,65.75,37.0,Rich / Fruity,High,global
Vodka 2239,spirits/cocktails,Captain Morgan,66.5,38.0,Dry / Crisp,Medium,global
Aged Bourbon 2240,spirits/cocktails,Don Julio,67.25,39.0,Nutty / Woody,High,global
Bourbon 2241,spirits/cocktails,Jameson,68.0,5.0,Sweet,High,global
Rye Whiskey 2242,spirits/cocktails,Jack Daniel's,68.75,6.0,Spicy,Medium,global
Gin 2243,spirits/cocktails,Johnnie Walker,69.5,7.0,Citrusy / Sour,High,global
Gin 2244,spirits/cocktails,Glenfiddich,70.25,8.0,Herbal / Floral,High,global
Scotch 2245,spirits/cocktails,Gordon's,71.0,9.0,Smoky,Medium,global
Cognac 2246,wine,Tanqueray,71.75,10.0,Rich / Fruity,High,global
Vodka 2247,spirits/cocktails,Bacardi,72.5,11.0,Dry / Crisp,High,global
Aged Bourbon 2248,spirits/cocktails,Patron,73.25,12.0,Nutty / Woody,Medium,global
Bourbon 2249,spirits/cocktails,Absolut,74.0,13.0,Sweet,High,global
Rye Whiskey 2250,spirits/cocktails,Smirnoff,74.75,14.0,Spicy,High,global
Gin 2251,spirits/cocktails,Moet & Chandon,75.5,15.0,Citrusy / Sour,Medium,global
Gin 2252,spirits/cocktails,La Marca,76.25,16.0,Herbal / Floral,High,global
Scotch 2253,spirits/cocktails,Barefoot,77.0,17.0,Smoky,High,global
Cognac 2254,wine,Robert Mondavi,77.75,18.0,Rich / Fruity,Medium,global
Vodka 2255,spirits/cocktails,Kim Crawford,78.5,19.0,Dry / Crisp,High,global
Aged Bourbon 2256,spirits/cocktails,Crown Royal,79.25,20.0,Nutty / Woody,High,global
Bourbon 2257,spirits/cocktails,Buffalo Trace,80.0,21.0,Sweet,Medium,global
Rye Whiskey 2258,spirits/cocktails,Bulleit,80.75,22.0,Spicy,High,global
Gin 2259,spirits/cocktails,Captain Morgan,81.5,23.0,Citrusy / Sour,High,global
Gin 2260,spirits/cocktails,Don Julio,82.25,24.0,Herbal / Floral,Medium,global
Scotch 2261,spirits/cocktails,Jameson,83.0,25.0,Smoky,High,global
Cognac 2262,wine,Jack Daniel's,83.75,26.0,Rich / Fruity,High,global
Vodka 2263,spirits/cocktails,Johnnie Walker,84.5,27.0,Dry / Crisp,Medium,global
Aged Bourbon 2264,spirits/cocktails,Glenfiddich,85.25,28.0,Nutty / Woody,High,global
Bourbon 2265,spirits/cocktails,Gordon's,86.0,29.0,Sweet,High,global
Rye Whiskey 2266,spirits/cocktails,Tanqueray,86.75,30.0,Spicy,Medium,global
Gin 2267,spirits/cocktails,Bacardi,87.5,31.0,Citrusy / Sour,High,global
Gin 2268,spirits/cocktails,Patron,88.25,32.0,Herbal / Floral,High,global
Scotch 2269,spirits/cocktails,Absolut,89.0,33.0,Smoky,Medium,global
Cognac 2270,wine,Smirnoff,89.75,34.0,Rich / Fruity,High,global
Vodka 2271,spirits/cocktails,Moet & Chandon,90.5,35.0,Dry / Crisp,High,global
Aged Bourbon 2272,spirits/cocktails,La Marca,91.25,36.0,Nutty / Woody,Medium,global
Bourbon 2273,spirits/cocktails,Barefoot,92.0,37.0,Sweet,High,global
Rye Whiskey 2274,spirits/cocktails,Robert Mondavi,92.75,38.0,Spicy,High,global
Gin 2275,spirits/cocktails,Kim Crawford,93.5,39.0,Citrusy / Sour,Medium,global
Gin 2276,spirits/cocktails,Crown Royal,94.25,5.0,Herbal / Floral,High,global
Scotch 2277,spirits/cocktails,Buffalo Trace,95.0,6.0,Smoky,High,global
Cognac 2278,wine,Bulleit,95.75,7.0,Rich / Fruity,Medium,global
Vodka 2279,spirits/cocktails,Captain Morgan,96.5,8.0,Dry / Crisp,High,global
Aged Bourbon 2280,spirits/cocktails,Don Julio,97.25,9.0,Nutty / Woody,High,global
Bourbon 2281,spirits/cocktails,Jameson,8.0,10.0,Sweet,Medium,global
Rye Whiskey 2282,spirits/cocktails,Jack Daniel's,8.75,11.0,Spicy,High,global
Gin 2283,spirits/cocktails,Johnnie Walker,9.5,12.0,Citrusy / Sour,High,global
Gin 2284,spirits/cocktails,Glenfiddich,10.25,13.0,Herbal / Floral,Medium,global
Scotch 2285,spirits/cocktails,Gordon's,11.0,14.0,Smoky,High,global
Cognac 2286,wine,Tanqueray,11.75,15.0,Rich / Fruity,High,global
Vodka 2287,spirits/cocktails,Bacardi,12.5,16.0,Dry / Crisp,Medium,global
Aged Bourbon 2288,spirits/cocktails,Patron,13.25,17.0,Nutty / Woody,High,global
Bourbon 2289,spirits/cocktails,Absolut,14.0,18.0,Sweet,High,global
Rye Whiskey 2290,spirits/cocktails,Smirnoff,14.75,19.0,Spicy,Medium,global
Gin 2291,spirits/cocktails,Moet & Chandon,15.5,20.0,Citrusy / Sour,High,global
Gin 2292,spirits/cocktails,La Marca,16.25,21.0,Herbal / Floral,High,global
Scotch 2293,spirits/cocktails,Barefoot,17.0,22.0,Smoky,Medium,global
Cognac 2294,wine,Robert Mondavi,17.75,23.0,Rich / Fruity,High,global
Vodka 2295,spirits/cocktails,Kim Crawford,18.5,24.0,Dry / Crisp,High,global
Aged Bourbon 2296,spirits/cocktails,Crown Royal,19.25,25.0,Nutty / Woody,Medium,global
Bourbon 2297,spirits/cocktails,Buffalo Trace,20.0,26.0,Sweet,High,global
Rye Whiskey 2298,spirits/cocktails,Bulleit,20.75,27.0,Spicy,High,global
Gin 2299,spirits/cocktails,Captain Morgan,21.5,28.0,Citrusy / Sour,Medium,global
Gin 2300,spirits/cocktails,Don Julio,22.25,29.0,Herbal / Floral,High,global
Scotch 2301,spirits/cocktails,Jameson,23.0,30.0,Smoky,High,global
Cognac 2302,wine,Jack Daniel's,23.75,31.0,Rich / Fruity,Medium,global
Vodka 2303,spirits/cocktails,Johnnie Walker,24.5,32.0,Dry / Crisp,High,global
Aged Bourbon 2304,spirits/cocktails,Glenfiddich,25.25,33.0,Nutty / Woody,High,global
Bourbon 2305,spirits/cocktails,Gordon's,26.0,34.0,Sweet,Medium,global
Rye Whiskey 2306,spirits/cocktails,Tanqueray,26.75,35.0,Spicy,High,global
Gin 2307,spirits/cocktails,Bacardi,27.5,36.0,Citrusy / Sour,High,global
Gin 2308,spirits/cocktails,Patron,28.25,37.0,Herbal / Floral,Medium,global
Scotch 2309,spirits/cocktails,Absolut,29.0,38.0,Smoky,High,global
Cognac 2310,wine,Smirnoff,29.75,39.0,Rich / Fruity,High,global
Vodka 2311,spirits/cocktails,Moet & Chandon,30.5,5.0,Dry / Crisp,Medium,global
Aged Bourbon 2312,spirits/cocktails,La Marca,31.25,6.0,Nutty / Woody,High,global
Bourbon 2313,spirits/cocktails,Barefoot,32.0,7.0,Sweet,High,global
Rye Whiskey 2314,spirits/cocktails,Robert Mondavi,32.75,8.0,Spicy,Medium,global
Gin 2315,spirits/cocktails,Kim Crawford,33.5,9.0,Citrusy / Sour,High,global
Gin 2316,spirits/cocktails,Crown Royal,34.25,10.0,Herbal / Floral,High,global
Scotch 2317,spirits/cocktails,Buffalo Trace,35.0,11.0,Smoky,Medium,global
Cognac 2318,wine,Bulleit,35.75,12.0,Rich / Fruity,High,global
Vodka 2319,spirits/cocktails,Captain Morgan,36.5,13.0,Dry / Crisp,High,global
Aged Bourbon 2320,spirits/cocktails,Don Julio,37.25,14.0,Nutty / Woody,Medium,global
Bourbon 2321,spirits/cocktails,Jameson,38.0,15.0,Sweet,High,global
Rye Whiskey 2322,spirits/cocktails,Jack Daniel's,38.75,16.0,Spicy,High,global
Gin 2323,spirits/cocktails,Johnnie Walker,39.5,17.0,Citrusy / Sour,Medium,global
Gin 2324,spirits/cocktails,Glenfiddich,40.25,18.0,Herbal / Floral,High,global
Scotch 2325,spirits/cocktails,Gordon's,41.0,19.0,Smoky,High,global
Cognac 2326,wine,Tanqueray,41.75,20.0,Rich / Fruity,Medium,global
Vodka 2327,spirits/cocktails,Bacardi,42.5,21.0,Dry / Crisp,High,global
Aged Bourbon 2328,spirits/cocktails,Patron,43.25,22.0,Nutty / Woody,High,global
Bourbon 2329,spirits/cocktails,Absolut,44.0,23.0,Sweet,Medium,global
Rye Whiskey 2330,spirits/cocktails,Smirnoff,44.75,24.0,Spicy,High,global
Gin 2331,spirits/cocktails,Moet & Chandon,45.5,25.0,Citrusy / Sour,High,global
Gin 2332,spirits/cocktails,La Marca,46.25,26.0,Herbal / Floral,Medium,global
Scotch 2333,spirits/cocktails,Barefoot,47.0,27.0,Smoky,High,global
Cognac 2334,wine,Robert Mondavi,47.75,28.0,Rich / Fruity,High,global
Vodka 2335,spirits/cocktails,Kim Crawford,48.5,29.0,Dry / Crisp,Medium,global
Aged Bourbon 2336,spirits/cocktails,Crown Royal,49.25,30.0,Nutty / Woody,High,global
Bourbon 2337,spirits/cocktails,Buffalo Trace,50.0,31.0,Sweet,High,global
Rye Whiskey 2338,spirits/cocktails,Bulleit,50.75,32.0,Spicy,Medium,global
Gin 2339,spirits/cocktails,Captain Morgan,51.5,33.0,Citrusy / Sour,High,global
Gin 2340,spirits/cocktails,Don Julio,52.25,34.0,Herbal / Floral,High,global
Scotch 2341,spirits/cocktails,Jameson,53.0,35.0,Smoky,Medium,global
Cognac 2342,wine,Jack Daniel's,53.75,36.0,Rich / Fruity,High,global
Vodka 2343,spirits/cocktails,Johnnie Walker,54.5,37.0,Dry / Crisp,High,global
Aged Bourbon 2344,spirits/cocktails,Glenfiddich,55.25,38.0,Nutty / Woody,Medium,global
Bourbon 2345,spirits/cocktails,Gordon's,56.0,39.0,Sweet,High,global
Rye Whiskey 2346,spirits/cocktails,Tanqueray,56.75,5.0,Spicy,High,global
Gin 2347,spirits/cocktails,Bacardi,57.5,6.0,Citrusy / Sour,Medium,global
Gin 2348,spirits/cocktails,Patron,58.25,7.0,Herbal / Floral,High,global
Scotch 2349,spirits/cocktails,Absolut,59.0,8.0,Smoky,High,global
Cognac 2350,wine,Smirnoff,59.75,9.0,Rich / Fruity,Medium,global
Vodka 2351,spirits/cocktails,Moet & Chandon,60.5,10.0,Dry / Crisp,High,global
Aged Bourbon 2352,spirits/cocktails,La Marca,61.25,11.0,Nutty / Woody,High,global
Bourbon 2353,spirits/cocktails,Barefoot,62.0,12.0,Sweet,Medium,global
Rye Whiskey 2354,spirits/cocktails,Robert Mondavi,62.75,13.0,Spicy,High,global
Gin 2355,spirits/cocktails,Kim Crawford,63.5,14.0,Citrusy / Sour,High,global
Gin 2356,spirits/cocktails,Crown Royal,64.25,15.0,Herbal / Floral,Medium,global
Scotch 2357,spirits/cocktails,Buffalo Trace,65.0,16.0,Smoky,High,global
Cognac 2358,wine,Bulleit,65.75,17.0,Rich / Fruity,High,global
Vodka 2359,spirits/cocktails,Captain Morgan,66.5,18.0,Dry / Crisp,Medium,global
Aged Bourbon 2360,spirits/cocktails,Don Julio,67.25,19.0,Nutty / Woody,High,global
Bourbon 2361,spirits/cocktails,Jameson,68.0,20.0,Sweet,High,global
Rye Whiskey 2362,spirits/cocktails,Jack Daniel's,68.75,21.0,Spicy,Medium,global
Gin 2363,spirits/cocktails,Johnnie Walker,69.5,22.0,Citrusy / Sour,High,global
Gin 2364,spirits/cocktails,Glenfiddich,70.25,23.0,Herbal / Floral,High,global
Scotch 2365,spirits/cocktails,Gordon's,71.0,24.0,Smoky,Medium,global
Cognac 2366,wine,Tanqueray,71.75,25.0,Rich / Fruity,High,global
Vodka 2367,spirits/cocktails,Bacardi,72.5,26.0,Dry / Crisp,High,global
Aged Bourbon 2368,spirits/cocktails,Patron,73.25,27.0,Nutty / Woody,Medium,global
Bourbon 2369,spirits/cocktails,Absolut,74.0,28.0,Sweet,High,global
Rye Whiskey 2370,spirits/cocktails,Smirnoff,74.75,29.0,Spicy,High,global
Gin 2371,spirits/cocktails,Moet & Chandon,75.5,30.0,Citrusy / Sour,Medium,global
Gin 2372,spirits/cocktails,La Marca,76.25,31.0,Herbal / Floral,High,global
Scotch 2373,spirits/cocktails,Barefoot,77.0,32.0,Smoky,High,global
Cognac 2374,wine,Robert Mondavi,77.75,33.0,Rich / Fruity,Medium,global
Vodka 2375,spirits/cocktails,Kim Crawford,78.5,34.0,Dry / Crisp,High,global
Aged Bourbon 2376,spirits/cocktails,Crown Royal,79.25,35.0,Nutty / Woody,High,global
Bourbon 2377,spirits/cocktails,Buffalo Trace,80.0,36.0,Sweet,Medium,global
Rye Whiskey 2378,spirits/cocktails,Bulleit,80.75,37.0,Spicy,High,global
Gin 2379,spirits/cocktails,Captain Morgan,81.5,38.0,Citrusy / Sour,High,global
Gin 2380,spirits/cocktails,Don Julio,82.25,39.0,Herbal / Floral,Medium,global
Scotch 2381,spirits/cocktails,Jameson,83.0,5.0,Smoky,High,global
Cognac 2382,wine,Jack Daniel's,83.75,6.0,Rich / Fruity,High,global
Vodka 2383,spirits/cocktails,Johnnie Walker,84.5,7.0,Dry / Crisp,Medium,global
Aged Bourbon 2384,spirits/cocktails,Glenfiddich,85.25,8.0,Nutty / Woody,High,global
Bourbon 2385,spirits/cocktails,Gordon's,86.0,9.0,Sweet,High,global
Rye Whiskey 2386,spirits/cocktails,Tanqueray,86.75,10.0,Spicy,Medium,global
Gin 2387,spirits/cocktails,Bacardi,87.5,11.0,Citrusy / Sour,High,global
Gin 2388,spirits/cocktails,Patron,88.25,12.0,Herbal / Floral,High,global
Scotch 2389,spirits/cocktails,Absolut,89.0,13.0,Smoky,Medium,global
Cognac 2390,wine,Smirnoff,89.75,14.0,Rich / Fruity,High,global
Vodka 2391,spirits/cocktails,Moet & Chandon,90.5,15.0,Dry / Crisp,High,global
Aged Bourbon 2392,spirits/cocktails,La Marca,91.25,16.0,Nutty / Woody,Medium,global
Bourbon 2393,spirits/cocktails,Barefoot,92.0,17.0,Sweet,High,global
Rye Whiskey 2394,spirits/cocktails,Robert Mondavi,92.75,18.0,Spicy,High,global
Gin 2395,spirits/cocktails,Kim Crawford,93.5,19.0,Citrusy / Sour,Medium,global
Gin 2396,spirits/cocktails,Crown Royal,94.25,20.0,Herbal / Floral,High,global
Scotch 2397,spirits/cocktails,Buffalo Trace,95.0,21.0,Smoky,High,global
Cognac 2398,wine,Bulleit,95.75,22.0,Rich / Fruity,Medium,global
Vodka 2399,spirits/cocktails,Captain Morgan,96.5,23.0,Dry / Crisp,High,global
Aged Bourbon 2400,spirits/cocktails,Don Julio,97.25,24.0,Nutty / Woody,High,global
Bourbon 2401,spirits/cocktails,Jameson,8.0,25.0,Sweet,Medium,global
Rye Whiskey 2402,spirits/cocktails,Jack Daniel's,8.75,26.0,Spicy,High,global
Gin 2403,spirits/cocktails,Johnnie Walker,9.5,27.0,Citrusy / Sour,High,global
Gin 2404,spirits/cocktails,Glenfiddich,10.25,28.0,Herbal / Floral,Medium,global
Scotch 2405,spirits/cocktails,Gordon's,11.0,29.0,Smoky,High,global
Cognac 2406,wine,Tanqueray,11.75,30.0,Rich / Fruity,High,global
Vodka 2407,spirits/cocktails,Bacardi,12.5,31.0,Dry / Crisp,Medium,global
Aged Bourbon 2408,spirits/cocktails,Patron,13.25,32.0,Nutty / Woody,High,global
Bourbon 2409,spirits/cocktails,Absolut,14.0,33.0,Sweet,High,global
Rye Whiskey 2410,spirits/cocktails,Smirnoff,14.75,34.0,Spicy,Medium,global
Gin 2411,spirits/cocktails,Moet & Chandon,15.5,35.0,Citrusy / Sour,High,global
Gin 2412,spirits/cocktails,La Marca,16.25,36.0,Herbal / Floral,High,global
Scotch 2413,spirits/cocktails,Barefoot,17.0,37.0,Smoky,Medium,global
Cognac 2414,wine,Robert Mondavi,17.75,38.0,Rich / Fruity,High,global
Vodka 2415,spirits/cocktails,Kim Crawford,18.5,39.0,Dry / Crisp,High,global
Aged Bourbon 2416,spirits/cocktails,Crown Royal,19.25,5.0,Nutty / Woody,Medium,global
Bourbon 2417,spirits/cocktails,Buffalo Trace,20.0,6.0,Sweet,High,global
Rye Whiskey 2418,spirits/cocktails,Bulleit,20.75,7.0,Spicy,High,global
Gin 2419,spirits/cocktails,Captain Morgan,21.5,8.0,Citrusy / Sour,Medium,global
Gin 2420,spirits/cocktails,Don Julio,22.25,9.0,Herbal / Floral,High,global
Scotch 2421,spirits/cocktails,Jameson,23.0,10.0,Smoky,High,global
Cognac 2422,wine,Jack Daniel's,23.75,11.0,Rich / Fruity,Medium,global
Vodka 2423,spirits/cocktails,Johnnie Walker,24.5,12.0,Dry / Crisp,High,global
Aged Bourbon 2424,spirits/cocktails,Glenfiddich,25.25,13.0,Nutty / Woody,High,global
Bourbon 2425,spirits/cocktails,Gordon's,26.0,14.0,Sweet,Medium,global
Rye Whiskey 2426,spirits/cocktails,Tanqueray,26.75,15.0,Spicy,High,global
Gin 2427,spirits/cocktails,Bacardi,27.5,16.0,Citrusy / Sour,High,global
Gin 2428,spirits/cocktails,Patron,28.25,17.0,Herbal / Floral,Medium,global
Scotch 2429,spirits/cocktails,Absolut,29.0,18.0,Smoky,High,global
Cognac 2430,wine,Smirnoff,29.75,19.0,Rich / Fruity,High,global
Vodka 2431,spirits/cocktails,Moet & Chandon,30.5,20.0,Dry / Crisp,Medium,global
Aged Bourbon 2432,spirits/cocktails,La Marca,31.25,21.0,Nutty / Woody,High,global
Bourbon 2433,spirits/cocktails,Barefoot,32.0,22.0,Sweet,High,global
Rye Whiskey 2434,spirits/cocktails,Robert Mondavi,32.75,23.0,Spicy,Medium,global
Gin 2435,spirits/cocktails,Kim Crawford,33.5,24.0,Citrusy / Sour,High,global
Gin 2436,spirits/cocktails,Crown Royal,34.25,25.0,Herbal / Floral,High,global
Scotch 2437,spirits/cocktails,Buffalo Trace,35.0,26.0,Smoky,Medium,global
Cognac 2438,wine,Bulleit,35.75,27.0,Rich / Fruity,High,global
Vodka 2439,spirits/cocktails,Captain Morgan,36.5,28.0,Dry / Crisp,High,global
Aged Bourbon 2440,spirits/cocktails,Don Julio,37.25,29.0,Nutty / Woody,Medium,global
Bourbon 2441,spirits/cocktails,Jameson,38.0,30.0,Sweet,High,global
Rye Whiskey 2442,spirits/cocktails,Jack Daniel's,38.75,31.0,Spicy,High,global
Gin 2443,spirits/cocktails,Johnnie Walker,39.5,32.0,Citrusy / Sour,Medium,global
Gin 2444,spirits/cocktails,Glenfiddich,40.25,33.0,Herbal / Floral,High,global
Scotch 2445,spirits/cocktails,Gordon's,41.0,34.0,Smoky,High,global
Cognac 2446,wine,Tanqueray,41.75,35.0,Rich / Fruity,Medium,global
Vodka 2447,spirits/cocktails,Bacardi,42.5,36.0,Dry / Crisp,High,global
Aged Bourbon 2448,spirits/cocktails,Patron,43.25,37.0,Nutty / Woody,High,global
Bourbon 2449,spirits/cocktails,Absolut,44.0,38.0,Sweet,Medium,global
Rye Whiskey 2450,spirits/cocktails,Smirnoff,44.75,39.0,Spicy,High,global
Gin 2451,spirits/cocktails,Moet & Chandon,45.5,5.0,Citrusy / Sour,High,global
Gin 2452,spirits/cocktails,La Marca,46.25,6.0,Herbal / Floral,Medium,global
Scotch 2453,spirits/cocktails,Barefoot,47.0,7.0,Smoky,High,global
Cognac 2454,wine,Robert Mondavi,47.75,8.0,Rich / Fruity,High,global
Vodka 2455,spirits/cocktails,Kim Crawford,48.5,9.0,Dry / Crisp,Medium,global
Aged Bourbon 2456,spirits/cocktails,Crown Royal,49.25,10.0,Nutty / Woody,High,global
Bourbon 2457,spirits/cocktails,Buffalo Trace,50.0,11.0,Sweet,High,global
Rye Whiskey 2458,spirits/cocktails,Bulleit,50.75,12.0,Spicy,Medium,global
Gin 2459,spirits/cocktails,Captain Morgan,51.5,13.0,Citrusy / Sour,High,global
Gin 2460,spirits/cocktails,Don Julio,52.25,14.0,Herbal / Floral,High,global
Scotch 2461,spirits/cocktails,Jameson,53.0,15.0,Smoky,Medium,global
Cognac 2462,wine,Jack Daniel's,53.75,16.0,Rich / Fruity,High,global
Vodka 2463,spirits/cocktails,Johnnie Walker,54.5,17.0,Dry / Crisp,High,global
Aged Bourbon 2464,spirits/cocktails,Glenfiddich,55.25,18.0,Nutty / Woody,Medium,global
Bourbon 2465,spirits/cocktails,Gordon's,56.0,19.0,Sweet,High,global
Rye Whiskey 2466,spirits/cocktails,Tanqueray,56.75,20.0,Spicy,High,global
Gin 2467,spirits/cocktails,Bacardi,57.5,21.0,Citrusy / Sour,Medium,global
Gin 2468,spirits/cocktails,Patron,58.25,22.0,Herbal / Floral,High,global
Scotch 2469,spirits/cocktails,Absolut,59.0,23.0,Smoky,High,global
Cognac 2470,wine,Smirnoff,59.75,24.0,Rich / Fruity,Medium,global
Vodka 2471,spirits/cocktails,Moet & Chandon,60.5,25.0,Dry / Crisp,High,global
Aged Bourbon 2472,spirits/cocktails,La Marca,61.25,26.0,Nutty / Woody,High,global
Bourbon 2473,spirits/cocktails,Barefoot,62.0,27.0,Sweet,Medium,global
Rye Whiskey 2474,spirits/cocktails,Robert Mondavi,62.75,28.0,Spicy,High,global
Gin 2475,spirits/cocktails,Kim Crawford,63.5,29.0,Citrusy / Sour,High,global
Gin 2476,spirits/cocktails,Crown Royal,64.25,30.0,Herbal / Floral,Medium,global
Scotch 2477,spirits/cocktails,Buffalo Trace,65.0,31.0,Smoky,High,global
Cognac 2478,wine,Bulleit,65.75,32.0,Rich / Fruity,High,global
Vodka 2479,spirits/cocktails,Captain Morgan,66.5,33.0,Dry / Crisp,Medium,global
Aged Bourbon 2480,spirits/cocktails,Don Julio,67.25,34.0,Nutty / Woody,High,global
Bourbon 2481,spirits/cocktails,Jameson,68.0,35.0,Sweet,High,global
Rye Whiskey 2482,spirits/cocktails,Jack Daniel's,68.75,36.0,Spicy,Medium,global
Gin 2483,spirits/cocktails,Johnnie Walker,69.5,37.0,Citrusy / Sour,High,global
Gin 2484,spirits/cocktails,Glenfiddich,70.25,38.0,Herbal / Floral,High,global
Scotch 2485,spirits/cocktails,Gordon's,71.0,39.0,Smoky,Medium,global
Cognac 2486,wine,Tanqueray,71.75,5.0,Rich / Fruity,High,global
Vodka 2487,spirits/cocktails,Bacardi,72.5,6.0,Dry / Crisp,High,global
Aged Bourbon 2488,spirits/cocktails,Patron,73.25,7.0,Nutty / Woody,Medium,global
Bourbon 2489,spirits/cocktails,Absolut,74.0,8.0,Sweet,High,global
Rye Whiskey 2490,spirits/cocktails,Smirnoff,74.75,9.0,Spicy,High,global
Gin 2491,spirits/cocktails,Moet & Chandon,75.5,10.0,Citrusy / Sour,Medium,global
Gin 2492,spirits/cocktails,La Marca,76.25,11.0,Herbal / Floral,High,global
Scotch 2493,spirits/cocktails,Barefoot,77.0,12.0,Smoky,High,global
Cognac 2494,wine,Robert Mondavi,77.75,13.0,Rich / Fruity,Medium,global
Vodka 2495,spirits/cocktails,Kim Crawford,78.5,14.0,Dry / Crisp,High,global
Aged Bourbon 2496,spirits/cocktails,Crown Royal,79.25,15.0,Nutty / Woody,High,global
Bourbon 2497,spirits/cocktails,Buffalo Trace,80.0,16.0,Sweet,Medium,global
Rye Whiskey 2498,spirits/cocktails,Bulleit,80.75,17.0,Spicy,High,global
Gin 2499,spirits/cocktails,Captain Morgan,81.5,18.0,Citrusy / Sour,High,global
Gin 2500,spirits/cocktails,Don Julio,82.25,19.0,Herbal / Floral,Medium,global
Scotch 2501,spirits/cocktails,Jameson,83.0,20.0,Smoky,High,global
Cognac 2502,wine,Jack Daniel's,83.75,21.0,Rich / Fruity,High,global
Vodka 2503,spirits/cocktails,Johnnie Walker,84.5,22.0,Dry / Crisp,Medium,global
Aged Bourbon 2504,spirits/cocktails,Glenfiddich,85.25,23.0,Nutty / Woody,High,global
Bourbon 2505,spirits/cocktails,Gordon's,86.0,24.0,Sweet,High,global
Rye Whiskey 2506,spirits/cocktails,Tanqueray,86.75,25.0,Spicy,Medium,global
Gin 2507,spirits/cocktails,Bacardi,87.5,26.0,Citrusy / Sour,High,global
Gin 2508,spirits/cocktails,Patron,88.25,27.0,Herbal / Floral,High,global
Scotch 2509,spirits/cocktails,Absolut,89.0,28.0,Smoky,Medium,global
Cognac 2510,wine,Smirnoff,89.75,29.0,Rich / Fruity,High,global
Vodka 2511,spirits/cocktails,Moet & Chandon,90.5,30.0,Dry / Crisp,High,global
Aged Bourbon 2512,spirits/cocktails,La Marca,91.25,31.0,Nutty / Woody,Medium,global
Bourbon 2513,spirits/cocktails,Barefoot,92.0,32.0,Sweet,High,global
Rye Whiskey 2514,spirits/cocktails,Robert Mondavi,92.75,33.0,Spicy,High,global
Gin 2515,spirits/cocktails,Kim Crawford,93.5,34.0,Citrusy / Sour,Medium,global
Gin 2516,spirits/cocktails,Crown Royal,94.25,35.0,Herbal / Floral,High,global
Scotch 2517,spirits/cocktails,Buffalo Trace,95.0,36.0,Smoky,High,global
Cognac 2518,wine,Bulleit,95.75,37.0,Rich / Fruity,Medium,global
Vodka 2519,spirits/cocktails,Captain Morgan,96.5,38.0,Dry / Crisp,High,global
Aged Bourbon 2520,spirits/cocktails,Don Julio,97.25,39.0,Nutty / Woody,High,global
Bourbon 2521,spirits/cocktails,Jameson,8.0,5.0,Sweet,Medium,global
Rye Whiskey 2522,spirits/cocktails,Jack Daniel's,8.75,6.0,Spicy,High,global
Gin 2523,spirits/cocktails,Johnnie Walker,9.5,7.0,Citrusy / Sour,High,global
Gin 2524,spirits/cocktails,Glenfiddich,10.25,8.0,Herbal / Floral,Medium,global
Scotch 2525,spirits/cocktails,Gordon's,11.0,9.0,Smoky,High,global
Cognac 2526,wine,Tanqueray,11.75,10.0,Rich / Fruity,High,global
Vodka 2527,spirits/cocktails,Bacardi,12.5,11.0,Dry / Crisp,Medium,global
Aged Bourbon 2528,spirits/cocktails,Patron,13.25,12.0,Nutty / Woody,High,global
Bourbon 2529,spirits/cocktails,Absolut,14.0,13.0,Sweet,High,global
Rye Whiskey 2530,spirits/cocktails,Smirnoff,14.75,14.0,Spicy,Medium,global
Gin 2531,spirits/cocktails,Moet & Chandon,15.5,15.0,Citrusy / Sour,High,global
Gin 2532,spirits/cocktails,La Marca,16.25,16.0,Herbal / Floral,High,global
Scotch 2533,spirits/cocktails,Barefoot,17.0,17.0,Smoky,Medium,global
Cognac 2534,wine,Robert Mondavi,17.75,18.0,Rich / Fruity,High,global
Vodka 2535,spirits/cocktails,Kim Crawford,18.5,19.0,Dry / Crisp,High,global
Aged Bourbon 2536,spirits/cocktails,Crown Royal,19.25,20.0,Nutty / Woody,Medium,global
Bourbon 2537,spirits/cocktails,Buffalo Trace,20.0,21.0,Sweet,High,global
Rye Whiskey 2538,spirits/cocktails,Bulleit,20.75,22.0,Spicy,High,global
Gin 2539,spirits/cocktails,Captain Morgan,21.5,23.0,Citrusy / Sour,Medium,global
Gin 2540,spirits/cocktails,Don Julio,22.25,24.0,Herbal / Floral,High,global
Scotch 2541,spirits/cocktails,Jameson,23.0,25.0,Smoky,High,global
Cognac 2542,wine,Jack Daniel's,23.75,26.0,Rich / Fruity,Medium,global
Vodka 2543,spirits/cocktails,Johnnie Walker,24.5,27.0,Dry / Crisp,High,global
Aged Bourbon 2544,spirits/cocktails,Glenfiddich,25.25,28.0,Nutty / Woody,High,global
Bourbon 2545,spirits/cocktails,Gordon's,26.0,29.0,Sweet,Medium,global
Rye Whiskey 2546,spirits/cocktails,Tanqueray,26.75,30.0,Spicy,High,global
Gin 2547,spirits/cocktails,Bacardi,27.5,31.0,Citrusy / Sour,High,global
Gin 2548,spirits/cocktails,Patron,28.25,32.0,Herbal / Floral,Medium,global
Scotch 2549,spirits/cocktails,Absolut,29.0,33.0,Smoky,High,global
Cognac 2550,wine,Smirnoff,29.75,34.0,Rich / Fruity,High,global
Vodka 2551,spirits/cocktails,Moet & Chandon,30.5,35.0,Dry / Crisp,Medium,global
Aged Bourbon 2552,spirits/cocktails,La Marca,31.25,36.0,Nutty / Woody,High,global
Bourbon 2553,spirits/cocktails,Barefoot,32.0,37.0,Sweet,High,global
Rye Whiskey 2554,spirits/cocktails,Robert Mondavi,32.75,38.0,Spicy,Medium,global
Gin 2555,spirits/cocktails,Kim Crawford,33.5,39.0,Citrusy / Sour,High,global
Gin 2556,spirits/cocktails,Crown Royal,34.25,5.0,Herbal / Floral,High,global
Scotch 2557,spirits/cocktails,Buffalo Trace,35.0,6.0,Smoky,Medium,global
Cognac 2558,wine,Bulleit,35.75,7.0,Rich / Fruity,High,global
Vodka 2559,spirits/cocktails,Captain Morgan,36.5,8.0,Dry / Crisp,High,global
Aged Bourbon 2560,spirits/cocktails,Don Julio,37.25,9.0,Nutty / Woody,Medium,global
Bourbon 2561,spirits/cocktails,Jameson,38.0,10.0,Sweet,High,global
Rye Whiskey 2562,spirits/cocktails,Jack Daniel's,38.75,11.0,Spicy,High,global
Gin 2563,spirits/cocktails,Johnnie Walker,39.5,12.0,Citrusy / Sour,Medium,global
Gin 2564,spirits/cocktails,Glenfiddich,40.25,13.0,Herbal / Floral,High,global
Scotch 2565,spirits/cocktails,Gordon's,41.0,14.0,Smoky,High,global
Cognac 2566,wine,Tanqueray,41.75,15.0,Rich / Fruity,Medium,global
Vodka 2567,spirits/cocktails,Bacardi,42.5,16.0,Dry / Crisp,High,global
Aged Bourbon 2568,spirits/cocktails,Patron,43.25,17.0,Nutty / Woody,High,global
Bourbon 2569,spirits/cocktails,Absolut,44.0,18.0,Sweet,Medium,global
Rye Whiskey 2570,spirits/cocktails,Smirnoff,44.75,19.0,Spicy,High,global
Gin 2571,spirits/cocktails,Moet & Chandon,45.5,20.0,Citrusy / Sour,High,global
Gin 2572,spirits/cocktails,La Marca,46.25,21.0,Herbal / Floral,Medium,global
Scotch 2573,spirits/cocktails,Barefoot,47.0,22.0,Smoky,High,global
Cognac 2574,wine,Robert Mondavi,47.75,23.0,Rich / Fruity,High,global
Vodka 2575,spirits/cocktails,Kim Crawford,48.5,24.0,Dry / Crisp,Medium,global
Aged Bourbon 2576,spirits/cocktails,Crown Royal,49.25,25.0,Nutty / Woody,High,global
Bourbon 2577,spirits/cocktails,Buffalo Trace,50.0,26.0,Sweet,High,global
Rye Whiskey 2578,spirits/cocktails,Bulleit,50.75,27.0,Spicy,Medium,global
Gin 2579,spirits/cocktails,Captain Morgan,51.5,28.0,Citrusy / Sour,High,global
Gin 2580,spirits/cocktails,Don Julio,52.25,29.0,Herbal / Floral,High,global
Scotch 2581,spirits/cocktails,Jameson,53.0,30.0,Smoky,Medium,global
Cognac 2582,wine,Jack Daniel's,53.75,31.0,Rich / Fruity,High,global
Vodka 2583,spirits/cocktails,Johnnie Walker,54.5,32.0,Dry / Crisp,High,global
Aged Bourbon 2584,spirits/cocktails,Glenfiddich,55.25,33.0,Nutty / Woody,Medium,global
Bourbon 2585,spirits/cocktails,Gordon's,56.0,34.0,Sweet,High,global
Rye Whiskey 2586,spirits/cocktails,Tanqueray,56.75,35.0,Spicy,High,global
Gin 2587,spirits/cocktails,Bacardi,57.5,36.0,Citrusy / Sour,Medium,global
Gin 2588,spirits/cocktails,Patron,58.25,37.0,Herbal / Floral,High,global
Scotch 2589,spirits/cocktails,Absolut,59.0,38.0,Smoky,High,global
Cognac 2590,wine,Smirnoff,59.75,39.0,Rich / Fruity,Medium,global
Vodka 2591,spirits/cocktails,Moet & Chandon,60.5,5.0,Dry / Crisp,High,global
Aged Bourbon 2592,spirits/cocktails,La Marca,61.25,6.0,Nutty / Woody,High,global
Bourbon 2593,spirits/cocktails,Barefoot,62.0,7.0,Sweet,Medium,global
Rye Whiskey 2594,spirits/cocktails,Robert Mondavi,62.75,8.0,Spicy,High,global
Gin 2595,spirits/cocktails,Kim Crawford,63.5,9.0,Citrusy / Sour,High,global
Gin 2596,spirits/cocktails,Crown Royal,64.25,10.0,Herbal / Floral,Medium,global
Scotch 2597,spirits/cocktails,Buffalo Trace,65.0,11.0,Smoky,High,global
Cognac 2598,wine,Bulleit,65.75,12.0,Rich / Fruity,High,global
Vodka 2599,spirits/cocktails,Captain Morgan,66.5,13.0,Dry / Crisp,Medium,global
Aged Bourbon 2600,spirits/cocktails,Don Julio,67.25,14.0,Nutty / Woody,High,global
Bourbon 2601,spirits/cocktails,Jameson,68.0,15.0,Sweet,High,global
Rye Whiskey 2602,spirits/cocktails,Jack Daniel's,68.75,16.0,Spicy,Medium,global
Gin 2603,spirits/cocktails,Johnnie Walker,69.5,17.0,Citrusy / Sour,High,global
Gin 2604,spirits/cocktails,Glenfiddich,70.25,18.0,Herbal / Floral,High,global
Scotch 2605,spirits/cocktails,Gordon's,71.0,19.0,Smoky,Medium,global
Cognac 2606,wine,Tanqueray,71.75,20.0,Rich / Fruity,High,global
Vodka 2607,spirits/cocktails,Bacardi,72.5,21.0,Dry / Crisp,High,global
Aged Bourbon 2608,spirits/cocktails,Patron,73.25,22.0,Nutty / Woody,Medium,global
Bourbon 2609,spirits/cocktails,Absolut,74.0,23.0,Sweet,High,global
Rye Whiskey 2610,spirits/cocktails,Smirnoff,74.75,24.0,Spicy,High,global
Gin 2611,spirits/cocktails,Moet & Chandon,75.5,25.0,Citrusy / Sour,Medium,global
Gin 2612,spirits/cocktails,La Marca,76.25,26.0,Herbal / Floral,High,global
Scotch 2613,spirits/cocktails,Barefoot,77.0,27.0,Smoky,High,global
Cognac 2614,wine,Robert Mondavi,77.75,28.0,Rich / Fruity,Medium,global
Vodka 2615,spirits/cocktails,Kim Crawford,78.5,29.0,Dry / Crisp,High,global
Aged Bourbon 2616,spirits/cocktails,Crown Royal,79.25,30.0,Nutty / Woody,High,global
Bourbon 2617,spirits/cocktails,Buffalo Trace,80.0,31.0,Sweet,Medium,global
Rye Whiskey 2618,spirits/cocktails,Bulleit,80.75,32.0,Spicy,High,global
Gin 2619,spirits/cocktails,Captain Morgan,81.5,33.0,Citrusy / Sour,High,global
Gin 2620,spirits/cocktails,Don Julio,82.25,34.0,Herbal / Floral,Medium,global
Scotch 2621,spirits/cocktails,Jameson,83.0,35.0,Smoky,High,global
Cognac 2622,wine,Jack Daniel's,83.75,36.0,Rich / Fruity,High,global
Vodka 2623,spirits/cocktails,Johnnie Walker,84.5,37.0,Dry / Crisp,Medium,global
Aged Bourbon 2624,spirits/cocktails,Glenfiddich,85.25,38.0,Nutty / Woody,High,global
Bourbon 2625,spirits/cocktails,Gordon's,86.0,39.0,Sweet,High,global
Rye Whiskey 2626,spirits/cocktails,Tanqueray,86.75,5.0,Spicy,Medium,global
Gin 2627,spirits/cocktails,Bacardi,87.5,6.0,Citrusy / Sour,High,global
Gin 2628,spirits/cocktails,Patron,88.25,7.0,Herbal / Floral,High,global
Scotch 2629,spirits/cocktails,Absolut,89.0,8.0,Smoky,Medium,global
Cognac 2630,wine,Smirnoff,89.75,9.0,Rich / Fruity,High,global
Vodka 2631,spirits/cocktails,Moet & Chandon,90.5,10.0,Dry / Crisp,High,global
Aged Bourbon 2632,spirits/cocktails,La Marca,91.25,11.0,Nutty / Woody,Medium,global
Bourbon 2633,spirits/cocktails,Barefoot,92.0,12.0,Sweet,High,global
Rye Whiskey 2634,spirits/cocktails,Robert Mondavi,92.75,13.0,Spicy,High,global
Gin 2635,spirits/cocktails,Kim Crawford,93.5,14.0,Citrusy / Sour,Medium,global
Gin 2636,spirits/cocktails,Crown Royal,94.25,15.0,Herbal / Floral,High,global
Scotch 2637,spirits/cocktails,Buffalo Trace,95.0,16.0,Smoky,High,global
Cognac 2638,wine,Bulleit,95.75,17.0,Rich / Fruity,Medium,global
Vodka 2639,spirits/cocktails,Captain Morgan,96.5,18.0,Dry / Crisp,High,global
Aged Bourbon 2640,spirits/cocktails,Don Julio,97.25,19.0,Nutty / Woody,High,global
Bourbon 2641,spirits/cocktails,Jameson,8.0,20.0,Sweet,Medium,global
Rye Whiskey 2642,spirits/cocktails,Jack Daniel's,8.75,21.0,Spicy,High,global
Gin 2643,spirits/cocktails,Johnnie Walker,9.5,22.0,Citrusy / Sour,High,global
Gin 2644,spirits/cocktails,Glenfiddich,10.25,23.0,Herbal / Floral,Medium,global
Scotch 2645,spirits/cocktails,Gordon's,11.0,24.0,Smoky,High,global
Cognac 2646,wine,Tanqueray,11.75,25.0,Rich / Fruity,High,global
Vodka 2647,spirits/cocktails,Bacardi,12.5,26.0,Dry / Crisp,Medium,global
Aged Bourbon 2648,spirits/cocktails,Patron,13.25,27.0,Nutty / Woody,High,global
Bourbon 2649,spirits/cocktails,Absolut,14.0,28.0,Sweet,High,global
Rye Whiskey 2650,spirits/cocktails,Smirnoff,14.75,29.0,Spicy,Medium,global
Gin 2651,spirits/cocktails,Moet & Chandon,15.5,30.0,Citrusy / Sour,High,global
Gin 2652,spirits/cocktails,La Marca,16.25,31.0,Herbal / Floral,High,global
Scotch 2653,spirits/cocktails,Barefoot,17.0,32.0,Smoky,Medium,global
Cognac 2654,wine,Robert Mondavi,17.75,33.0,Rich / Fruity,High,global
Vodka 2655,spirits/cocktails,Kim Crawford,18.5,34.0,Dry / Crisp,High,global
Aged Bourbon 2656,spirits/cocktails,Crown Royal,19.25,35.0,Nutty / Woody,Medium,global
Bourbon 2657,spirits/cocktails,Buffalo Trace,20.0,36.0,Sweet,High,global
Rye Whiskey 2658,spirits/cocktails,Bulleit,20.75,37.0,Spicy,High,global
Gin 2659,spirits/cocktails,Captain Morgan,21.5,38.0,Citrusy / Sour,Medium,global
Gin 2660,spirits/cocktails,Don Julio,22.25,39.0,Herbal / Floral,High,global
Scotch 2661,spirits/cocktails,Jameson,23.0,5.0,Smoky,High,global
Cognac 2662,wine,Jack Daniel's,23.75,6.0,Rich / Fruity,Medium,global
Vodka 2663,spirits/cocktails,Johnnie Walker,24.5,7.0,Dry / Crisp,High,global
Aged Bourbon 2664,spirits/cocktails,Glenfiddich,25.25,8.0,Nutty / Woody,High,global
Bourbon 2665,spirits/cocktails,Gordon's,26.0,9.0,Sweet,Medium,global
Rye Whiskey 2666,spirits/cocktails,Tanqueray,26.75,10.0,Spicy,High,global
Gin 2667,spirits/cocktails,Bacardi,27.5,11.0,Citrusy / Sour,High,global
Gin 2668,spirits/cocktails,Patron,28.25,12.0,Herbal / Floral,Medium,global
Scotch 2669,spirits/cocktails,Absolut,29.0,13.0,Smoky,High,global
Cognac 2670,wine,Smirnoff,29.75,14.0,Rich / Fruity,High,global
Vodka 2671,spirits/cocktails,Moet & Chandon,30.5,15.0,Dry / Crisp,Medium,global
Aged Bourbon 2672,spirits/cocktails,La Marca,31.25,16.0,Nutty / Woody,High,global
Bourbon 2673,spirits/cocktails,Barefoot,32.0,17.0,Sweet,High,global
Rye Whiskey 2674,spirits/cocktails,Robert Mondavi,32.75,18.0,Spicy,Medium,global
Gin 2675,spirits/cocktails,Kim Crawford,33.5,19.0,Citrusy / Sour,High,global
Gin 2676,spirits/cocktails,Crown Royal,34.25,20.0,Herbal / Floral,High,global
Scotch 2677,spirits/cocktails,Buffalo Trace,35.0,21.0,Smoky,Medium,global
Cognac 2678,wine,Bulleit,35.75,22.0,Rich / Fruity,High,global
Vodka 2679,spirits/cocktails,Captain Morgan,36.5,23.0,Dry / Crisp,High,global
Aged Bourbon 2680,spirits/cocktails,Don Julio,37.25,24.0,Nutty / Woody,Medium,global
Bourbon 2681,spirits/cocktails,Jameson,38.0,25.0,Sweet,High,global
Rye Whiskey 2682,spirits/cocktails,Jack Daniel's,38.75,26.0,Spicy,High,global
Gin 2683,spirits/cocktails,Johnnie Walker,39.5,27.0,Citrusy / Sour,Medium,global
Gin 2684,spirits/cocktails,Glenfiddich,40.25,28.0,Herbal / Floral,High,global
Scotch 2685,spirits/cocktails,Gordon's,41.0,29.0,Smoky,High,global
Cognac 2686,wine,Tanqueray,41.75,30.0,Rich / Fruity,Medium,global
Vodka 2687,spirits/cocktails,Bacardi,42.5,31.0,Dry / Crisp,High,global
Aged Bourbon 2688,spirits/cocktails,Patron,43.25,32.0,Nutty / Woody,High,global
Bourbon 2689,spirits/cocktails,Absolut,44.0,33.0,Sweet,Medium,global
Rye Whiskey 2690,spirits/cocktails,Smirnoff,44.75,34.0,Spicy,High,global
Gin 2691,spirits/cocktails,Moet & Chandon,45.5,35.0,Citrusy / Sour,High,global
Gin 2692,spirits/cocktails,La Marca,46.25,36.0,Herbal / Floral,Medium,global
Scotch 2693,spirits/cocktails,Barefoot,47.0,37.0,Smoky,High,global
Cognac 2694,wine,Robert Mondavi,47.75,38.0,Rich / Fruity,High,global
Vodka 2695,spirits/cocktails,Kim Crawford,48.5,39.0,Dry / Crisp,Medium,global
Aged Bourbon 2696,spirits/cocktails,Crown Royal,49.25,5.0,Nutty / Woody,High,global
Bourbon 2697,spirits/cocktails,Buffalo Trace,50.0,6.0,Sweet,High,global
Rye Whiskey 2698,spirits/cocktails,Bulleit,50.75,7.0,Spicy,Medium,global
Gin 2699,spirits/cocktails,Captain Morgan,51.5,8.0,Citrusy / Sour,High,global
Gin 2700,spirits/cocktails,Don Julio,52.25,9.0,Herbal / Floral,High,global
Scotch 2701,spirits/cocktails,Jameson,53.0,10.0,Smoky,Medium,global
Cognac 2702,wine,Jack Daniel's,53.75,11.0,Rich / Fruity,High,global
Vodka 2703,spirits/cocktails,Johnnie Walker,54.5,12.0,Dry / Crisp,High,global
Aged Bourbon 2704,spirits/cocktails,Glenfiddich,55.25,13.0,Nutty / Woody,Medium,global
Bourbon 2705,spirits/cocktails,Gordon's,56.0,14.0,Sweet,High,global
Rye Whiskey 2706,spirits/cocktails,Tanqueray,56.75,15.0,Spicy,High,global
Gin 2707,spirits/cocktails,Bacardi,57.5,16.0,Citrusy / Sour,Medium,global
Gin 2708,spirits/cocktails,Patron,58.25,17.0,Herbal / Floral,High,global
Scotch 2709,spirits/cocktails,Absolut,59.0,18.0,Smoky,High,global
Cognac 2710,wine,Smirnoff,59.75,19.0,Rich / Fruity,Medium,global
Vodka 2711,spirits/cocktails,Moet & Chandon,60.5,20.0,Dry / Crisp,High,global
Aged Bourbon 2712,spirits/cocktails,La Marca,61.25,21.0,Nutty / Woody,High,global
Bourbon 2713,spirits/cocktails,Barefoot,62.0,22.0,Sweet,Medium,global
Rye Whiskey 2714,spirits/cocktails,Robert Mondavi,62.75,23.0,Spicy,High,global
Gin 2715,spirits/cocktails,Kim Crawford,63.5,24.0,Citrusy / Sour,High,global
Gin 2716,spirits/cocktails,Crown Royal,64.25,25.0,Herbal / Floral,Medium,global
Scotch 2717,spirits/cocktails,Buffalo Trace,65.0,26.0,Smoky,High,global
Cognac 2718,wine,Bulleit,65.75,27.0,Rich / Fruity,High,global
Vodka 2719,spirits/cocktails,Captain Morgan,66.5,28.0,Dry / Crisp,Medium,global
Aged Bourbon 2720,spirits/cocktails,Don Julio,67.25,29.0,Nutty / Woody,High,global
Bourbon 2721,spirits/cocktails,Jameson,68.0,30.0,Sweet,High,global
Rye Whiskey 2722,spirits/cocktails,Jack Daniel's,68.75,31.0,Spicy,Medium,global
Gin 2723,spirits/cocktails,Johnnie Walker,69.5,32.0,Citrusy / Sour,High,global
Gin 2724,spirits/cocktails,Glenfiddich,70.25,33.0,Herbal / Floral,High,global
Scotch 2725,spirits/cocktails,Gordon's,71.0,34.0,Smoky,Medium,global
Cognac 2726,wine,Tanqueray,71.75,35.0,Rich / Fruity,High,global
Vodka 2727,spirits/cocktails,Bacardi,72.5,36.0,Dry / Crisp,High,global
Aged Bourbon 2728,spirits/cocktails,Patron,73.25,37.0,Nutty / Woody,Medium,global
Bourbon 2729,spirits/cocktails,Absolut,74.0,38.0,Sweet,High,global
Rye Whiskey 2730,spirits/cocktails,Smirnoff,74.75,39.0,Spicy,High,global
Gin 2731,spirits/cocktails,Moet & Chandon,75.5,5.0,Citrusy / Sour,Medium,global
Gin 2732,spirits/cocktails,La Marca,76.25,6.0,Herbal / Floral,High,global
Scotch 2733,spirits/cocktails,Barefoot,77.0,7.0,Smoky,High,global
Cognac 2734,wine,Robert Mondavi,77.75,8.0,Rich / Fruity,Medium,global
Vodka 2735,spirits/cocktails,Kim Crawford,78.5,9.0,Dry / Crisp,High,global
Aged Bourbon 2736,spirits/cocktails,Crown Royal,79.25,10.0,Nutty / Woody,High,global
Bourbon 2737,spirits/cocktails,Buffalo Trace,80.0,11.0,Sweet,Medium,global
Rye Whiskey 2738,spirits/cocktails,Bulleit,80.75,12.0,Spicy,High,global
Gin 2739,spirits/cocktails,Captain Morgan,81.5,13.0,Citrusy / Sour,High,global
Gin 2740,spirits/cocktails,Don Julio,82.25,14.0,Herbal / Floral,Medium,global
Scotch 2741,spirits/cocktails,Jameson,83.0,15.0,Smoky,High,global
Cognac 2742,wine,Jack Daniel's,83.75,16.0,Rich / Fruity,High,global
Vodka 2743,spirits/cocktails,Johnnie Walker,84.5,17.0,Dry / Crisp,Medium,global
Aged Bourbon 2744,spirits/cocktails,Glenfiddich,85.25,18.0,Nutty / Woody,High,global
Bourbon 2745,spirits/cocktails,Gordon's,86.0,19.0,Sweet,High,global
Rye Whiskey 2746,spirits/cocktails,Tanqueray,86.75,20.0,Spicy,Medium,global
Gin 2747,spirits/cocktails,Bacardi,87.5,21.0,Citrusy / Sour,High,global
Gin 2748,spirits/cocktails,Patron,88.25,22.0,Herbal / Floral,High,global
Scotch 2749,spirits/cocktails,Absolut,89.0,23.0,Smoky,Medium,global
Cognac 2750,wine,Smirnoff,89.75,24.0,Rich / Fruity,High,global
Vodka 2751,spirits/cocktails,Moet & Chandon,90.5,25.0,Dry / Crisp,High,global
Aged Bourbon 2752,spirits/cocktails,La Marca,91.25,26.0,Nutty / Woody,Medium,global
Bourbon 2753,spirits/cocktails,Barefoot,92.0,27.0,Sweet,High,global
Rye Whiskey 2754,spirits/cocktails,Robert Mondavi,92.75,28.0,Spicy,High,global
Gin 2755,spirits/cocktails,Kim Crawford,93.5,29.0,Citrusy / Sour,Medium,global
Gin 2756,spirits/cocktails,Crown Royal,94.25,30.0,Herbal / Floral,High,global
Scotch 2757,spirits/cocktails,Buffalo Trace,95.0,31.0,Smoky,High,global
Cognac 2758,wine,Bulleit,95.75,32.0,Rich / Fruity,Medium,global
Vodka 2759,spirits/cocktails,Captain Morgan,96.5,33.0,Dry / Crisp,High,global
Aged Bourbon 2760,spirits/cocktails,Don Julio,97.25,34.0,Nutty / Woody,High,global
Bourbon 2761,spirits/cocktails,Jameson,8.0,35.0,Sweet,Medium,global
Rye Whiskey 2762,spirits/cocktails,Jack Daniel's,8.75,36.0,Spicy,High,global
Gin 2763,spirits/cocktails,Johnnie Walker,9.5,37.0,Citrusy / Sour,High,global
Gin 2764,spirits/cocktails,Glenfiddich,10.25,38.0,Herbal / Floral,Medium,global
Scotch 2765,spirits/cocktails,Gordon's,11.0,39.0,Smoky,High,global
Cognac 2766,wine,Tanqueray,11.75,5.0,Rich / Fruity,High,global
Vodka 2767,spirits/cocktails,Bacardi,12.5,6.0,Dry / Crisp,Medium,global
Aged Bourbon 2768,spirits/cocktails,Patron,13.25,7.0,Nutty / Woody,High,global
Bourbon 2769,spirits/cocktails,Absolut,14.0,8.0,Sweet,High,global
Rye Whiskey 2770,spirits/cocktails,Smirnoff,14.75,9.0,Spicy,Medium,global
Gin 2771,spirits/cocktails,Moet & Chandon,15.5,10.0,Citrusy / Sour,High,global
Gin 2772,spirits/cocktails,La Marca,16.25,11.0,Herbal / Floral,High,global
Scotch 2773,spirits/cocktails,Barefoot,17.0,12.0,Smoky,Medium,global
Cognac 2774,wine,Robert Mondavi,17.75,13.0,Rich / Fruity,High,global
Vodka 2775,spirits/cocktails,Kim Crawford,18.5,14.0,Dry / Crisp,High,global
Aged Bourbon 2776,spirits/cocktails,Crown Royal,19.25,15.0,Nutty / Woody,Medium,global
Bourbon 2777,spirits/cocktails,Buffalo Trace,20.0,16.0,Sweet,High,global
Rye Whiskey 2778,spirits/cocktails,Bulleit,20.75,17.0,Spicy,High,global
Gin 2779,spirits/cocktails,Captain Morgan,21.5,18.0,Citrusy / Sour,Medium,global
Gin 2780,spirits/cocktails,Don Julio,22.25,19.0,Herbal / Floral,High,global
Scotch 2781,spirits/cocktails,Jameson,23.0,20.0,Smoky,High,global
Cognac 2782,wine,Jack Daniel's,23.75,21.0,Rich / Fruity,Medium,global
Vodka 2783,spirits/cocktails,Johnnie Walker,24.5,22.0,Dry / Crisp,High,global
Aged Bourbon 2784,spirits/cocktails,Glenfiddich,25.25,23.0,Nutty / Woody,High,global
Bourbon 2785,spirits/cocktails,Gordon's,26.0,24.0,Sweet,Medium,global
Rye Whiskey 2786,spirits/cocktails,Tanqueray,26.75,25.0,Spicy,High,global
Gin 2787,spirits/cocktails,Bacardi,27.5,26.0,Citrusy / Sour,High,global
Gin 2788,spirits/cocktails,Patron,28.25,27.0,Herbal / Floral,Medium,global
Scotch 2789,spirits/cocktails,Absolut,29.0,28.0,Smoky,High,global
Cognac 2790,wine,Smirnoff,29.75,29.0,Rich / Fruity,High,global
Vodka 2791,spirits/cocktails,Moet & Chandon,30.5,30.0,Dry / Crisp,Medium,global
Aged Bourbon 2792,spirits/cocktails,La Marca,31.25,31.0,Nutty / Woody,High,global
Bourbon 2793,spirits/cocktails,Barefoot,32.0,32.0,Sweet,High,global
Rye Whiskey 2794,spirits/cocktails,Robert Mondavi,32.75,33.0,Spicy,Medium,global
Gin 2795,spirits/cocktails,Kim Crawford,33.5,34.0,Citrusy / Sour,High,global
Gin 2796,spirits/cocktails,Crown Royal,34.25,35.0,Herbal / Floral,High,global
Scotch 2797,spirits/cocktails,Buffalo Trace,35.0,36.0,Smoky,Medium,global
Cognac 2798,wine,Bulleit,35.75,37.0,Rich / Fruity,High,global
Vodka 2799,spirits/cocktails,Captain Morgan,36.5,38.0,Dry / Crisp,High,global
Aged Bourbon 2800,spirits/cocktails,Don Julio,37.25,39.0,Nutty / Woody,Medium,global
Bourbon 2801,spirits/cocktails,Jameson,38.0,5.0,Sweet,High,global
Rye Whiskey 2802,spirits/cocktails,Jack Daniel's,38.75,6.0,Spicy,High,global
Gin 2803,spirits/cocktails,Johnnie Walker,39.5,7.0,Citrusy / Sour,Medium,global
Gin 2804,spirits/cocktails,Glenfiddich,40.25,8.0,Herbal / Floral,High,global
Scotch 2805,spirits/cocktails,Gordon's,41.0,9.0,Smoky,High,global
Cognac 2806,wine,Tanqueray,41.75,10.0,Rich / Fruity,Medium,global
Vodka 2807,spirits/cocktails,Bacardi,42.5,11.0,Dry / Crisp,High,global
Aged Bourbon 2808,spirits/cocktails,Patron,43.25,12.0,Nutty / Woody,High,global
Bourbon 2809,spirits/cocktails,Absolut,44.0,13.0,Sweet,Medium,global
Rye Whiskey 2810,spirits/cocktails,Smirnoff,44.75,14.0,Spicy,High,global
Gin 2811,spirits/cocktails,Moet & Chandon,45.5,15.0,Citrusy / Sour,High,global
Gin 2812,spirits/cocktails,La Marca,46.25,16.0,Herbal / Floral,Medium,global
Scotch 2813,spirits/cocktails,Barefoot,47.0,17.0,Smoky,High,global
Cognac 2814,wine,Robert Mondavi,47.75,18.0,Rich / Fruity,High,global
Vodka 2815,spirits/cocktails,Kim Crawford,48.5,19.0,Dry / Crisp,Medium,global
Aged Bourbon 2816,spirits/cocktails,Crown Royal,49.25,20.0,Nutty / Woody,High,global
Bourbon 2817,spirits/cocktails,Buffalo Trace,50.0,21.0,Sweet,High,global
Rye Whiskey 2818,spirits/cocktails,Bulleit,50.75,22.0,Spicy,Medium,global
Gin 2819,spirits/cocktails,Captain Morgan,51.5,23.0,Citrusy / Sour,High,global
Gin 2820,spirits/cocktails,Don Julio,52.25,24.0,Herbal / Floral,High,global
Scotch 2821,spirits/cocktails,Jameson,53.0,25.0,Smoky,Medium,global
Cognac 2822,wine,Jack Daniel's,53.75,26.0,Rich / Fruity,High,global
Vodka 2823,spirits/cocktails,Johnnie Walker,54.5,27.0,Dry / Crisp,High,global
Aged Bourbon 2824,spirits/cocktails,Glenfiddich,55.25,28.0,Nutty / Woody,Medium,global
Bourbon 2825,spirits/cocktails,Gordon's,56.0,29.0,Sweet,High,global
Rye Whiskey 2826,spirits/cocktails,Tanqueray,56.75,30.0,Spicy,High,global
Gin 2827,spirits/cocktails,Bacardi,57.5,31.0,Citrusy / Sour,Medium,global
Gin 2828,spirits/cocktails,Patron,58.25,32.0,Herbal / Floral,High,global
Scotch 2829,spirits/cocktails,Absolut,59.0,33.0,Smoky,High,global
Cognac 2830,wine,Smirnoff,59.75,34.0,Rich / Fruity,Medium,global
Vodka 2831,spirits/cocktails,Moet & Chandon,60.5,35.0,Dry / Crisp,High,global
Aged Bourbon 2832,spirits/cocktails,La Marca,61.25,36.0,Nutty / Woody,High,global
Bourbon 2833,spirits/cocktails,Barefoot,62.0,37.0,Sweet,Medium,global
Rye Whiskey 2834,spirits/cocktails,Robert Mondavi,62.75,38.0,Spicy,High,global
Gin 2835,spirits/cocktails,Kim Crawford,63.5,39.0,Citrusy / Sour,High,global
Gin 2836,spirits/cocktails,Crown Royal,64.25,5.0,Herbal / Floral,Medium,global
Scotch 2837,spirits/cocktails,Buffalo Trace,65.0,6.0,Smoky,High,global
Cognac 2838,wine,Bulleit,65.75,7.0,Rich / Fruity,High,global
Vodka 2839,spirits/cocktails,Captain Morgan,66.5,8.0,Dry / Crisp,Medium,global
Aged Bourbon 2840,spirits/cocktails,Don Julio,67.25,9.0,Nutty / Woody,High,global
Bourbon 2841,spirits/cocktails,Jameson,68.0,10.0,Sweet,High,global
Rye Whiskey 2842,spirits/cocktails,Jack Daniel's,68.75,11.0,Spicy,Medium,global
Gin 2843,spirits/cocktails,Johnnie Walker,69.5,12.0,Citrusy / Sour,High,global
Gin 2844,spirits/cocktails,Glenfiddich,70.25,13.0,Herbal / Floral,High,global
Scotch 2845,spirits/cocktails,Gordon's,71.0,14.0,Smoky,Medium,global
Cognac 2846,wine,Tanqueray,71.75,15.0,Rich / Fruity,High,global
Vodka 2847,spirits/cocktails,Bacardi,72.5,16.0,Dry / Crisp,High,global
Aged Bourbon 2848,spirits/cocktails,Patron,73.25,17.0,Nutty / Woody,Medium,global
Bourbon 2849,spirits/cocktails,Absolut,74.0,18.0,Sweet,High,global
Rye Whiskey 2850,spirits/cocktails,Smirnoff,74.75,19.0,Spicy,High,global
Gin 2851,spirits/cocktails,Moet & Chandon,75.5,20.0,Citrusy / Sour,Medium,global
Gin 2852,spirits/cocktails,La Marca,76.25,21.0,Herbal / Floral,High,global
Scotch 2853,spirits/cocktails,Barefoot,77.0,22.0,Smoky,High,global
Cognac 2854,wine,Robert Mondavi,77.75,23.0,Rich / Fruity,Medium,global
Vodka 2855,spirits/cocktails,Kim Crawford,78.5,24.0,Dry / Crisp,High,global
Aged Bourbon 2856,spirits/cocktails,Crown Royal,79.25,25.0,Nutty / Woody,High,global
Bourbon 2857,spirits/cocktails,Buffalo Trace,80.0,26.0,Sweet,Medium,global
Rye Whiskey 2858,spirits/cocktails,Bulleit,80.75,27.0,Spicy,High,global
Gin 2859,spirits/cocktails,Captain Morgan,81.5,28.0,Citrusy / Sour,High,global
Gin 2860,spirits/cocktails,Don Julio,82.25,29.0,Herbal / Floral,Medium,global
Scotch 2861,spirits/cocktails,Jameson,83.0,30.0,Smoky,High,global
Cognac 2862,wine,Jack Daniel's,83.75,31.0,Rich / Fruity,High,global
Vodka 2863,spirits/cocktails,Johnnie Walker,84.5,32.0,Dry / Crisp,Medium,global
Aged Bourbon 2864,spirits/cocktails,Glenfiddich,85.25,33.0,Nutty / Woody,High,global
Bourbon 2865,spirits/cocktails,Gordon's,86.0,34.0,Sweet,High,global
Rye Whiskey 2866,spirits/cocktails,Tanqueray,86.75,35.0,Spicy,Medium,global
Gin 2867,spirits/cocktails,Bacardi,87.5,36.0,Citrusy / Sour,High,global
Gin 2868,spirits/cocktails,Patron,88.25,37.0,Herbal / Floral,High,global
Scotch 2869,spirits/cocktails,Absolut,89.0,38.0,Smoky,Medium,global
Cognac 2870,wine,Smirnoff,89.75,39.0,Rich / Fruity,High,global
Vodka 2871,spirits/cocktails,Moet & Chandon,90.5,5.0,Dry / Crisp,High,global
Aged Bourbon 2872,spirits/cocktails,La Marca,91.25,6.0,Nutty / Woody,Medium,global
Bourbon 2873,spirits/cocktails,Barefoot,92.0,7.0,Sweet,High,global
Rye Whiskey 2874,spirits/cocktails,Robert Mondavi,92.75,8.0,Spicy,High,global
Gin 2875,spirits/cocktails,Kim Crawford,93.5,9.0,Citrusy / Sour,Medium,global
Gin 2876,spirits/cocktails,Crown Royal,94.25,10.0,Herbal / Floral,High,global
Scotch 2877,spirits/cocktails,Buffalo Trace,95.0,11.0,Smoky,High,global
Cognac 2878,wine,Bulleit,95.75,12.0,Rich / Fruity,Medium,global
Vodka 2879,spirits/cocktails,Captain Morgan,96.5,13.0,Dry / Crisp,High,global
Aged Bourbon 2880,spirits/cocktails,Don Julio,97.25,14.0,Nutty / Woody,High,global
Bourbon 2881,spirits/cocktails,Jameson,8.0,15.0,Sweet,Medium,global
Rye Whiskey 2882,spirits/cocktails,Jack Daniel's,8.75,16.0,Spicy,High,global
Gin 2883,spirits/cocktails,Johnnie Walker,9.5,17.0,Citrusy / Sour,High,global
Gin 2884,spirits/cocktails,Glenfiddich,10.25,18.0,Herbal / Floral,Medium,global
Scotch 2885,spirits/cocktails,Gordon's,11.0,19.0,Smoky,High,global
Cognac 2886,wine,Tanqueray,11.75,20.0,Rich / Fruity,High,global
Vodka 2887,spirits/cocktails,Bacardi,12.5,21.0,Dry / Crisp,Medium,global
Aged Bourbon 2888,spirits/cocktails,Patron,13.25,22.0,Nutty / Woody,High,global
Bourbon 2889,spirits/cocktails,Absolut,14.0,23.0,Sweet,High,global
Rye Whiskey 2890,spirits/cocktails,Smirnoff,14.75,24.0,Spicy,Medium,global
Gin 2891,spirits/cocktails,Moet & Chandon,15.5,25.0,Citrusy / Sour,High,global
Gin 2892,spirits/cocktails,La Marca,16.25,26.0,Herbal / Floral,High,global
Scotch 2893,spirits/cocktails,Barefoot,17.0,27.0,Smoky,Medium,global
Cognac 2894,wine,Robert Mondavi,17.75,28.0,Rich / Fruity,High,global
Vodka 2895,spirits/cocktails,Kim Crawford,18.5,29.0,Dry / Crisp,High,global
Aged Bourbon 2896,spirits/cocktails,Crown Royal,19.25,30.0,Nutty / Woody,Medium,global
Bourbon 2897,spirits/cocktails,Buffalo Trace,20.0,31.0,Sweet,High,global
Rye Whiskey 2898,spirits/cocktails,Bulleit,20.75,32.0,Spicy,High,global
Gin 2899,spirits/cocktails,Captain Morgan,21.5,33.0,Citrusy / Sour,Medium,global
Gin 2900,spirits/cocktails,Don Julio,22.25,34.0,Herbal / Floral,High,global
Scotch 2901,spirits/cocktails,Jameson,23.0,35.0,Smoky,High,global
Cognac 2902,wine,Jack Daniel's,23.75,36.0,Rich / Fruity,Medium,global
Vodka 2903,spirits/cocktails,Johnnie Walker,24.5,37.0,Dry / Crisp,High,global
Aged Bourbon 2904,spirits/cocktails,Glenfiddich,25.25,38.0,Nutty / Woody,High,global
Bourbon 2905,spirits/cocktails,Gordon's,26.0,39.0,Sweet,Medium,global
Rye Whiskey 2906,spirits/cocktails,Tanqueray,26.75,5.0,Spicy,High,global
Gin 2907,spirits/cocktails,Bacardi,27.5,6.0,Citrusy / Sour,High,global
Gin 2908,spirits/cocktails,Patron,28.25,7.0,Herbal / Floral,Medium,global
Scotch 2909,spirits/cocktails,Absolut,29.0,8.0,Smoky,High,global
Cognac 2910,wine,Smirnoff,29.75,9.0,Rich / Fruity,High,global
Vodka 2911,spirits/cocktails,Moet & Chandon,30.5,10.0,Dry / Crisp,Medium,global
Aged Bourbon 2912,spirits/cocktails,La Marca,31.25,11.0,Nutty / Woody,High,global
Bourbon 2913,spirits/cocktails,Barefoot,32.0,12.0,Sweet,High,global
Rye Whiskey 2914,spirits/cocktails,Robert Mondavi,32.75,13.0,Spicy,Medium,global
Gin 2915,spirits/cocktails,Kim Crawford,33.5,14.0,Citrusy / Sour,High,global
Gin 2916,spirits/cocktails,Crown Royal,34.25,15.0,Herbal / Floral,High,global
Scotch 2917,spirits/cocktails,Buffalo Trace,35.0,16.0,Smoky,Medium,global
Cognac 2918,wine,Bulleit,35.75,17.0,Rich / Fruity,High,global
Vodka 2919,spirits/cocktails,Captain Morgan,36.5,18.0,Dry / Crisp,High,global
Aged Bourbon 2920,spirits/cocktails,Don Julio,37.25,19.0,Nutty / Woody,Medium,global
Bourbon 2921,spirits/cocktails,Jameson,38.0,20.0,Sweet,High,global
Rye Whiskey 2922,spirits/cocktails,Jack Daniel's,38.75,21.0,Spicy,High,global
Gin 2923,spirits/cocktails,Johnnie Walker,39.5,22.0,Citrusy / Sour,Medium,global
Gin 2924,spirits/cocktails,Glenfiddich,40.25,23.0,Herbal / Floral,High,global
Scotch 2925,spirits/cocktails,Gordon's,41.0,24.0,Smoky,High,global
Cognac 2926,wine,Tanqueray,41.75,25.0,Rich / Fruity,Medium,global
Vodka 2927,spirits/cocktails,Bacardi,42.5,26.0,Dry / Crisp,High,global
Aged Bourbon 2928,spirits/cocktails,Patron,43.25,27.0,Nutty / Woody,High,global
Bourbon 2929,spirits/cocktails,Absolut,44.0,28.0,Sweet,Medium,global
Rye Whiskey 2930,spirits/cocktails,Smirnoff,44.75,29.0,Spicy,High,global
Gin 2931,spirits/cocktails,Moet & Chandon,45.5,30.0,Citrusy / Sour,High,global
Gin 2932,spirits/cocktails,La Marca,46.25,31.0,Herbal / Floral,Medium,global
Scotch 2933,spirits/cocktails,Barefoot,47.0,32.0,Smoky,High,global
Cognac 2934,wine,Robert Mondavi,47.75,33.0,Rich / Fruity,High,global
Vodka 2935,spirits/cocktails,Kim Crawford,48.5,34.0,Dry / Crisp,Medium,global
Aged Bourbon 2936,spirits/cocktails,Crown Royal,49.25,35.0,Nutty / Woody,High,global
Bourbon 2937,spirits/cocktails,Buffalo Trace,50.0,36.0,Sweet,High,global
Rye Whiskey 2938,spirits/cocktails,Bulleit,50.75,37.0,Spicy,Medium,global
Gin 2939,spirits/cocktails,Captain Morgan,51.5,38.0,Citrusy / Sour,High,global
Gin 2940,spirits/cocktails,Don Julio,52.25,39.0,Herbal / Floral,High,global
Scotch 2941,spirits/cocktails,Jameson,53.0,5.0,Smoky,Medium,global
Cognac 2942,wine,Jack Daniel's,53.75,6.0,Rich / Fruity,High,global
Vodka 2943,spirits/cocktails,Johnnie Walker,54.5,7.0,Dry / Crisp,High,global
Aged Bourbon 2944,spirits/cocktails,Glenfiddich,55.25,8.0,Nutty / Woody,Medium,global
Bourbon 2945,spirits/cocktails,Gordon's,56.0,9.0,Sweet,High,global
Rye Whiskey 2946,spirits/cocktails,Tanqueray,56.75,10.0,Spicy,High,global
Gin 2947,spirits/cocktails,Bacardi,57.5,11.0,Citrusy / Sour,Medium,global
Gin 2948,spirits/cocktails,Patron,58.25,12.0,Herbal / Floral,High,global
Scotch 2949,spirits/cocktails,Absolut,59.0,13.0,Smoky,High,global
Cognac 2950,wine,Smirnoff,59.75,14.0,Rich / Fruity,Medium,global
Vodka 2951,spirits/cocktails,Moet & Chandon,60.5,15.0,Dry / Crisp,High,global
Aged Bourbon 2952,spirits/cocktails,La Marca,61.25,16.0,Nutty / Woody,High,global
Bourbon 2953,spirits/cocktails,Barefoot,62.0,17.0,Sweet,Medium,global
Rye Whiskey 2954,spirits/cocktails,Robert Mondavi,62.75,18.0,Spicy,High,global
Gin 2955,spirits/cocktails,Kim Crawford,63.5,19.0,Citrusy / Sour,High,global
Gin 2956,spirits/cocktails,Crown Royal,64.25,20.0,Herbal / Floral,Medium,global
Scotch 2957,spirits/cocktails,Buffalo Trace,65.0,21.0,Smoky,High,global
Cognac 2958,wine,Bulleit,65.75,22.0,Rich / Fruity,High,global
Vodka 2959,spirits/cocktails,Captain Morgan,66.5,23.0,Dry / Crisp,Medium,global
Aged Bourbon 2960,spirits/cocktails,Don Julio,67.25,24.0,Nutty / Woody,High,global
Bourbon 2961,spirits/cocktails,Jameson,68.0,25.0,Sweet,High,global
Rye Whiskey 2962,spirits/cocktails,Jack Daniel's,68.75,26.0,Spicy,Medium,global
Gin 2963,spirits/cocktails,Johnnie Walker,69.5,27.0,Citrusy / Sour,High,global
Gin 2964,spirits/cocktails,Glenfiddich,70.25,28.0,Herbal / Floral,High,global
Scotch 2965,spirits/cocktails,Gordon's,71.0,29.0,Smoky,Medium,global
Cognac 2966,wine,Tanqueray,71.75,30.0,Rich / Fruity,High,global
Vodka 2967,spirits/cocktails,Bacardi,72.5,31.0,Dry / Crisp,High,global
Aged Bourbon 2968,spirits/cocktails,Patron,73.25,32.0,Nutty / Woody,Medium,global
Bourbon 2969,spirits/cocktails,Absolut,74.0,33.0,Sweet,High,global
Rye Whiskey 2970,spirits/cocktails,Smirnoff,74.75,34.0,Spicy,High,global
Gin 2971,spirits/cocktails,Moet & Chandon,75.5,35.0,Citrusy / Sour,Medium,global
Gin 2972,spirits/cocktails,La Marca,76.25,36.0,Herbal / Floral,High,global
Scotch 2973,spirits/cocktails,Barefoot,77.0,37.0,Smoky,High,global
Cognac 2974,wine,Robert Mondavi,77.75,38.0,Rich / Fruity,Medium,global
Vodka 2975,spirits/cocktails,Kim Crawford,78.5,39.0,Dry / Crisp,High,global
Aged Bourbon 2976,spirits/cocktails,Crown Royal,79.25,5.0,Nutty / Woody,High,global
Bourbon 2977,spirits/cocktails,Buffalo Trace,80.0,6.0,Sweet,Medium,global
Rye Whiskey 2978,spirits/cocktails,Bulleit,80.75,7.0,Spicy,High,global
Gin 2979,spirits/cocktails,Captain Morgan,81.5,8.0,Citrusy / Sour,High,global
Gin 2980,spirits/cocktails,Don Julio,82.25,9.0,Herbal / Floral,Medium,global
Scotch 2981,spirits/cocktails,Jameson,83.0,10.0,Smoky,High,global
Cognac 2982,wine,Jack Daniel's,83.75,11.0,Rich / Fruity,High,global
Vodka 2983,spirits/cocktails,Johnnie Walker,84.5,12.0,Dry / Crisp,Medium,global
Aged Bourbon 2984,spirits/cocktails,Glenfiddich,85.25,13.0,Nutty / Woody,High,global
Bourbon 2985,spirits/cocktails,Gordon's,86.0,14.0,Sweet,High,global
Rye Whiskey 2986,spirits/cocktails,Tanqueray,86.75,15.0,Spicy,Medium,global
Gin 2987,spirits/cocktails,Bacardi,87.5,16.0,Citrusy / Sour,High,global
Gin 2988,spirits/cocktails,Patron,88.25,17.0,Herbal / Floral,High,global
Scotch 2989,spirits/cocktails,Absolut,89.0,18.0,Smoky,Medium,global
Cognac 2990,wine,Smirnoff,89.75,19.0,Rich / Fruity,High,global
Vodka 2991,spirits/cocktails,Moet & Chandon,90.5,20.0,Dry / Crisp,High,global
Aged Bourbon 2992,spirits/cocktails,La Marca,91.25,21.0,Nutty / Woody,Medium,global
Bourbon 2993,spirits/cocktails,Barefoot,92.0,22.0,Sweet,High,global
Rye Whiskey 2994,spirits/cocktails,Robert Mondavi,92.75,23.0,Spicy,High,global
Gin 2995,spirits/cocktails,Kim Crawford,93.5,24.0,Citrusy / Sour,Medium,global
Gin 2996,spirits/cocktails,Crown Royal,94.25,25.0,Herbal / Floral,High,global
Scotch 2997,spirits/cocktails,Buffalo Trace,95.0,26.0,Smoky,High,global
Cognac 2998,wine,Bulleit,95.75,27.0,Rich / Fruity,Medium,global
Vodka 2999,spirits/cocktails,Captain Morgan,96.5,28.0,Dry / Crisp,High,global
Aged Bourbon 3000,spirits/cocktails,Don Julio,97.25,29.0,Nutty / Woody,High,global
Bourbon 3001,spirits/cocktails,Jameson,8.0,30.0,Sweet,Medium,global
Rye Whiskey 3002,spirits/cocktails,Jack Daniel's,8.75,31.0,Spicy,High,global
Gin 3003,spirits/cocktails,Johnnie Walker,9.5,32.0,Citrusy / Sour,High,global
Gin 3004,spirits/cocktails,Glenfiddich,10.25,33.0,Herbal / Floral,Medium,global
Scotch 3005,spirits/cocktails,Gordon's,11.0,34.0,Smoky,High,global
Cognac 3006,wine,Tanqueray,11.75,35.0,Rich / Fruity,High,global
Vodka 3007,spirits/cocktails,Bacardi,12.5,36.0,Dry / Crisp,Medium,global
Aged Bourbon 3008,spirits/cocktails,Patron,13.25,37.0,Nutty / Woody,High,global
Bourbon 3009,spirits/cocktails,Absolut,14.0,38.0,Sweet,High,global
Rye Whiskey 3010,spirits/cocktails,Smirnoff,14.75,39.0,Spicy,Medium,global
Gin 3011,spirits/cocktails,Moet & Chandon,15.5,5.0,Citrusy / Sour,High,global
Gin 3012,spirits/cocktails,La Marca,16.25,6.0,Herbal / Floral,High,global
Scotch 3013,spirits/cocktails,Barefoot,17.0,7.0,Smoky,Medium,global
Cognac 3014,wine,Robert Mondavi,17.75,8.0,Rich / Fruity,High,global
Vodka 3015,spirits/cocktails,Kim Crawford,18.5,9.0,Dry / Crisp,High,global
Aged Bourbon 3016,spirits/cocktails,Crown Royal,19.25,10.0,Nutty / Woody,Medium,global
Bourbon 3017,spirits/cocktails,Buffalo Trace,20.0,11.0,Sweet,High,global
Rye Whiskey 3018,spirits/cocktails,Bulleit,20.75,12.0,Spicy,High,global
Gin 3019,spirits/cocktails,Captain Morgan,21.5,13.0,Citrusy / Sour,Medium,global
Gin 3020,spirits/cocktails,Don Julio,22.25,14.0,Herbal / Floral,High,global
Scotch 3021,spirits/cocktails,Jameson,23.0,15.0,Smoky,High,global
Cognac 3022,wine,Jack Daniel's,23.75,16.0,Rich / Fruity,Medium,global
Vodka 3023,spirits/cocktails,Johnnie Walker,24.5,17.0,Dry / Crisp,High,global
Aged Bourbon 3024,spirits/cocktails,Glenfiddich,25.25,18.0,Nutty / Woody,High,global
Bourbon 3025,spirits/cocktails,Gordon's,26.0,19.0,Sweet,Medium,global
Rye Whiskey 3026,spirits/cocktails,Tanqueray,26.75,20.0,Spicy,High,global
Gin 3027,spirits/cocktails,Bacardi,27.5,21.0,Citrusy / Sour,High,global
Gin 3028,spirits/cocktails,Patron,28.25,22.0,Herbal / Floral,Medium,global
Scotch 3029,spirits/cocktails,Absolut,29.0,23.0,Smoky,High,global
Cognac 3030,wine,Smirnoff,29.75,24.0,Rich / Fruity,High,global
Vodka 3031,spirits/cocktails,Moet & Chandon,30.5,25.0,Dry / Crisp,Medium,global
Aged Bourbon 3032,spirits/cocktails,La Marca,31.25,26.0,Nutty / Woody,High,global
Bourbon 3033,spirits/cocktails,Barefoot,32.0,27.0,Sweet,High,global
Rye Whiskey 3034,spirits/cocktails,Robert Mondavi,32.75,28.0,Spicy,Medium,global
Gin 3035,spirits/cocktails,Kim Crawford,33.5,29.0,Citrusy / Sour,High,global
Gin 3036,spirits/cocktails,Crown Royal,34.25,30.0,Herbal / Floral,High,global
Scotch 3037,spirits/cocktails,Buffalo Trace,35.0,31.0,Smoky,Medium,global
Cognac 3038,wine,Bulleit,35.75,32.0,Rich / Fruity,High,global
Vodka 3039,spirits/cocktails,Captain Morgan,36.5,33.0,Dry / Crisp,High,global
Aged Bourbon 3040,spirits/cocktails,Don Julio,37.25,34.0,Nutty / Woody,Medium,global
Bourbon 3041,spirits/cocktails,Jameson,38.0,35.0,Sweet,High,global
Rye Whiskey 3042,spirits/cocktails,Jack Daniel's,38.75,36.0,Spicy,High,global
Gin 3043,spirits/cocktails,Johnnie Walker,39.5,37.0,Citrusy / Sour,Medium,global
Gin 3044,spirits/cocktails,Glenfiddich,40.25,38.0,Herbal / Floral,High,global
Scotch 3045,spirits/cocktails,Gordon's,41.0,39.0,Smoky,High,global
Cognac 3046,wine,Tanqueray,41.75,5.0,Rich / Fruity,Medium,global
Vodka 3047,spirits/cocktails,Bacardi,42.5,6.0,Dry / Crisp,High,global
Aged Bourbon 3048,spirits/cocktails,Patron,43.25,7.0,Nutty / Woody,High,global
Bourbon 3049,spirits/cocktails,Absolut,44.0,8.0,Sweet,Medium,global
Rye Whiskey 3050,spirits/cocktails,Smirnoff,44.75,9.0,Spicy,High,global
Gin 3051,spirits/cocktails,Moet & Chandon,45.5,10.0,Citrusy / Sour,High,global
Gin 3052,spirits/cocktails,La Marca,46.25,11.0,Herbal / Floral,Medium,global
Scotch 3053,spirits/cocktails,Barefoot,47.0,12.0,Smoky,High,global
Cognac 3054,wine,Robert Mondavi,47.75,13.0,Rich / Fruity,High,global
Vodka 3055,spirits/cocktails,Kim Crawford,48.5,14.0,Dry / Crisp,Medium,global
Aged Bourbon 3056,spirits/cocktails,Crown Royal,49.25,15.0,Nutty / Woody,High,global
Bourbon 3057,spirits/cocktails,Buffalo Trace,50.0,16.0,Sweet,High,global
Rye Whiskey 3058,spirits/cocktails,Bulleit,50.75,17.0,Spicy,Medium,global
Gin 3059,spirits/cocktails,Captain Morgan,51.5,18.0,Citrusy / Sour,High,global
Gin 3060,spirits/cocktails,Don Julio,52.25,19.0,Herbal / Floral,High,global
Scotch 3061,spirits/cocktails,Jameson,53.0,20.0,Smoky,Medium,global
Cognac 3062,wine,Jack Daniel's,53.75,21.0,Rich / Fruity,High,global
Vodka 3063,spirits/cocktails,Johnnie Walker,54.5,22.0,Dry / Crisp,High,global
Aged Bourbon 3064,spirits/cocktails,Glenfiddich,55.25,23.0,Nutty / Woody,Medium,global
Bourbon 3065,spirits/cocktails,Gordon's,56.0,24.0,Sweet,High,global
Rye Whiskey 3066,spirits/cocktails,Tanqueray,56.75,25.0,Spicy,High,global
Gin 3067,spirits/cocktails,Bacardi,57.5,26.0,Citrusy / Sour,Medium,global
Gin 3068,spirits/cocktails,Patron,58.25,27.0,Herbal / Floral,High,global
Scotch 3069,spirits/cocktails,Absolut,59.0,28.0,Smoky,High,global
Cognac 3070,wine,Smirnoff,59.75,29.0,Rich / Fruity,Medium,global
Vodka 3071,spirits/cocktails,Moet & Chandon,60.5,30.0,Dry / Crisp,High,global
Aged Bourbon 3072,spirits/cocktails,La Marca,61.25,31.0,Nutty / Woody,High,global
Bourbon 3073,spirits/cocktails,Barefoot,62.0,32.0,Sweet,Medium,global
Rye Whiskey 3074,spirits/cocktails,Robert Mondavi,62.75,33.0,Spicy,High,global
Gin 3075,spirits/cocktails,Kim Crawford,63.5,34.0,Citrusy / Sour,High,global
Gin 3076,spirits/cocktails,Crown Royal,64.25,35.0,Herbal / Floral,Medium,global
Scotch 3077,spirits/cocktails,Buffalo Trace,65.0,36.0,Smoky,High,global
Cognac 3078,wine,Bulleit,65.75,37.0,Rich / Fruity,High,global
Vodka 3079,spirits/cocktails,Captain Morgan,66.5,38.0,Dry / Crisp,Medium,global
Aged Bourbon 3080,spirits/cocktails,Don Julio,67.25,39.0,Nutty / Woody,High,global
Bourbon 3081,spirits/cocktails,Jameson,68.0,5.0,Sweet,High,global
Rye Whiskey 3082,spirits/cocktails,Jack Daniel's,68.75,6.0,Spicy,Medium,global
Gin 3083,spirits/cocktails,Johnnie Walker,69.5,7.0,Citrusy / Sour,High,global
Gin 3084,spirits/cocktails,Glenfiddich,70.25,8.0,Herbal / Floral,High,global
Scotch 3085,spirits/cocktails,Gordon's,71.0,9.0,Smoky,Medium,global
Cognac 3086,wine,Tanqueray,71.75,10.0,Rich / Fruity,High,global
Vodka 3087,spirits/cocktails,Bacardi,72.5,11.0,Dry / Crisp,High,global
Aged Bourbon 3088,spirits/cocktails,Patron,73.25,12.0,Nutty / Woody,Medium,global
Bourbon 3089,spirits/cocktails,Absolut,74.0,13.0,Sweet,High,global
Rye Whiskey 3090,spirits/cocktails,Smirnoff,74.75,14.0,Spicy,High,global
Gin 3091,spirits/cocktails,Moet & Chandon,75.5,15.0,Citrusy / Sour,Medium,global
Gin 3092,spirits/cocktails,La Marca,76.25,16.0,Herbal / Floral,High,global
Scotch 3093,spirits/cocktails,Barefoot,77.0,17.0,Smoky,High,global
Cognac 3094,wine,Robert Mondavi,77.75,18.0,Rich / Fruity,Medium,global
Vodka 3095,spirits/cocktails,Kim Crawford,78.5,19.0,Dry / Crisp,High,global
Aged Bourbon 3096,spirits/cocktails,Crown Royal,79.25,20.0,Nutty / Woody,High,global
Bourbon 3097,spirits/cocktails,Buffalo Trace,80.0,21.0,Sweet,Medium,global
Rye Whiskey 3098,spirits/cocktails,Bulleit,80.75,22.0,Spicy,High,global
Gin 3099,spirits/cocktails,Captain Morgan,81.5,23.0,Citrusy / Sour,High,global
Gin 3100,spirits/cocktails,Don Julio,82.25,24.0,Herbal / Floral,Medium,global
Scotch 3101,spirits/cocktails,Jameson,83.0,25.0,Smoky,High,global
Cognac 3102,wine,Jack Daniel's,83.75,26.0,Rich / Fruity,High,global
Vodka 3103,spirits/cocktails,Johnnie Walker,84.5,27.0,Dry / Crisp,Medium,global
Aged Bourbon 3104,spirits/cocktails,Glenfiddich,85.25,28.0,Nutty / Woody,High,global
Bourbon 3105,spirits/cocktails,Gordon's,86.0,29.0,Sweet,High,global
Rye Whiskey 3106,spirits/cocktails,Tanqueray,86.75,30.0,Spicy,Medium,global
Gin 3107,spirits/cocktails,Bacardi,87.5,31.0,Citrusy / Sour,High,global
Gin 3108,spirits/cocktails,Patron,88.25,32.0,Herbal / Floral,High,global
Scotch 3109,spirits/cocktails,Absolut,89.0,33.0,Smoky,Medium,global
Cognac 3110,wine,Smirnoff,89.75,34.0,Rich / Fruity,High,global
Vodka 3111,spirits/cocktails,Moet & Chandon,90.5,35.0,Dry / Crisp,High,global
Aged Bourbon 3112,spirits/cocktails,La Marca,91.25,36.0,Nutty / Woody,Medium,global
Bourbon 3113,spirits/cocktails,Barefoot,92.0,37.0,Sweet,High,global
Rye Whiskey 3114,spirits/cocktails,Robert Mondavi,92.75,38.0,Spicy,High,global
Gin 3115,spirits/cocktails,Kim Crawford,93.5,39.0,Citrusy / Sour,Medium,global
Gin 3116,spirits/cocktails,Crown Royal,94.25,5.0,Herbal / Floral,High,global
Scotch 3117,spirits/cocktails,Buffalo Trace,95.0,6.0,Smoky,High,global
Cognac 3118,wine,Bulleit,95.75,7.0,Rich / Fruity,Medium,global
Vodka 3119,spirits/cocktails,Captain Morgan,96.5,8.0,Dry / Crisp,High,global
Aged Bourbon 3120,spirits/cocktails,Don Julio,97.25,9.0,Nutty / Woody,High,global
Bourbon 3121,spirits/cocktails,Jameson,8.0,10.0,Sweet,Medium,global
Rye Whiskey 3122,spirits/cocktails,Jack Daniel's,8.75,11.0,Spicy,High,global
Gin 3123,spirits/cocktails,Johnnie Walker,9.5,12.0,Citrusy / Sour,High,global
Gin 3124,spirits/cocktails,Glenfiddich,10.25,13.0,Herbal / Floral,Medium,global
Scotch 3125,spirits/cocktails,Gordon's,11.0,14.0,Smoky,High,global
Cognac 3126,wine,Tanqueray,11.75,15.0,Rich / Fruity,High,global
Vodka 3127,spirits/cocktails,Bacardi,12.5,16.0,Dry / Crisp,Medium,global
Aged Bourbon 3128,spirits/cocktails,Patron,13.25,17.0,Nutty / Woody,High,global
Bourbon 3129,spirits/cocktails,Absolut,14.0,18.0,Sweet,High,global
Rye Whiskey 3130,spirits/cocktails,Smirnoff,14.75,19.0,Spicy,Medium,global
Gin 3131,spirits/cocktails,Moet & Chandon,15.5,20.0,Citrusy / Sour,High,global
Gin 3132,spirits/cocktails,La Marca,16.25,21.0,Herbal / Floral,High,global
Scotch 3133,spirits/cocktails,Barefoot,17.0,22.0,Smoky,Medium,global
Cognac 3134,wine,Robert Mondavi,17.75,23.0,Rich / Fruity,High,global
Vodka 3135,spirits/cocktails,Kim Crawford,18.5,24.0,Dry / Crisp,High,global
Aged Bourbon 3136,spirits/cocktails,Crown Royal,19.25,25.0,Nutty / Woody,Medium,global
Bourbon 3137,spirits/cocktails,Buffalo Trace,20.0,26.0,Sweet,High,global
Rye Whiskey 3138,spirits/cocktails,Bulleit,20.75,27.0,Spicy,High,global
Gin 3139,spirits/cocktails,Captain Morgan,21.5,28.0,Citrusy / Sour,Medium,global
Gin 3140,spirits/cocktails,Don Julio,22.25,29.0,Herbal / Floral,High,global
Scotch 3141,spirits/cocktails,Jameson,23.0,30.0,Smoky,High,global
Cognac 3142,wine,Jack Daniel's,23.75,31.0,Rich / Fruity,Medium,global
Vodka 3143,spirits/cocktails,Johnnie Walker,24.5,32.0,Dry / Crisp,High,global
Aged Bourbon 3144,spirits/cocktails,Glenfiddich,25.25,33.0,Nutty / Woody,High,global
Bourbon 3145,spirits/cocktails,Gordon's,26.0,34.0,Sweet,Medium,global
Rye Whiskey 3146,spirits/cocktails,Tanqueray,26.75,35.0,Spicy,High,global
Gin 3147,spirits/cocktails,Bacardi,27.5,36.0,Citrusy / Sour,High,global
Gin 3148,spirits/cocktails,Patron,28.25,37.0,Herbal / Floral,Medium,global
Scotch 3149,spirits/cocktails,Absolut,29.0,38.0,Smoky,High,global
Cognac 3150,wine,Smirnoff,29.75,39.0,Rich / Fruity,High,global
Vodka 3151,spirits/cocktails,Moet & Chandon,30.5,5.0,Dry / Crisp,Medium,global
Aged Bourbon 3152,spirits/cocktails,La Marca,31.25,6.0,Nutty / Woody,High,global
Bourbon 3153,spirits/cocktails,Barefoot,32.0,7.0,Sweet,High,global
Rye Whiskey 3154,spirits/cocktails,Robert Mondavi,32.75,8.0,Spicy,Medium,global
Gin 3155,spirits/cocktails,Kim Crawford,33.5,9.0,Citrusy / Sour,High,global
Gin 3156,spirits/cocktails,Crown Royal,34.25,10.0,Herbal / Floral,High,global
Scotch 3157,spirits/cocktails,Buffalo Trace,35.0,11.0,Smoky,Medium,global
Cognac 3158,wine,Bulleit,35.75,12.0,Rich / Fruity,High,global
Vodka 3159,spirits/cocktails,Captain Morgan,36.5,13.0,Dry / Crisp,High,global
Aged Bourbon 3160,spirits/cocktails,Don Julio,37.25,14.0,Nutty / Woody,Medium,global
Bourbon 3161,spirits/cocktails,Jameson,38.0,15.0,Sweet,High,global
Rye Whiskey 3162,spirits/cocktails,Jack Daniel's,38.75,16.0,Spicy,High,global
Gin 3163,spirits/cocktails,Johnnie Walker,39.5,17.0,Citrusy / Sour,Medium,global
Gin 3164,spirits/cocktails,Glenfiddich,40.25,18.0,Herbal / Floral,High,global
Scotch 3165,spirits/cocktails,Gordon's,41.0,19.0,Smoky,High,global
Cognac 3166,wine,Tanqueray,41.75,20.0,Rich / Fruity,Medium,global
Vodka 3167,spirits/cocktails,Bacardi,42.5,21.0,Dry / Crisp,High,global
Aged Bourbon 3168,spirits/cocktails,Patron,43.25,22.0,Nutty / Woody,High,global
Bourbon 3169,spirits/cocktails,Absolut,44.0,23.0,Sweet,Medium,global
Rye Whiskey 3170,spirits/cocktails,Smirnoff,44.75,24.0,Spicy,High,global
Gin 3171,spirits/cocktails,Moet & Chandon,45.5,25.0,Citrusy / Sour,High,global
Gin 3172,spirits/cocktails,La Marca,46.25,26.0,Herbal / Floral,Medium,global
Scotch 3173,spirits/cocktails,Barefoot,47.0,27.0,Smoky,High,global
Cognac 3174,wine,Robert Mondavi,47.75,28.0,Rich / Fruity,High,global
Vodka 3175,spirits/cocktails,Kim Crawford,48.5,29.0,Dry / Crisp,Medium,global
Aged Bourbon 3176,spirits/cocktails,Crown Royal,49.25,30.0,Nutty / Woody,High,global
Bourbon 3177,spirits/cocktails,Buffalo Trace,50.0,31.0,Sweet,High,global
Rye Whiskey 3178,spirits/cocktails,Bulleit,50.75,32.0,Spicy,Medium,global
Gin 3179,spirits/cocktails,Captain Morgan,51.5,33.0,Citrusy / Sour,High,global
Gin 3180,spirits/cocktails,Don Julio,52.25,34.0,Herbal / Floral,High,global
Scotch 3181,spirits/cocktails,Jameson,53.0,35.0,Smoky,Medium,global
Cognac 3182,wine,Jack Daniel's,53.75,36.0,Rich / Fruity,High,global
Vodka 3183,spirits/cocktails,Johnnie Walker,54.5,37.0,Dry / Crisp,High,global
Aged Bourbon 3184,spirits/cocktails,Glenfiddich,55.25,38.0,Nutty / Woody,Medium,global
Bourbon 3185,spirits/cocktails,Gordon's,56.0,39.0,Sweet,High,global
Rye Whiskey 3186,spirits/cocktails,Tanqueray,56.75,5.0,Spicy,High,global
Gin 3187,spirits/cocktails,Bacardi,57.5,6.0,Citrusy / Sour,Medium,global
Gin 3188,spirits/cocktails,Patron,58.25,7.0,Herbal / Floral,High,global
Scotch 3189,spirits/cocktails,Absolut,59.0,8.0,Smoky,High,global
Cognac 3190,wine,Smirnoff,59.75,9.0,Rich / Fruity,Medium,global
Vodka 3191,spirits/cocktails,Moet & Chandon,60.5,10.0,Dry / Crisp,High,global
Aged Bourbon 3192,spirits/cocktails,La Marca,61.25,11.0,Nutty / Woody,High,global
Bourbon 3193,spirits/cocktails,Barefoot,62.0,12.0,Sweet,Medium,global
Rye Whiskey 3194,spirits/cocktails,Robert Mondavi,62.75,13.0,Spicy,High,global
Gin 3195,spirits/cocktails,Kim Crawford,63.5,14.0,Citrusy / Sour,High,global
Gin 3196,spirits/cocktails,Crown Royal,64.25,15.0,Herbal / Floral,Medium,global
Scotch 3197,spirits/cocktails,Buffalo Trace,65.0,16.0,Smoky,High,global
Cognac 3198,wine,Bulleit,65.75,17.0,Rich / Fruity,High,global
Vodka 3199,spirits/cocktails,Captain Morgan,66.5,18.0,Dry / Crisp,Medium,global
Aged Bourbon 3200,spirits/cocktails,Don Julio,67.25,19.0,Nutty / Woody,High,global
Bourbon 3201,spirits/cocktails,Jameson,68.0,20.0,Sweet,High,global
Rye Whiskey 3202,spirits/cocktails,Jack Daniel's,68.75,21.0,Spicy,Medium,global
Gin 3203,spirits/cocktails,Johnnie Walker,69.5,22.0,Citrusy / Sour,High,global
Gin 3204,spirits/cocktails,Glenfiddich,70.25,23.0,Herbal / Floral,High,global
Scotch 3205,spirits/cocktails,Gordon's,71.0,24.0,Smoky,Medium,global
Cognac 3206,wine,Tanqueray,71.75,25.0,Rich / Fruity,High,global
Vodka 3207,spirits/cocktails,Bacardi,72.5,26.0,Dry / Crisp,High,global
Aged Bourbon 3208,spirits/cocktails,Patron,73.25,27.0,Nutty / Woody,Medium,global
Bourbon 3209,spirits/cocktails,Absolut,74.0,28.0,Sweet,High,global
Rye Whiskey 3210,spirits/cocktails,Smirnoff,74.75,29.0,Spicy,High,global
Gin 3211,spirits/cocktails,Moet & Chandon,75.5,30.0,Citrusy / Sour,Medium,global
Gin 3212,spirits/cocktails,La Marca,76.25,31.0,Herbal / Floral,High,global
Scotch 3213,spirits/cocktails,Barefoot,77.0,32.0,Smoky,High,global
Cognac 3214,wine,Robert Mondavi,77.75,33.0,Rich / Fruity,Medium,global
Vodka 3215,spirits/cocktails,Kim Crawford,78.5,34.0,Dry / Crisp,High,global
Aged Bourbon 3216,spirits/cocktails,Crown Royal,79.25,35.0,Nutty / Woody,High,global
Bourbon 3217,spirits/cocktails,Buffalo Trace,80.0,36.0,Sweet,Medium,global
Rye Whiskey 3218,spirits/cocktails,Bulleit,80.75,37.0,Spicy,High,global
Gin 3219,spirits/cocktails,Captain Morgan,81.5,38.0,Citrusy / Sour,High,global
Gin 3220,spirits/cocktails,Don Julio,82.25,39.0,Herbal / Floral,Medium,global
Scotch 3221,spirits/cocktails,Jameson,83.0,5.0,Smoky,High,global
Cognac 3222,wine,Jack Daniel's,83.75,6.0,Rich / Fruity,High,global
Vodka 3223,spirits/cocktails,Johnnie Walker,84.5,7.0,Dry / Crisp,Medium,global
Aged Bourbon 3224,spirits/cocktails,Glenfiddich,85.25,8.0,Nutty / Woody,High,global
Bourbon 3225,spirits/cocktails,Gordon's,86.0,9.0,Sweet,High,global
Rye Whiskey 3226,spirits/cocktails,Tanqueray,86.75,10.0,Spicy,Medium,global
Gin 3227,spirits/cocktails,Bacardi,87.5,11.0,Citrusy / Sour,High,global
Gin 3228,spirits/cocktails,Patron,88.25,12.0,Herbal / Floral,High,global
Scotch 3229,spirits/cocktails,Absolut,89.0,13.0,Smoky,Medium,global
Cognac 3230,wine,Smirnoff,89.75,14.0,Rich / Fruity,High,global
Vodka 3231,spirits/cocktails,Moet & Chandon,90.5,15.0,Dry / Crisp,High,global
Aged Bourbon 3232,spirits/cocktails,La Marca,91.25,16.0,Nutty / Woody,Medium,global
Bourbon 3233,spirits/cocktails,Barefoot,92.0,17.0,Sweet,High,global
Rye Whiskey 3234,spirits/cocktails,Robert Mondavi,92.75,18.0,Spicy,High,global
Gin 3235,spirits/cocktails,Kim Crawford,93.5,19.0,Citrusy / Sour,Medium,global
Gin 3236,spirits/cocktails,Crown Royal,94.25,20.0,Herbal / Floral,High,global
Scotch 3237,spirits/cocktails,Buffalo Trace,95.0,21.0,Smoky,High,global
Cognac 3238,wine,Bulleit,95.75,22.0,Rich / Fruity,Medium,global
Vodka 3239,spirits/cocktails,Captain Morgan,96.5,23.0,Dry / Crisp,High,global
Aged Bourbon 3240,spirits/cocktails,Don Julio,97.25,24.0,Nutty / Woody,High,global
Bourbon 3241,spirits/cocktails,Jameson,8.0,25.0,Sweet,Medium,global
Rye Whiskey 3242,spirits/cocktails,Jack Daniel's,8.75,26.0,Spicy,High,global
Gin 3243,spirits/cocktails,Johnnie Walker,9.5,27.0,Citrusy / Sour,High,global
Gin 3244,spirits/cocktails,Glenfiddich,10.25,28.0,Herbal / Floral,Medium,global
Scotch 3245,spirits/cocktails,Gordon's,11.0,29.0,Smoky,High,global
Cognac 3246,wine,Tanqueray,11.75,30.0,Rich / Fruity,High,global
Vodka 3247,spirits/cocktails,Bacardi,12.5,31.0,Dry / Crisp,Medium,global
Aged Bourbon 3248,spirits/cocktails,Patron,13.25,32.0,Nutty / Woody,High,global
Bourbon 3249,spirits/cocktails,Absolut,14.0,33.0,Sweet,High,global
Rye Whiskey 3250,spirits/cocktails,Smirnoff,14.75,34.0,Spicy,Medium,global
Gin 3251,spirits/cocktails,Moet & Chandon,15.5,35.0,Citrusy / Sour,High,global
Gin 3252,spirits/cocktails,La Marca,16.25,36.0,Herbal / Floral,High,global
Scotch 3253,spirits/cocktails,Barefoot,17.0,37.0,Smoky,Medium,global
Cognac 3254,wine,Robert Mondavi,17.75,38.0,Rich / Fruity,High,global
Vodka 3255,spirits/cocktails,Kim Crawford,18.5,39.0,Dry / Crisp,High,global
Aged Bourbon 3256,spirits/cocktails,Crown Royal,19.25,5.0,Nutty / Woody,Medium,global
Bourbon 3257,spirits/cocktails,Buffalo Trace,20.0,6.0,Sweet,High,global
Rye Whiskey 3258,spirits/cocktails,Bulleit,20.75,7.0,Spicy,High,global
Gin 3259,spirits/cocktails,Captain Morgan,21.5,8.0,Citrusy / Sour,Medium,global
Gin 3260,spirits/cocktails,Don Julio,22.25,9.0,Herbal / Floral,High,global
Scotch 3261,spirits/cocktails,Jameson,23.0,10.0,Smoky,High,global
Cognac 3262,wine,Jack Daniel's,23.75,11.0,Rich / Fruity,Medium,global
Vodka 3263,spirits/cocktails,Johnnie Walker,24.5,12.0,Dry / Crisp,High,global
Aged Bourbon 3264,spirits/cocktails,Glenfiddich,25.25,13.0,Nutty / Woody,High,global
Bourbon 3265,spirits/cocktails,Gordon's,26.0,14.0,Sweet,Medium,global
Rye Whiskey 3266,spirits/cocktails,Tanqueray,26.75,15.0,Spicy,High,global
Gin 3267,spirits/cocktails,Bacardi,27.5,16.0,Citrusy / Sour,High,global
Gin 3268,spirits/cocktails,Patron,28.25,17.0,Herbal / Floral,Medium,global
Scotch 3269,spirits/cocktails,Absolut,29.0,18.0,Smoky,High,global
Cognac 3270,wine,Smirnoff,29.75,19.0,Rich / Fruity,High,global
Vodka 3271,spirits/cocktails,Moet & Chandon,30.5,20.0,Dry / Crisp,Medium,global
Aged Bourbon 3272,spirits/cocktails,La Marca,31.25,21.0,Nutty / Woody,High,global
Bourbon 3273,spirits/cocktails,Barefoot,32.0,22.0,Sweet,High,global
Rye Whiskey 3274,spirits/cocktails,Robert Mondavi,32.75,23.0,Spicy,Medium,global
Gin 3275,spirits/cocktails,Kim Crawford,33.5,24.0,Citrusy / Sour,High,global
Gin 3276,spirits/cocktails,Crown Royal,34.25,25.0,Herbal / Floral,High,global
Scotch 3277,spirits/cocktails,Buffalo Trace,35.0,26.0,Smoky,Medium,global
Cognac 3278,wine,Bulleit,35.75,27.0,Rich / Fruity,High,global
Vodka 3279,spirits/cocktails,Captain Morgan,36.5,28.0,Dry / Crisp,High,global
Aged Bourbon 3280,spirits/cocktails,Don Julio,37.25,29.0,Nutty / Woody,Medium,global
Bourbon 3281,spirits/cocktails,Jameson,38.0,30.0,Sweet,High,global
Rye Whiskey 3282,spirits/cocktails,Jack Daniel's,38.75,31.0,Spicy,High,global
Gin 3283,spirits/cocktails,Johnnie Walker,39.5,32.0,Citrusy / Sour,Medium,global
Gin 3284,spirits/cocktails,Glenfiddich,40.25,33.0,Herbal / Floral,High,global
Scotch 3285,spirits/cocktails,Gordon's,41.0,34.0,Smoky,High,global
Cognac 3286,wine,Tanqueray,41.75,35.0,Rich / Fruity,Medium,global
Vodka 3287,spirits/cocktails,Bacardi,42.5,36.0,Dry / Crisp,High,global
Aged Bourbon 3288,spirits/cocktails,Patron,43.25,37.0,Nutty / Woody,High,global
Bourbon 3289,spirits/cocktails,Absolut,44.0,38.0,Sweet,Medium,global
Rye Whiskey 3290,spirits/cocktails,Smirnoff,44.75,39.0,Spicy,High,global
Gin 3291,spirits/cocktails,Moet & Chandon,45.5,5.0,Citrusy / Sour,High,global
Gin 3292,spirits/cocktails,La Marca,46.25,6.0,Herbal / Floral,Medium,global
Scotch 3293,spirits/cocktails,Barefoot,47.0,7.0,Smoky,High,global
Cognac 3294,wine,Robert Mondavi,47.75,8.0,Rich / Fruity,High,global
Vodka 3295,spirits/cocktails,Kim Crawford,48.5,9.0,Dry / Crisp,Medium,global
Aged Bourbon 3296,spirits/cocktails,Crown Royal,49.25,10.0,Nutty / Woody,High,global
Bourbon 3297,spirits/cocktails,Buffalo Trace,50.0,11.0,Sweet,High,global
Rye Whiskey 3298,spirits/cocktails,Bulleit,50.75,12.0,Spicy,Medium,global
Gin 3299,spirits/cocktails,Captain Morgan,51.5,13.0,Citrusy / Sour,High,global
Gin 3300,spirits/cocktails,Don Julio,52.25,14.0,Herbal / Floral,High,global
Scotch 3301,spirits/cocktails,Jameson,53.0,15.0,Smoky,Medium,global
Cognac 3302,wine,Jack Daniel's,53.75,16.0,Rich / Fruity,High,global
Vodka 3303,spirits/cocktails,Johnnie Walker,54.5,17.0,Dry / Crisp,High,global
Aged Bourbon 3304,spirits/cocktails,Glenfiddich,55.25,18.0,Nutty / Woody,Medium,global
Bourbon 3305,spirits/cocktails,Gordon's,56.0,19.0,Sweet,High,global
Rye Whiskey 3306,spirits/cocktails,Tanqueray,56.75,20.0,Spicy,High,global
Gin 3307,spirits/cocktails,Bacardi,57.5,21.0,Citrusy / Sour,Medium,global
Gin 3308,spirits/cocktails,Patron,58.25,22.0,Herbal / Floral,High,global
Scotch 3309,spirits/cocktails,Absolut,59.0,23.0,Smoky,High,global
Cognac 3310,wine,Smirnoff,59.75,24.0,Rich / Fruity,Medium,global
Vodka 3311,spirits/cocktails,Moet & Chandon,60.5,25.0,Dry / Crisp,High,global
Aged Bourbon 3312,spirits/cocktails,La Marca,61.25,26.0,Nutty / Woody,High,global
Bourbon 3313,spirits/cocktails,Barefoot,62.0,27.0,Sweet,Medium,global
Rye Whiskey 3314,spirits/cocktails,Robert Mondavi,62.75,28.0,Spicy,High,global
Gin 3315,spirits/cocktails,Kim Crawford,63.5,29.0,Citrusy / Sour,High,global
Gin 3316,spirits/cocktails,Crown Royal,64.25,30.0,Herbal / Floral,Medium,global
Scotch 3317,spirits/cocktails,Buffalo Trace,65.0,31.0,Smoky,High,global
Cognac 3318,wine,Bulleit,65.75,32.0,Rich / Fruity,High,global
Vodka 3319,spirits/cocktails,Captain Morgan,66.5,33.0,Dry / Crisp,Medium,global
Aged Bourbon 3320,spirits/cocktails,Don Julio,67.25,34.0,Nutty / Woody,High,global
Bourbon 3321,spirits/cocktails,Jameson,68.0,35.0,Sweet,High,global
Rye Whiskey 3322,spirits/cocktails,Jack Daniel's,68.75,36.0,Spicy,Medium,global
Gin 3323,spirits/cocktails,Johnnie Walker,69.5,37.0,Citrusy / Sour,High,global
Gin 3324,spirits/cocktails,Glenfiddich,70.25,38.0,Herbal / Floral,High,global
Scotch 3325,spirits/cocktails,Gordon's,71.0,39.0,Smoky,Medium,global
Cognac 3326,wine,Tanqueray,71.75,5.0,Rich / Fruity,High,global
Vodka 3327,spirits/cocktails,Bacardi,72.5,6.0,Dry / Crisp,High,global
Aged Bourbon 3328,spirits/cocktails,Patron,73.25,7.0,Nutty / Woody,Medium,global
Bourbon 3329,spirits/cocktails,Absolut,74.0,8.0,Sweet,High,global
Rye Whiskey 3330,spirits/cocktails,Smirnoff,74.75,9.0,Spicy,High,global
Gin 3331,spirits/cocktails,Moet & Chandon,75.5,10.0,Citrusy / Sour,Medium,global
Gin 3332,spirits/cocktails,La Marca,76.25,11.0,Herbal / Floral,High,global
Scotch 3333,spirits/cocktails,Barefoot,77.0,12.0,Smoky,High,global
Cognac 3334,wine,Robert Mondavi,77.75,13.0,Rich / Fruity,Medium,global
Vodka 3335,spirits/cocktails,Kim Crawford,78.5,14.0,Dry / Crisp,High,global
Aged Bourbon 3336,spirits/cocktails,Crown Royal,79.25,15.0,Nutty / Woody,High,global
Bourbon 3337,spirits/cocktails,Buffalo Trace,80.0,16.0,Sweet,Medium,global
Rye Whiskey 3338,spirits/cocktails,Bulleit,80.75,17.0,Spicy,High,global
Gin 3339,spirits/cocktails,Captain Morgan,81.5,18.0,Citrusy / Sour,High,global
Gin 3340,spirits/cocktails,Don Julio,82.25,19.0,Herbal / Floral,Medium,global
Scotch 3341,spirits/cocktails,Jameson,83.0,20.0,Smoky,High,global
Cognac 3342,wine,Jack Daniel's,83.75,21.0,Rich / Fruity,High,global
Vodka 3343,spirits/cocktails,Johnnie Walker,84.5,22.0,Dry / Crisp,Medium,global
Aged Bourbon 3344,spirits/cocktails,Glenfiddich,85.25,23.0,Nutty / Woody,High,global
Bourbon 3345,spirits/cocktails,Gordon's,86.0,24.0,Sweet,High,global
Rye Whiskey 3346,spirits/cocktails,Tanqueray,86.75,25.0,Spicy,Medium,global
Gin 3347,spirits/cocktails,Bacardi,87.5,26.0,Citrusy / Sour,High,global
Gin 3348,spirits/cocktails,Patron,88.25,27.0,Herbal / Floral,High,global
Scotch 3349,spirits/cocktails,Absolut,89.0,28.0,Smoky,Medium,global
Cognac 3350,wine,Smirnoff,89.75,29.0,Rich / Fruity,High,global
Vodka 3351,spirits/cocktails,Moet & Chandon,90.5,30.0,Dry / Crisp,High,global
Aged Bourbon 3352,spirits/cocktails,La Marca,91.25,31.0,Nutty / Woody,Medium,global
Bourbon 3353,spirits/cocktails,Barefoot,92.0,32.0,Sweet,High,global
Rye Whiskey 3354,spirits/cocktails,Robert Mondavi,92.75,33.0,Spicy,High,global
Gin 3355,spirits/cocktails,Kim Crawford,93.5,34.0,Citrusy / Sour,Medium,global
Gin 3356,spirits/cocktails,Crown Royal,94.25,35.0,Herbal / Floral,High,global
Scotch 3357,spirits/cocktails,Buffalo Trace,95.0,36.0,Smoky,High,global
Cognac 3358,wine,Bulleit,95.75,37.0,Rich / Fruity,Medium,global
Vodka 3359,spirits/cocktails,Captain Morgan,96.5,38.0,Dry / Crisp,High,global
Aged Bourbon 3360,spirits/cocktails,Don Julio,97.25,39.0,Nutty / Woody,High,global
Bourbon 3361,spirits/cocktails,Jameson,8.0,5.0,Sweet,Medium,global
Rye Whiskey 3362,spirits/cocktails,Jack Daniel's,8.75,6.0,Spicy,High,global
Gin 3363,spirits/cocktails,Johnnie Walker,9.5,7.0,Citrusy / Sour,High,global
Gin 3364,spirits/cocktails,Glenfiddich,10.25,8.0,Herbal / Floral,Medium,global
Scotch 3365,spirits/cocktails,Gordon's,11.0,9.0,Smoky,High,global
Cognac 3366,wine,Tanqueray,11.75,10.0,Rich / Fruity,High,global
Vodka 3367,spirits/cocktails,Bacardi,12.5,11.0,Dry / Crisp,Medium,global
Aged Bourbon 3368,spirits/cocktails,Patron,13.25,12.0,Nutty / Woody,High,global
Bourbon 3369,spirits/cocktails,Absolut,14.0,13.0,Sweet,High,global
Rye Whiskey 3370,spirits/cocktails,Smirnoff,14.75,14.0,Spicy,Medium,global
Gin 3371,spirits/cocktails,Moet & Chandon,15.5,15.0,Citrusy / Sour,High,global
Gin 3372,spirits/cocktails,La Marca,16.25,16.0,Herbal / Floral,High,global
Scotch 3373,spirits/cocktails,Barefoot,17.0,17.0,Smoky,Medium,global
Cognac 3374,wine,Robert Mondavi,17.75,18.0,Rich / Fruity,High,global
Vodka 3375,spirits/cocktails,Kim Crawford,18.5,19.0,Dry / Crisp,High,global
Aged Bourbon 3376,spirits/cocktails,Crown Royal,19.25,20.0,Nutty / Woody,Medium,global
Bourbon 3377,spirits/cocktails,Buffalo Trace,20.0,21.0,Sweet,High,global
Rye Whiskey 3378,spirits/cocktails,Bulleit,20.75,22.0,Spicy,High,global
Gin 3379,spirits/cocktails,Captain Morgan,21.5,23.0,Citrusy / Sour,Medium,global
Gin 3380,spirits/cocktails,Don Julio,22.25,24.0,Herbal / Floral,High,global
Scotch 3381,spirits/cocktails,Jameson,23.0,25.0,Smoky,High,global
Cognac 3382,wine,Jack Daniel's,23.75,26.0,Rich / Fruity,Medium,global
Vodka 3383,spirits/cocktails,Johnnie Walker,24.5,27.0,Dry / Crisp,High,global
Aged Bourbon 3384,spirits/cocktails,Glenfiddich,25.25,28.0,Nutty / Woody,High,global
Bourbon 3385,spirits/cocktails,Gordon's,26.0,29.0,Sweet,Medium,global
Rye Whiskey 3386,spirits/cocktails,Tanqueray,26.75,30.0,Spicy,High,global
Gin 3387,spirits/cocktails,Bacardi,27.5,31.0,Citrusy / Sour,High,global
Gin 3388,spirits/cocktails,Patron,28.25,32.0,Herbal / Floral,Medium,global
Scotch 3389,spirits/cocktails,Absolut,29.0,33.0,Smoky,High,global
Cognac 3390,wine,Smirnoff,29.75,34.0,Rich / Fruity,High,global
Vodka 3391,spirits/cocktails,Moet & Chandon,30.5,35.0,Dry / Crisp,Medium,global
Aged Bourbon 3392,spirits/cocktails,La Marca,31.25,36.0,Nutty / Woody,High,global
Bourbon 3393,spirits/cocktails,Barefoot,32.0,37.0,Sweet,High,global
Rye Whiskey 3394,spirits/cocktails,Robert Mondavi,32.75,38.0,Spicy,Medium,global
Gin 3395,spirits/cocktails,Kim Crawford,33.5,39.0,Citrusy / Sour,High,global
Gin 3396,spirits/cocktails,Crown Royal,34.25,5.0,Herbal / Floral,High,global
Scotch 3397,spirits/cocktails,Buffalo Trace,35.0,6.0,Smoky,Medium,global
Cognac 3398,wine,Bulleit,35.75,7.0,Rich / Fruity,High,global
Vodka 3399,spirits/cocktails,Captain Morgan,36.5,8.0,Dry / Crisp,High,global
Aged Bourbon 3400,spirits/cocktails,Don Julio,37.25,9.0,Nutty / Woody,Medium,global
Bourbon 3401,spirits/cocktails,Jameson,38.0,10.0,Sweet,High,global
Rye Whiskey 3402,spirits/cocktails,Jack Daniel's,38.75,11.0,Spicy,High,global
Gin 3403,spirits/cocktails,Johnnie Walker,39.5,12.0,Citrusy / Sour,Medium,global
Gin 3404,spirits/cocktails,Glenfiddich,40.25,13.0,Herbal / Floral,High,global
Scotch 3405,spirits/cocktails,Gordon's,41.0,14.0,Smoky,High,global
Cognac 3406,wine,Tanqueray,41.75,15.0,Rich / Fruity,Medium,global
Vodka 3407,spirits/cocktails,Bacardi,42.5,16.0,Dry / Crisp,High,global
Aged Bourbon 3408,spirits/cocktails,Patron,43.25,17.0,Nutty / Woody,High,global
Bourbon 3409,spirits/cocktails,Absolut,44.0,18.0,Sweet,Medium,global
Rye Whiskey 3410,spirits/cocktails,Smirnoff,44.75,19.0,Spicy,High,global
Gin 3411,spirits/cocktails,Moet & Chandon,45.5,20.0,Citrusy / Sour,High,global
Gin 3412,spirits/cocktails,La Marca,46.25,21.0,Herbal / Floral,Medium,global
Scotch 3413,spirits/cocktails,Barefoot,47.0,22.0,Smoky,High,global
Cognac 3414,wine,Robert Mondavi,47.75,23.0,Rich / Fruity,High,global
Vodka 3415,spirits/cocktails,Kim Crawford,48.5,24.0,Dry / Crisp,Medium,global
Aged Bourbon 3416,spirits/cocktails,Crown Royal,49.25,25.0,Nutty / Woody,High,global
Bourbon 3417,spirits/cocktails,Buffalo Trace,50.0,26.0,Sweet,High,global
Rye Whiskey 3418,spirits/cocktails,Bulleit,50.75,27.0,Spicy,Medium,global
Gin 3419,spirits/cocktails,Captain Morgan,51.5,28.0,Citrusy / Sour,High,global
Gin 3420,spirits/cocktails,Don Julio,52.25,29.0,Herbal / Floral,High,global
Scotch 3421,spirits/cocktails,Jameson,53.0,30.0,Smoky,Medium,global
Cognac 3422,wine,Jack Daniel's,53.75,31.0,Rich / Fruity,High,global
Vodka 3423,spirits/cocktails,Johnnie Walker,54.5,32.0,Dry / Crisp,High,global
Aged Bourbon 3424,spirits/cocktails,Glenfiddich,55.25,33.0,Nutty / Woody,Medium,global
Bourbon 3425,spirits/cocktails,Gordon's,56.0,34.0,Sweet,High,global
Rye Whiskey 3426,spirits/cocktails,Tanqueray,56.75,35.0,Spicy,High,global
Gin 3427,spirits/cocktails,Bacardi,57.5,36.0,Citrusy / Sour,Medium,global
Gin 3428,spirits/cocktails,Patron,58.25,37.0,Herbal / Floral,High,global
Scotch 3429,spirits/cocktails,Absolut,59.0,38.0,Smoky,High,global
Cognac 3430,wine,Smirnoff,59.75,39.0,Rich / Fruity,Medium,global
Vodka 3431,spirits/cocktails,Moet & Chandon,60.5,5.0,Dry / Crisp,High,global
Aged Bourbon 3432,spirits/cocktails,La Marca,61.25,6.0,Nutty / Woody,High,global
Bourbon 3433,spirits/cocktails,Barefoot,62.0,7.0,Sweet,Medium,global
Rye Whiskey 3434,spirits/cocktails,Robert Mondavi,62.75,8.0,Spicy,High,global
Gin 3435,spirits/cocktails,Kim Crawford,63.5,9.0,Citrusy / Sour,High,global
Gin 3436,spirits/cocktails,Crown Royal,64.25,10.0,Herbal / Floral,Medium,global
Scotch 3437,spirits/cocktails,Buffalo Trace,65.0,11.0,Smoky,High,global
Cognac 3438,wine,Bulleit,65.75,12.0,Rich / Fruity,High,global
Vodka 3439,spirits/cocktails,Captain Morgan,66.5,13.0,Dry / Crisp,Medium,global
Aged Bourbon 3440,spirits/cocktails,Don Julio,67.25,14.0,Nutty / Woody,High,global
Bourbon 3441,spirits/cocktails,Jameson,68.0,15.0,Sweet,High,global
Rye Whiskey 3442,spirits/cocktails,Jack Daniel's,68.75,16.0,Spicy,Medium,global
Gin 3443,spirits/cocktails,Johnnie Walker,69.5,17.0,Citrusy / Sour,High,global
Gin 3444,spirits/cocktails,Glenfiddich,70.25,18.0,Herbal / Floral,High,global
Scotch 3445,spirits/cocktails,Gordon's,71.0,19.0,Smoky,Medium,global
Cognac 3446,wine,Tanqueray,71.75,20.0,Rich / Fruity,High,global
Vodka 3447,spirits/cocktails,Bacardi,72.5,21.0,Dry / Crisp,High,global
Aged Bourbon 3448,spirits/cocktails,Patron,73.25,22.0,Nutty / Woody,Medium,global
Bourbon 3449,spirits/cocktails,Absolut,74.0,23.0,Sweet,High,global
Rye Whiskey 3450,spirits/cocktails,Smirnoff,74.75,24.0,Spicy,High,global
Gin 3451,spirits/cocktails,Moet & Chandon,75.5,25.0,Citrusy / Sour,Medium,global
Gin 3452,spirits/cocktails,La Marca,76.25,26.0,Herbal / Floral,High,global
Scotch 3453,spirits/cocktails,Barefoot,77.0,27.0,Smoky,High,global
Cognac 3454,wine,Robert Mondavi,77.75,28.0,Rich / Fruity,Medium,global
Vodka 3455,spirits/cocktails,Kim Crawford,78.5,29.0,Dry / Crisp,High,global
Aged Bourbon 3456,spirits/cocktails,Crown Royal,79.25,30.0,Nutty / Woody,High,global
Bourbon 3457,spirits/cocktails,Buffalo Trace,80.0,31.0,Sweet,Medium,global
Rye Whiskey 3458,spirits/cocktails,Bulleit,80.75,32.0,Spicy,High,global
Gin 3459,spirits/cocktails,Captain Morgan,81.5,33.0,Citrusy / Sour,High,global
Gin 3460,spirits/cocktails,Don Julio,82.25,34.0,Herbal / Floral,Medium,global
Scotch 3461,spirits/cocktails,Jameson,83.0,35.0,Smoky,High,global
Cognac 3462,wine,Jack Daniel's,83.75,36.0,Rich / Fruity,High,global
Vodka 3463,spirits/cocktails,Johnnie Walker,84.5,37.0,Dry / Crisp,Medium,global
Aged Bourbon 3464,spirits/cocktails,Glenfiddich,85.25,38.0,Nutty / Woody,High,global
Bourbon 3465,spirits/cocktails,Gordon's,86.0,39.0,Sweet,High,global
Rye Whiskey 3466,spirits/cocktails,Tanqueray,86.75,5.0,Spicy,Medium,global
Gin 3467,spirits/cocktails,Bacardi,87.5,6.0,Citrusy / Sour,High,global
Gin 3468,spirits/cocktails,Patron,88.25,7.0,Herbal / Floral,High,global
Scotch 3469,spirits/cocktails,Absolut,89.0,8.0,Smoky,Medium,global
Cognac 3470,wine,Smirnoff,89.75,9.0,Rich / Fruity,High,global
Vodka 3471,spirits/cocktails,Moet & Chandon,90.5,10.0,Dry / Crisp,High,global
Aged Bourbon 3472,spirits/cocktails,La Marca,91.25,11.0,Nutty / Woody,Medium,global
Bourbon 3473,spirits/cocktails,Barefoot,92.0,12.0,Sweet,High,global
Rye Whiskey 3474,spirits/cocktails,Robert Mondavi,92.75,13.0,Spicy,High,global
Gin 3475,spirits/cocktails,Kim Crawford,93.5,14.0,Citrusy / Sour,Medium,global
Gin 3476,spirits/cocktails,Crown Royal,94.25,15.0,Herbal / Floral,High,global
Scotch 3477,spirits/cocktails,Buffalo Trace,95.0,16.0,Smoky,High,global
Cognac 3478,wine,Bulleit,95.75,17.0,Rich / Fruity,Medium,global
Vodka 3479,spirits/cocktails,Captain Morgan,96.5,18.0,Dry / Crisp,High,global
Aged Bourbon 3480,spirits/cocktails,Don Julio,97.25,19.0,Nutty / Woody,High,global
Bourbon 3481,spirits/cocktails,Jameson,8.0,20.0,Sweet,Medium,global
Rye Whiskey 3482,spirits/cocktails,Jack Daniel's,8.75,21.0,Spicy,High,global
Gin 3483,spirits/cocktails,Johnnie Walker,9.5,22.0,Citrusy / Sour,High,global
Gin 3484,spirits/cocktails,Glenfiddich,10.25,23.0,Herbal / Floral,Medium,global
Scotch 3485,spirits/cocktails,Gordon's,11.0,24.0,Smoky,High,global
Cognac 3486,wine,Tanqueray,11.75,25.0,Rich / Fruity,High,global
Vodka 3487,spirits/cocktails,Bacardi,12.5,26.0,Dry / Crisp,Medium,global
Aged Bourbon 3488,spirits/cocktails,Patron,13.25,27.0,Nutty / Woody,High,global
Bourbon 3489,spirits/cocktails,Absolut,14.0,28.0,Sweet,High,global
Rye Whiskey 3490,spirits/cocktails,Smirnoff,14.75,29.0,Spicy,Medium,global
Gin 3491,spirits/cocktails,Moet & Chandon,15.5,30.0,Citrusy / Sour,High,global
Gin 3492,spirits/cocktails,La Marca,16.25,31.0,Herbal / Floral,High,global
Scotch 3493,spirits/cocktails,Barefoot,17.0,32.0,Smoky,Medium,global
Cognac 3494,wine,Robert Mondavi,17.75,33.0,Rich / Fruity,High,global
Vodka 3495,spirits/cocktails,Kim Crawford,18.5,34.0,Dry / Crisp,High,global
Aged Bourbon 3496,spirits/cocktails,Crown Royal,19.25,35.0,Nutty / Woody,Medium,global
Bourbon 3497,spirits/cocktails,Buffalo Trace,20.0,36.0,Sweet,High,global
Rye Whiskey 3498,spirits/cocktails,Bulleit,20.75,37.0,Spicy,High,global
Gin 3499,spirits/cocktails,Captain Morgan,21.5,38.0,Citrusy / Sour,Medium,global
Gin 3500,spirits/cocktails,Don Julio,22.25,39.0,Herbal / Floral,High,global
Scotch 3501,spirits/cocktails,Jameson,23.0,5.0,Smoky,High,global
Cognac 3502,wine,Jack Daniel's,23.75,6.0,Rich / Fruity,Medium,global
Vodka 3503,spirits/cocktails,Johnnie Walker,24.5,7.0,Dry / Crisp,High,global
Aged Bourbon 3504,spirits/cocktails,Glenfiddich,25.25,8.0,Nutty / Woody,High,global
Bourbon 3505,spirits/cocktails,Gordon's,26.0,9.0,Sweet,Medium,global
Rye Whiskey 3506,spirits/cocktails,Tanqueray,26.75,10.0,Spicy,High,global
Gin 3507,spirits/cocktails,Bacardi,27.5,11.0,Citrusy / Sour,High,global
Gin 3508,spirits/cocktails,Patron,28.25,12.0,Herbal / Floral,Medium,global
Scotch 3509,spirits/cocktails,Absolut,29.0,13.0,Smoky,High,global
Cognac 3510,wine,Smirnoff,29.75,14.0,Rich / Fruity,High,global
Vodka 3511,spirits/cocktails,Moet & Chandon,30.5,15.0,Dry / Crisp,Medium,global
Aged Bourbon 3512,spirits/cocktails,La Marca,31.25,16.0,Nutty / Woody,High,global
Bourbon 3513,spirits/cocktails,Barefoot,32.0,17.0,Sweet,High,global
Rye Whiskey 3514,spirits/cocktails,Robert Mondavi,32.75,18.0,Spicy,Medium,global
Gin 3515,spirits/cocktails,Kim Crawford,33.5,19.0,Citrusy / Sour,High,global
Gin 3516,spirits/cocktails,Crown Royal,34.25,20.0,Herbal / Floral,High,global
Scotch 3517,spirits/cocktails,Buffalo Trace,35.0,21.0,Smoky,Medium,global
Cognac 3518,wine,Bulleit,35.75,22.0,Rich / Fruity,High,global
Vodka 3519,spirits/cocktails,Captain Morgan,36.5,23.0,Dry / Crisp,High,global
Aged Bourbon 3520,spirits/cocktails,Don Julio,37.25,24.0,Nutty / Woody,Medium,global
Bourbon 3521,spirits/cocktails,Jameson,38.0,25.0,Sweet,High,global
Rye Whiskey 3522,spirits/cocktails,Jack Daniel's,38.75,26.0,Spicy,High,global
Gin 3523,spirits/cocktails,Johnnie Walker,39.5,27.0,Citrusy / Sour,Medium,global
Gin 3524,spirits/cocktails,Glenfiddich,40.25,28.0,Herbal / Floral,High,global
Scotch 3525,spirits/cocktails,Gordon's,41.0,29.0,Smoky,High,global
Cognac 3526,wine,Tanqueray,41.75,30.0,Rich / Fruity,Medium,global
Vodka 3527,spirits/cocktails,Bacardi,42.5,31.0,Dry / Crisp,High,global
Aged Bourbon 3528,spirits/cocktails,Patron,43.25,32.0,Nutty / Woody,High,global
Bourbon 3529,spirits/cocktails,Absolut,44.0,33.0,Sweet,Medium,global
Rye Whiskey 3530,spirits/cocktails,Smirnoff,44.75,34.0,Spicy,High,global
Gin 3531,spirits/cocktails,Moet & Chandon,45.5,35.0,Citrusy / Sour,High,global
Gin 3532,spirits/cocktails,La Marca,46.25,36.0,Herbal / Floral,Medium,global
Scotch 3533,spirits/cocktails,Barefoot,47.0,37.0,Smoky,High,global
Cognac 3534,wine,Robert Mondavi,47.75,38.0,Rich / Fruity,High,global
Vodka 3535,spirits/cocktails,Kim Crawford,48.5,39.0,Dry / Crisp,Medium,global
Aged Bourbon 3536,spirits/cocktails,Crown Royal,49.25,5.0,Nutty / Woody,High,global
Bourbon 3537,spirits/cocktails,Buffalo Trace,50.0,6.0,Sweet,High,global
Rye Whiskey 3538,spirits/cocktails,Bulleit,50.75,7.0,Spicy,Medium,global
Gin 3539,spirits/cocktails,Captain Morgan,51.5,8.0,Citrusy / Sour,High,global
Gin 3540,spirits/cocktails,Don Julio,52.25,9.0,Herbal / Floral,High,global
Scotch 3541,spirits/cocktails,Jameson,53.0,10.0,Smoky,Medium,global
Cognac 3542,wine,Jack Daniel's,53.75,11.0,Rich / Fruity,High,global
Vodka 3543,spirits/cocktails,Johnnie Walker,54.5,12.0,Dry / Crisp,High,global
Aged Bourbon 3544,spirits/cocktails,Glenfiddich,55.25,13.0,Nutty / Woody,Medium,global
Bourbon 3545,spirits/cocktails,Gordon's,56.0,14.0,Sweet,High,global
Rye Whiskey 3546,spirits/cocktails,Tanqueray,56.75,15.0,Spicy,High,global
Gin 3547,spirits/cocktails,Bacardi,57.5,16.0,Citrusy / Sour,Medium,global
Gin 3548,spirits/cocktails,Patron,58.25,17.0,Herbal / Floral,High,global
Scotch 3549,spirits/cocktails,Absolut,59.0,18.0,Smoky,High,global
Cognac 3550,wine,Smirnoff,59.75,19.0,Rich / Fruity,Medium,global
Vodka 3551,spirits/cocktails,Moet & Chandon,60.5,20.0,Dry / Crisp,High,global
Aged Bourbon 3552,spirits/cocktails,La Marca,61.25,21.0,Nutty / Woody,High,global
Bourbon 3553,spirits/cocktails,Barefoot,62.0,22.0,Sweet,Medium,global
Rye Whiskey 3554,spirits/cocktails,Robert Mondavi,62.75,23.0,Spicy,High,global
Gin 3555,spirits/cocktails,Kim Crawford,63.5,24.0,Citrusy / Sour,High,global
Gin 3556,spirits/cocktails,Crown Royal,64.25,25.0,Herbal / Floral,Medium,global
Scotch 3557,spirits/cocktails,Buffalo Trace,65.0,26.0,Smoky,High,global
Cognac 3558,wine,Bulleit,65.75,27.0,Rich / Fruity,High,global
Vodka 3559,spirits/cocktails,Captain Morgan,66.5,28.0,Dry / Crisp,Medium,global
Aged Bourbon 3560,spirits/cocktails,Don Julio,67.25,29.0,Nutty / Woody,High,global
Bourbon 3561,spirits/cocktails,Jameson,68.0,30.0,Sweet,High,global
Rye Whiskey 3562,spirits/cocktails,Jack Daniel's,68.75,31.0,Spicy,Medium,global
Gin 3563,spirits/cocktails,Johnnie Walker,69.5,32.0,Citrusy / Sour,High,global
Gin 3564,spirits/cocktails,Glenfiddich,70.25,33.0,Herbal / Floral,High,global
Scotch 3565,spirits/cocktails,Gordon's,71.0,34.0,Smoky,Medium,global
Cognac 3566,wine,Tanqueray,71.75,35.0,Rich / Fruity,High,global
Vodka 3567,spirits/cocktails,Bacardi,72.5,36.0,Dry / Crisp,High,global
Aged Bourbon 3568,spirits/cocktails,Patron,73.25,37.0,Nutty / Woody,Medium,global
Bourbon 3569,spirits/cocktails,Absolut,74.0,38.0,Sweet,High,global
Rye Whiskey 3570,spirits/cocktails,Smirnoff,74.75,39.0,Spicy,High,global
Gin 3571,spirits/cocktails,Moet & Chandon,75.5,5.0,Citrusy / Sour,Medium,global
Gin 3572,spirits/cocktails,La Marca,76.25,6.0,Herbal / Floral,High,global
Scotch 3573,spirits/cocktails,Barefoot,77.0,7.0,Smoky,High,global
Cognac 3574,wine,Robert Mondavi,77.75,8.0,Rich / Fruity,Medium,global
Vodka 3575,spirits/cocktails,Kim Crawford,78.5,9.0,Dry / Crisp,High,global
Aged Bourbon 3576,spirits/cocktails,Crown Royal,79.25,10.0,Nutty / Woody,High,global
Bourbon 3577,spirits/cocktails,Buffalo Trace,80.0,11.0,Sweet,Medium,global
Rye Whiskey 3578,spirits/cocktails,Bulleit,80.75,12.0,Spicy,High,global
Gin 3579,spirits/cocktails,Captain Morgan,81.5,13.0,Citrusy / Sour,High,global
Gin 3580,spirits/cocktails,Don Julio,82.25,14.0,Herbal / Floral,Medium,global
Scotch 3581,spirits/cocktails,Jameson,83.0,15.0,Smoky,High,global
Cognac 3582,wine,Jack Daniel's,83.75,16.0,Rich / Fruity,High,global
Vodka 3583,spirits/cocktails,Johnnie Walker,84.5,17.0,Dry / Crisp,Medium,global
Aged Bourbon 3584,spirits/cocktails,Glenfiddich,85.25,18.0,Nutty / Woody,High,global
Bourbon 3585,spirits/cocktails,Gordon's,86.0,19.0,Sweet,High,global
Rye Whiskey 3586,spirits/cocktails,Tanqueray,86.75,20.0,Spicy,Medium,global
Gin 3587,spirits/cocktails,Bacardi,87.5,21.0,Citrusy / Sour,High,global
Gin 3588,spirits/cocktails,Patron,88.25,22.0,Herbal / Floral,High,global
Scotch 3589,spirits/cocktails,Absolut,89.0,23.0,Smoky,Medium,global
Cognac 3590,wine,Smirnoff,89.75,24.0,Rich / Fruity,High,global
Vodka 3591,spirits/cocktails,Moet & Chandon,90.5,25.0,Dry / Crisp,High,global
Aged Bourbon 3592,spirits/cocktails,La Marca,91.25,26.0,Nutty / Woody,Medium,global
Bourbon 3593,spirits/cocktails,Barefoot,92.0,27.0,Sweet,High,global
Rye Whiskey 3594,spirits/cocktails,Robert Mondavi,92.75,28.0,Spicy,High,global
Gin 3595,spirits/cocktails,Kim Crawford,93.5,29.0,Citrusy / Sour,Medium,global
Gin 3596,spirits/cocktails,Crown Royal,94.25,30.0,Herbal / Floral,High,global
Scotch 3597,spirits/cocktails,Buffalo Trace,95.0,31.0,Smoky,High,global
Cognac 3598,wine,Bulleit,95.75,32.0,Rich / Fruity,Medium,global
Vodka 3599,spirits/cocktails,Captain Morgan,96.5,33.0,Dry / Crisp,High,global
Aged Bourbon 3600,spirits/cocktails,Don Julio,97.25,34.0,Nutty / Woody,High,global
Bourbon 3601,spirits/cocktails,Jameson,8.0,35.0,Sweet,Medium,global
Rye Whiskey 3602,spirits/cocktails,Jack Daniel's,8.75,36.0,Spicy,High,global
Gin 3603,spirits/cocktails,Johnnie Walker,9.5,37.0,Citrusy / Sour,High,global
Gin 3604,spirits/cocktails,Glenfiddich,10.25,38.0,Herbal / Floral,Medium,global
Scotch 3605,spirits/cocktails,Gordon's,11.0,39.0,Smoky,High,global
Cognac 3606,wine,Tanqueray,11.75,5.0,Rich / Fruity,High,global
Vodka 3607,spirits/cocktails,Bacardi,12.5,6.0,Dry / Crisp,Medium,global
Aged Bourbon 3608,spirits/cocktails,Patron,13.25,7.0,Nutty / Woody,High,global
Bourbon 3609,spirits/cocktails,Absolut,14.0,8.0,Sweet,High,global
Rye Whiskey 3610,spirits/cocktails,Smirnoff,14.75,9.0,Spicy,Medium,global
Gin 3611,spirits/cocktails,Moet & Chandon,15.5,10.0,Citrusy / Sour,High,global
Gin 3612,spirits/cocktails,La Marca,16.25,11.0,Herbal / Floral,High,global
Scotch 3613,spirits/cocktails,Barefoot,17.0,12.0,Smoky,Medium,global
Cognac 3614,wine,Robert Mondavi,17.75,13.0,Rich / Fruity,High,global
Vodka 3615,spirits/cocktails,Kim Crawford,18.5,14.0,Dry / Crisp,High,global
Aged Bourbon 3616,spirits/cocktails,Crown Royal,19.25,15.0,Nutty / Woody,Medium,global
Bourbon 3617,spirits/cocktails,Buffalo Trace,20.0,16.0,Sweet,High,global
Rye Whiskey 3618,spirits/cocktails,Bulleit,20.75,17.0,Spicy,High,global
Gin 3619,spirits/cocktails,Captain Morgan,21.5,18.0,Citrusy / Sour,Medium,global
Gin 3620,spirits/cocktails,Don Julio,22.25,19.0,Herbal / Floral,High,global
Scotch 3621,spirits/cocktails,Jameson,23.0,20.0,Smoky,High,global
Cognac 3622,wine,Jack Daniel's,23.75,21.0,Rich / Fruity,Medium,global
Vodka 3623,spirits/cocktails,Johnnie Walker,24.5,22.0,Dry / Crisp,High,global
Aged Bourbon 3624,spirits/cocktails,Glenfiddich,25.25,23.0,Nutty / Woody,High,global
Bourbon 3625,spirits/cocktails,Gordon's,26.0,24.0,Sweet,Medium,global
Rye Whiskey 3626,spirits/cocktails,Tanqueray,26.75,25.0,Spicy,High,global
Gin 3627,spirits/cocktails,Bacardi,27.5,26.0,Citrusy / Sour,High,global
Gin 3628,spirits/cocktails,Patron,28.25,27.0,Herbal / Floral,Medium,global
Scotch 3629,spirits/cocktails,Absolut,29.0,28.0,Smoky,High,global
Cognac 3630,wine,Smirnoff,29.75,29.0,Rich / Fruity,High,global
Vodka 3631,spirits/cocktails,Moet & Chandon,30.5,30.0,Dry / Crisp,Medium,global
Aged Bourbon 3632,spirits/cocktails,La Marca,31.25,31.0,Nutty / Woody,High,global
Bourbon 3633,spirits/cocktails,Barefoot,32.0,32.0,Sweet,High,global
Rye Whiskey 3634,spirits/cocktails,Robert Mondavi,32.75,33.0,Spicy,Medium,global
Gin 3635,spirits/cocktails,Kim Crawford,33.5,34.0,Citrusy / Sour,High,global
Gin 3636,spirits/cocktails,Crown Royal,34.25,35.0,Herbal / Floral,High,global
Scotch 3637,spirits/cocktails,Buffalo Trace,35.0,36.0,Smoky,Medium,global
Cognac 3638,wine,Bulleit,35.75,37.0,Rich / Fruity,High,global
Vodka 3639,spirits/cocktails,Captain Morgan,36.5,38.0,Dry / Crisp,High,global
Aged Bourbon 3640,spirits/cocktails,Don Julio,37.25,39.0,Nutty / Woody,Medium,global
Bourbon 3641,spirits/cocktails,Jameson,38.0,5.0,Sweet,High,global
Rye Whiskey 3642,spirits/cocktails,Jack Daniel's,38.75,6.0,Spicy,High,global
Gin 3643,spirits/cocktails,Johnnie Walker,39.5,7.0,Citrusy / Sour,Medium,global
Gin 3644,spirits/cocktails,Glenfiddich,40.25,8.0,Herbal / Floral,High,global
Scotch 3645,spirits/cocktails,Gordon's,41.0,9.0,Smoky,High,global
Cognac 3646,wine,Tanqueray,41.75,10.0,Rich / Fruity,Medium,global
Vodka 3647,spirits/cocktails,Bacardi,42.5,11.0,Dry / Crisp,High,global
Aged Bourbon 3648,spirits/cocktails,Patron,43.25,12.0,Nutty / Woody,High,global
Bourbon 3649,spirits/cocktails,Absolut,44.0,13.0,Sweet,Medium,global
Rye Whiskey 3650,spirits/cocktails,Smirnoff,44.75,14.0,Spicy,High,global
Gin 3651,spirits/cocktails,Moet & Chandon,45.5,15.0,Citrusy / Sour,High,global
Gin 3652,spirits/cocktails,La Marca,46.25,16.0,Herbal / Floral,Medium,global
Scotch 3653,spirits/cocktails,Barefoot,47.0,17.0,Smoky,High,global
Cognac 3654,wine,Robert Mondavi,47.75,18.0,Rich / Fruity,High,global
Vodka 3655,spirits/cocktails,Kim Crawford,48.5,19.0,Dry / Crisp,Medium,global
Aged Bourbon 3656,spirits/cocktails,Crown Royal,49.25,20.0,Nutty / Woody,High,global
Bourbon 3657,spirits/cocktails,Buffalo Trace,50.0,21.0,Sweet,High,global
Rye Whiskey 3658,spirits/cocktails,Bulleit,50.75,22.0,Spicy,Medium,global
Gin 3659,spirits/cocktails,Captain Morgan,51.5,23.0,Citrusy / Sour,High,global
Gin 3660,spirits/cocktails,Don Julio,52.25,24.0,Herbal / Floral,High,global
Scotch 3661,spirits/cocktails,Jameson,53.0,25.0,Smoky,Medium,global
Cognac 3662,wine,Jack Daniel's,53.75,26.0,Rich / Fruity,High,global
Vodka 3663,spirits/cocktails,Johnnie Walker,54.5,27.0,Dry / Crisp,High,global
Aged Bourbon 3664,spirits/cocktails,Glenfiddich,55.25,28.0,Nutty / Woody,Medium,global
Bourbon 3665,spirits/cocktails,Gordon's,56.0,29.0,Sweet,High,global
Rye Whiskey 3666,spirits/cocktails,Tanqueray,56.75,30.0,Spicy,High,global
Gin 3667,spirits/cocktails,Bacardi,57.5,31.0,Citrusy / Sour,Medium,global
Gin 3668,spirits/cocktails,Patron,58.25,32.0,Herbal / Floral,High,global
Scotch 3669,spirits/cocktails,Absolut,59.0,33.0,Smoky,High,global
Cognac 3670,wine,Smirnoff,59.75,34.0,Rich / Fruity,Medium,global
Vodka 3671,spirits/cocktails,Moet & Chandon,60.5,35.0,Dry / Crisp,High,global
Aged Bourbon 3672,spirits/cocktails,La Marca,61.25,36.0,Nutty / Woody,High,global
Bourbon 3673,spirits/cocktails,Barefoot,62.0,37.0,Sweet,Medium,global
Rye Whiskey 3674,spirits/cocktails,Robert Mondavi,62.75,38.0,Spicy,High,global
Gin 3675,spirits/cocktails,Kim Crawford,63.5,39.0,Citrusy / Sour,High,global
Gin 3676,spirits/cocktails,Crown Royal,64.25,5.0,Herbal / Floral,Medium,global
Scotch 3677,spirits/cocktails,Buffalo Trace,65.0,6.0,Smoky,High,global
Cognac 3678,wine,Bulleit,65.75,7.0,Rich / Fruity,High,global
Vodka 3679,spirits/cocktails,Captain Morgan,66.5,8.0,Dry / Crisp,Medium,global
Aged Bourbon 3680,spirits/cocktails,Don Julio,67.25,9.0,Nutty / Woody,High,global
Bourbon 3681,spirits/cocktails,Jameson,68.0,10.0,Sweet,High,global
Rye Whiskey 3682,spirits/cocktails,Jack Daniel's,68.75,11.0,Spicy,Medium,global
Gin 3683,spirits/cocktails,Johnnie Walker,69.5,12.0,Citrusy / Sour,High,global
Gin 3684,spirits/cocktails,Glenfiddich,70.25,13.0,Herbal / Floral,High,global
Scotch 3685,spirits/cocktails,Gordon's,71.0,14.0,Smoky,Medium,global
Cognac 3686,wine,Tanqueray,71.75,15.0,Rich / Fruity,High,global
Vodka 3687,spirits/cocktails,Bacardi,72.5,16.0,Dry / Crisp,High,global
Aged Bourbon 3688,spirits/cocktails,Patron,73.25,17.0,Nutty / Woody,Medium,global
Bourbon 3689,spirits/cocktails,Absolut,74.0,18.0,Sweet,High,global
Rye Whiskey 3690,spirits/cocktails,Smirnoff,74.75,19.0,Spicy,High,global
Gin 3691,spirits/cocktails,Moet & Chandon,75.5,20.0,Citrusy / Sour,Medium,global
Gin 3692,spirits/cocktails,La Marca,76.25,21.0,Herbal / Floral,High,global
Scotch 3693,spirits/cocktails,Barefoot,77.0,22.0,Smoky,High,global
Cognac 3694,wine,Robert Mondavi,77.75,23.0,Rich / Fruity,Medium,global
Vodka 3695,spirits/cocktails,Kim Crawford,78.5,24.0,Dry / Crisp,High,global
Aged Bourbon 3696,spirits/cocktails,Crown Royal,79.25,25.0,Nutty / Woody,High,global
Bourbon 3697,spirits/cocktails,Buffalo Trace,80.0,26.0,Sweet,Medium,global
Rye Whiskey 3698,spirits/cocktails,Bulleit,80.75,27.0,Spicy,High,global
Gin 3699,spirits/cocktails,Captain Morgan,81.5,28.0,Citrusy / Sour,High,global
Gin 3700,spirits/cocktails,Don Julio,82.25,29.0,Herbal / Floral,Medium,global
Scotch 3701,spirits/cocktails,Jameson,83.0,30.0,Smoky,High,global
Cognac 3702,wine,Jack Daniel's,83.75,31.0,Rich / Fruity,High,global
Vodka 3703,spirits/cocktails,Johnnie Walker,84.5,32.0,Dry / Crisp,Medium,global
Aged Bourbon 3704,spirits/cocktails,Glenfiddich,85.25,33.0,Nutty / Woody,High,global
Bourbon 3705,spirits/cocktails,Gordon's,86.0,34.0,Sweet,High,global
Rye Whiskey 3706,spirits/cocktails,Tanqueray,86.75,35.0,Spicy,Medium,global
Gin 3707,spirits/cocktails,Bacardi,87.5,36.0,Citrusy / Sour,High,global
Gin 3708,spirits/cocktails,Patron,88.25,37.0,Herbal / Floral,High,global
Scotch 3709,spirits/cocktails,Absolut,89.0,38.0,Smoky,Medium,global
Cognac 3710,wine,Smirnoff,89.75,39.0,Rich / Fruity,High,global
Vodka 3711,spirits/cocktails,Moet & Chandon,90.5,5.0,Dry / Crisp,High,global
Aged Bourbon 3712,spirits/cocktails,La Marca,91.25,6.0,Nutty / Woody,Medium,global
Bourbon 3713,spirits/cocktails,Barefoot,92.0,7.0,Sweet,High,global
Rye Whiskey 3714,spirits/cocktails,Robert Mondavi,92.75,8.0,Spicy,High,global
Gin 3715,spirits/cocktails,Kim Crawford,93.5,9.0,Citrusy / Sour,Medium,global
Gin 3716,spirits/cocktails,Crown Royal,94.25,10.0,Herbal / Floral,High,global
Scotch 3717,spirits/cocktails,Buffalo Trace,95.0,11.0,Smoky,High,global
Cognac 3718,wine,Bulleit,95.75,12.0,Rich / Fruity,Medium,global
Vodka 3719,spirits/cocktails,Captain Morgan,96.5,13.0,Dry / Crisp,High,global
Aged Bourbon 3720,spirits/cocktails,Don Julio,97.25,14.0,Nutty / Woody,High,global
Bourbon 3721,spirits/cocktails,Jameson,8.0,15.0,Sweet,Medium,global
Rye Whiskey 3722,spirits/cocktails,Jack Daniel's,8.75,16.0,Spicy,High,global
Gin 3723,spirits/cocktails,Johnnie Walker,9.5,17.0,Citrusy / Sour,High,global
Gin 3724,spirits/cocktails,Glenfiddich,10.25,18.0,Herbal / Floral,Medium,global
Scotch 3725,spirits/cocktails,Gordon's,11.0,19.0,Smoky,High,global
Cognac 3726,wine,Tanqueray,11.75,20.0,Rich / Fruity,High,global
Vodka 3727,spirits/cocktails,Bacardi,12.5,21.0,Dry / Crisp,Medium,global
Aged Bourbon 3728,spirits/cocktails,Patron,13.25,22.0,Nutty / Woody,High,global
Bourbon 3729,spirits/cocktails,Absolut,14.0,23.0,Sweet,High,global
Rye Whiskey 3730,spirits/cocktails,Smirnoff,14.75,24.0,Spicy,Medium,global
Gin 3731,spirits/cocktails,Moet & Chandon,15.5,25.0,Citrusy / Sour,High,global
Gin 3732,spirits/cocktails,La Marca,16.25,26.0,Herbal / Floral,High,global
Scotch 3733,spirits/cocktails,Barefoot,17.0,27.0,Smoky,Medium,global
Cognac 3734,wine,Robert Mondavi,17.75,28.0,Rich / Fruity,High,global
Vodka 3735,spirits/cocktails,Kim Crawford,18.5,29.0,Dry / Crisp,High,global
Aged Bourbon 3736,spirits/cocktails,Crown Royal,19.25,30.0,Nutty / Woody,Medium,global
Bourbon 3737,spirits/cocktails,Buffalo Trace,20.0,31.0,Sweet,High,global
Rye Whiskey 3738,spirits/cocktails,Bulleit,20.75,32.0,Spicy,High,global
Gin 3739,spirits/cocktails,Captain Morgan,21.5,33.0,Citrusy / Sour,Medium,global
Gin 3740,spirits/cocktails,Don Julio,22.25,34.0,Herbal / Floral,High,global
Scotch 3741,spirits/cocktails,Jameson,23.0,35.0,Smoky,High,global
Cognac 3742,wine,Jack Daniel's,23.75,36.0,Rich / Fruity,Medium,global
Vodka 3743,spirits/cocktails,Johnnie Walker,24.5,37.0,Dry / Crisp,High,global
Aged Bourbon 3744,spirits/cocktails,Glenfiddich,25.25,38.0,Nutty / Woody,High,global
Bourbon 3745,spirits/cocktails,Gordon's,26.0,39.0,Sweet,Medium,global
Rye Whiskey 3746,spirits/cocktails,Tanqueray,26.75,5.0,Spicy,High,global
Gin 3747,spirits/cocktails,Bacardi,27.5,6.0,Citrusy / Sour,High,global
Gin 3748,spirits/cocktails,Patron,28.25,7.0,Herbal / Floral,Medium,global
Scotch 3749,spirits/cocktails,Absolut,29.0,8.0,Smoky,High,global
Cognac 3750,wine,Smirnoff,29.75,9.0,Rich / Fruity,High,global
Vodka 3751,spirits/cocktails,Moet & Chandon,30.5,10.0,Dry / Crisp,Medium,global
Aged Bourbon 3752,spirits/cocktails,La Marca,31.25,11.0,Nutty / Woody,High,global
Bourbon 3753,spirits/cocktails,Barefoot,32.0,12.0,Sweet,High,global
Rye Whiskey 3754,spirits/cocktails,Robert Mondavi,32.75,13.0,Spicy,Medium,global
Gin 3755,spirits/cocktails,Kim Crawford,33.5,14.0,Citrusy / Sour,High,global
Gin 3756,spirits/cocktails,Crown Royal,34.25,15.0,Herbal / Floral,High,global
Scotch 3757,spirits/cocktails,Buffalo Trace,35.0,16.0,Smoky,Medium,global
Cognac 3758,wine,Bulleit,35.75,17.0,Rich / Fruity,High,global
Vodka 3759,spirits/cocktails,Captain Morgan,36.5,18.0,Dry / Crisp,High,global
Aged Bourbon 3760,spirits/cocktails,Don Julio,37.25,19.0,Nutty / Woody,Medium,global
Bourbon 3761,spirits/cocktails,Jameson,38.0,20.0,Sweet,High,global
Rye Whiskey 3762,spirits/cocktails,Jack Daniel's,38.75,21.0,Spicy,High,global
Gin 3763,spirits/cocktails,Johnnie Walker,39.5,22.0,Citrusy / Sour,Medium,global
Gin 3764,spirits/cocktails,Glenfiddich,40.25,23.0,Herbal / Floral,High,global
Scotch 3765,spirits/cocktails,Gordon's,41.0,24.0,Smoky,High,global
Cognac 3766,wine,Tanqueray,41.75,25.0,Rich / Fruity,Medium,global
Vodka 3767,spirits/cocktails,Bacardi,42.5,26.0,Dry / Crisp,High,global
Aged Bourbon 3768,spirits/cocktails,Patron,43.25,27.0,Nutty / Woody,High,global
Bourbon 3769,spirits/cocktails,Absolut,44.0,28.0,Sweet,Medium,global
Rye Whiskey 3770,spirits/cocktails,Smirnoff,44.75,29.0,Spicy,High,global
Gin 3771,spirits/cocktails,Moet & Chandon,45.5,30.0,Citrusy / Sour,High,global
Gin 3772,spirits/cocktails,La Marca,46.25,31.0,Herbal / Floral,Medium,global
Scotch 3773,spirits/cocktails,Barefoot,47.0,32.0,Smoky,High,global
Cognac 3774,wine,Robert Mondavi,47.75,33.0,Rich / Fruity,High,global
Vodka 3775,spirits/cocktails,Kim Crawford,48.5,34.0,Dry / Crisp,Medium,global
Aged Bourbon 3776,spirits/cocktails,Crown Royal,49.25,35.0,Nutty / Woody,High,global
Bourbon 3777,spirits/cocktails,Buffalo Trace,50.0,36.0,Sweet,High,global
Rye Whiskey 3778,spirits/cocktails,Bulleit,50.75,37.0,Spicy,Medium,global
Gin 3779,spirits/cocktails,Captain Morgan,51.5,38.0,Citrusy / Sour,High,global
Gin 3780,spirits/cocktails,Don Julio,52.25,39.0,Herbal / Floral,High,global
Scotch 3781,spirits/cocktails,Jameson,53.0,5.0,Smoky,Medium,global
Cognac 3782,wine,Jack Daniel's,53.75,6.0,Rich / Fruity,High,global
Vodka 3783,spirits/cocktails,Johnnie Walker,54.5,7.0,Dry / Crisp,High,global
Aged Bourbon 3784,spirits/cocktails,Glenfiddich,55.25,8.0,Nutty / Woody,Medium,global
Bourbon 3785,spirits/cocktails,Gordon's,56.0,9.0,Sweet,High,global
Rye Whiskey 3786,spirits/cocktails,Tanqueray,56.75,10.0,Spicy,High,global
Gin 3787,spirits/cocktails,Bacardi,57.5,11.0,Citrusy / Sour,Medium,global
Gin 3788,spirits/cocktails,Patron,58.25,12.0,Herbal / Floral,High,global
Scotch 3789,spirits/cocktails,Absolut,59.0,13.0,Smoky,High,global
Cognac 3790,wine,Smirnoff,59.75,14.0,Rich / Fruity,Medium,global
Vodka 3791,spirits/cocktails,Moet & Chandon,60.5,15.0,Dry / Crisp,High,global
Aged Bourbon 3792,spirits/cocktails,La Marca,61.25,16.0,Nutty / Woody,High,global
Bourbon 3793,spirits/cocktails,Barefoot,62.0,17.0,Sweet,Medium,global
Rye Whiskey 3794,spirits/cocktails,Robert Mondavi,62.75,18.0,Spicy,High,global
Gin 3795,spirits/cocktails,Kim Crawford,63.5,19.0,Citrusy / Sour,High,global
Gin 3796,spirits/cocktails,Crown Royal,64.25,20.0,Herbal / Floral,Medium,global
Scotch 3797,spirits/cocktails,Buffalo Trace,65.0,21.0,Smoky,High,global
Cognac 3798,wine,Bulleit,65.75,22.0,Rich / Fruity,High,global
Vodka 3799,spirits/cocktails,Captain Morgan,66.5,23.0,Dry / Crisp,Medium,global
Aged Bourbon 3800,spirits/cocktails,Don Julio,67.25,24.0,Nutty / Woody,High,global
Bourbon 3801,spirits/cocktails,Jameson,68.0,25.0,Sweet,High,global
Rye Whiskey 3802,spirits/cocktails,Jack Daniel's,68.75,26.0,Spicy,Medium,global
Gin 3803,spirits/cocktails,Johnnie Walker,69.5,27.0,Citrusy / Sour,High,global
Gin 3804,spirits/cocktails,Glenfiddich,70.25,28.0,Herbal / Floral,High,global
Scotch 3805,spirits/cocktails,Gordon's,71.0,29.0,Smoky,Medium,global
Cognac 3806,wine,Tanqueray,71.75,30.0,Rich / Fruity,High,global
Vodka 3807,spirits/cocktails,Bacardi,72.5,31.0,Dry / Crisp,High,global
Aged Bourbon 3808,spirits/cocktails,Patron,73.25,32.0,Nutty / Woody,Medium,global
Bourbon 3809,spirits/cocktails,Absolut,74.0,33.0,Sweet,High,global
Rye Whiskey 3810,spirits/cocktails,Smirnoff,74.75,34.0,Spicy,High,global
Gin 3811,spirits/cocktails,Moet & Chandon,75.5,35.0,Citrusy / Sour,Medium,global
Gin 3812,spirits/cocktails,La Marca,76.25,36.0,Herbal / Floral,High,global
Scotch 3813,spirits/cocktails,Barefoot,77.0,37.0,Smoky,High,global
Cognac 3814,wine,Robert Mondavi,77.75,38.0,Rich / Fruity,Medium,global
Vodka 3815,spirits/cocktails,Kim Crawford,78.5,39.0,Dry / Crisp,High,global
Aged Bourbon 3816,spirits/cocktails,Crown Royal,79.25,5.0,Nutty / Woody,High,global
Bourbon 3817,spirits/cocktails,Buffalo Trace,80.0,6.0,Sweet,Medium,global
Rye Whiskey 3818,spirits/cocktails,Bulleit,80.75,7.0,Spicy,High,global
Gin 3819,spirits/cocktails,Captain Morgan,81.5,8.0,Citrusy / Sour,High,global
Gin 3820,spirits/cocktails,Don Julio,82.25,9.0,Herbal / Floral,Medium,global
Scotch 3821,spirits/cocktails,Jameson,83.0,10.0,Smoky,High,global
Cognac 3822,wine,Jack Daniel's,83.75,11.0,Rich / Fruity,High,global
Vodka 3823,spirits/cocktails,Johnnie Walker,84.5,12.0,Dry / Crisp,Medium,global
Aged Bourbon 3824,spirits/cocktails,Glenfiddich,85.25,13.0,Nutty / Woody,High,global
Bourbon 3825,spirits/cocktails,Gordon's,86.0,14.0,Sweet,High,global
Rye Whiskey 3826,spirits/cocktails,Tanqueray,86.75,15.0,Spicy,Medium,global
Gin 3827,spirits/cocktails,Bacardi,87.5,16.0,Citrusy / Sour,High,global
Gin 3828,spirits/cocktails,Patron,88.25,17.0,Herbal / Floral,High,global
Scotch 3829,spirits/cocktails,Absolut,89.0,18.0,Smoky,Medium,global
Cognac 3830,wine,Smirnoff,89.75,19.0,Rich / Fruity,High,global
Vodka 3831,spirits/cocktails,Moet & Chandon,90.5,20.0,Dry / Crisp,High,global
Aged Bourbon 3832,spirits/cocktails,La Marca,91.25,21.0,Nutty / Woody,Medium,global
Bourbon 3833,spirits/cocktails,Barefoot,92.0,22.0,Sweet,High,global
Rye Whiskey 3834,spirits/cocktails,Robert Mondavi,92.75,23.0,Spicy,High,global
Gin 3835,spirits/cocktails,Kim Crawford,93.5,24.0,Citrusy / Sour,Medium,global
Gin 3836,spirits/cocktails,Crown Royal,94.25,25.0,Herbal / Floral,High,global
Scotch 3837,spirits/cocktails,Buffalo Trace,95.0,26.0,Smoky,High,global
Cognac 3838,wine,Bulleit,95.75,27.0,Rich / Fruity,Medium,global
Vodka 3839,spirits/cocktails,Captain Morgan,96.5,28.0,Dry / Crisp,High,global
Aged Bourbon 3840,spirits/cocktails,Don Julio,97.25,29.0,Nutty / Woody,High,global
Bourbon 3841,spirits/cocktails,Jameson,8.0,30.0,Sweet,Medium,global
Rye Whiskey 3842,spirits/cocktails,Jack Daniel's,8.75,31.0,Spicy,High,global
Gin 3843,spirits/cocktails,Johnnie Walker,9.5,32.0,Citrusy / Sour,High,global
Gin 3844,spirits/cocktails,Glenfiddich,10.25,33.0,Herbal / Floral,Medium,global
Scotch 3845,spirits/cocktails,Gordon's,11.0,34.0,Smoky,High,global
Cognac 3846,wine,Tanqueray,11.75,35.0,Rich / Fruity,High,global
Vodka 3847,spirits/cocktails,Bacardi,12.5,36.0,Dry / Crisp,Medium,global
Aged Bourbon 3848,spirits/cocktails,Patron,13.25,37.0,Nutty / Woody,High,global
Bourbon 3849,spirits/cocktails,Absolut,14.0,38.0,Sweet,High,global
Rye Whiskey 3850,spirits/cocktails,Smirnoff,14.75,39.0,Spicy,Medium,global
Gin 3851,spirits/cocktails,Moet & Chandon,15.5,5.0,Citrusy / Sour,High,global
Gin 3852,spirits/cocktails,La Marca,16.25,6.0,Herbal / Floral,High,global
Scotch 3853,spirits/cocktails,Barefoot,17.0,7.0,Smoky,Medium,global
Cognac 3854,wine,Robert Mondavi,17.75,8.0,Rich / Fruity,High,global
Vodka 3855,spirits/cocktails,Kim Crawford,18.5,9.0,Dry / Crisp,High,global
Aged Bourbon 3856,spirits/cocktails,Crown Royal,19.25,10.0,Nutty / Woody,Medium,global
Bourbon 3857,spirits/cocktails,Buffalo Trace,20.0,11.0,Sweet,High,global
Rye Whiskey 3858,spirits/cocktails,Bulleit,20.75,12.0,Spicy,High,global
Gin 3859,spirits/cocktails,Captain Morgan,21.5,13.0,Citrusy / Sour,Medium,global
Gin 3860,spirits/cocktails,Don Julio,22.25,14.0,Herbal / Floral,High,global
Scotch 3861,spirits/cocktails,Jameson,23.0,15.0,Smoky,High,global
Cognac 3862,wine,Jack Daniel's,23.75,16.0,Rich / Fruity,Medium,global
Vodka 3863,spirits/cocktails,Johnnie Walker,24.5,17.0,Dry / Crisp,High,global
Aged Bourbon 3864,spirits/cocktails,Glenfiddich,25.25,18.0,Nutty / Woody,High,global
Bourbon 3865,spirits/cocktails,Gordon's,26.0,19.0,Sweet,Medium,global
Rye Whiskey 3866,spirits/cocktails,Tanqueray,26.75,20.0,Spicy,High,global
Gin 3867,spirits/cocktails,Bacardi,27.5,21.0,Citrusy / Sour,High,global
Gin 3868,spirits/cocktails,Patron,28.25,22.0,Herbal / Floral,Medium,global
Scotch 3869,spirits/cocktails,Absolut,29.0,23.0,Smoky,High,global
Cognac 3870,wine,Smirnoff,29.75,24.0,Rich / Fruity,High,global
Vodka 3871,spirits/cocktails,Moet & Chandon,30.5,25.0,Dry / Crisp,Medium,global
Aged Bourbon 3872,spirits/cocktails,La Marca,31.25,26.0,Nutty / Woody,High,global
Bourbon 3873,spirits/cocktails,Barefoot,32.0,27.0,Sweet,High,global
Rye Whiskey 3874,spirits/cocktails,Robert Mondavi,32.75,28.0,Spicy,Medium,global
Gin 3875,spirits/cocktails,Kim Crawford,33.5,29.0,Citrusy / Sour,High,global
Gin 3876,spirits/cocktails,Crown Royal,34.25,30.0,Herbal / Floral,High,global
Scotch 3877,spirits/cocktails,Buffalo Trace,35.0,31.0,Smoky,Medium,global
Cognac 3878,wine,Bulleit,35.75,32.0,Rich / Fruity,High,global
Vodka 3879,spirits/cocktails,Captain Morgan,36.5,33.0,Dry / Crisp,High,global
Aged Bourbon 3880,spirits/cocktails,Don Julio,37.25,34.0,Nutty / Woody,Medium,global
Bourbon 3881,spirits/cocktails,Jameson,38.0,35.0,Sweet,High,global
Rye Whiskey 3882,spirits/cocktails,Jack Daniel's,38.75,36.0,Spicy,High,global
Gin 3883,spirits/cocktails,Johnnie Walker,39.5,37.0,Citrusy / Sour,Medium,global
Gin 3884,spirits/cocktails,Glenfiddich,40.25,38.0,Herbal / Floral,High,global
Scotch 3885,spirits/cocktails,Gordon's,41.0,39.0,Smoky,High,global
Cognac 3886,wine,Tanqueray,41.75,5.0,Rich / Fruity,Medium,global
Vodka 3887,spirits/cocktails,Bacardi,42.5,6.0,Dry / Crisp,High,global
Aged Bourbon 3888,spirits/cocktails,Patron,43.25,7.0,Nutty / Woody,High,global
Bourbon 3889,spirits/cocktails,Absolut,44.0,8.0,Sweet,Medium,global
Rye Whiskey 3890,spirits/cocktails,Smirnoff,44.75,9.0,Spicy,High,global
Gin 3891,spirits/cocktails,Moet & Chandon,45.5,10.0,Citrusy / Sour,High,global
Gin 3892,spirits/cocktails,La Marca,46.25,11.0,Herbal / Floral,Medium,global
Scotch 3893,spirits/cocktails,Barefoot,47.0,12.0,Smoky,High,global
Cognac 3894,wine,Robert Mondavi,47.75,13.0,Rich / Fruity,High,global
Vodka 3895,spirits/cocktails,Kim Crawford,48.5,14.0,Dry / Crisp,Medium,global
Aged Bourbon 3896,spirits/cocktails,Crown Royal,49.25,15.0,Nutty / Woody,High,global
Bourbon 3897,spirits/cocktails,Buffalo Trace,50.0,16.0,Sweet,High,global
Rye Whiskey 3898,spirits/cocktails,Bulleit,50.75,17.0,Spicy,Medium,global
Gin 3899,spirits/cocktails,Captain Morgan,51.5,18.0,Citrusy / Sour,High,global
Gin 3900,spirits/cocktails,Don Julio,52.25,19.0,Herbal / Floral,High,global
Scotch 3901,spirits/cocktails,Jameson,53.0,20.0,Smoky,Medium,global
Cognac 3902,wine,Jack Daniel's,53.75,21.0,Rich / Fruity,High,global
Vodka 3903,spirits/cocktails,Johnnie Walker,54.5,22.0,Dry / Crisp,High,global
Aged Bourbon 3904,spirits/cocktails,Glenfiddich,55.25,23.0,Nutty / Woody,Medium,global
Bourbon 3905,spirits/cocktails,Gordon's,56.0,24.0,Sweet,High,global
Rye Whiskey 3906,spirits/cocktails,Tanqueray,56.75,25.0,Spicy,High,global
Gin 3907,spirits/cocktails,Bacardi,57.5,26.0,Citrusy / Sour,Medium,global
Gin 3908,spirits/cocktails,Patron,58.25,27.0,Herbal / Floral,High,global
Scotch 3909,spirits/cocktails,Absolut,59.0,28.0,Smoky,High,global
Cognac 3910,wine,Smirnoff,59.75,29.0,Rich / Fruity,Medium,global
Vodka 3911,spirits/cocktails,Moet & Chandon,60.5,30.0,Dry / Crisp,High,global
Aged Bourbon 3912,spirits/cocktails,La Marca,61.25,31.0,Nutty / Woody,High,global
Bourbon 3913,spirits/cocktails,Barefoot,62.0,32.0,Sweet,Medium,global
Rye Whiskey 3914,spirits/cocktails,Robert Mondavi,62.75,33.0,Spicy,High,global
Gin 3915,spirits/cocktails,Kim Crawford,63.5,34.0,Citrusy / Sour,High,global
Gin 3916,spirits/cocktails,Crown Royal,64.25,35.0,Herbal / Floral,Medium,global
Scotch 3917,spirits/cocktails,Buffalo Trace,65.0,36.0,Smoky,High,global
Cognac 3918,wine,Bulleit,65.75,37.0,Rich / Fruity,High,global
Vodka 3919,spirits/cocktails,Captain Morgan,66.5,38.0,Dry / Crisp,Medium,global
Aged Bourbon 3920,spirits/cocktails,Don Julio,67.25,39.0,Nutty / Woody,High,global
Bourbon 3921,spirits/cocktails,Jameson,68.0,5.0,Sweet,High,global
Rye Whiskey 3922,spirits/cocktails,Jack Daniel's,68.75,6.0,Spicy,Medium,global
Gin 3923,spirits/cocktails,Johnnie Walker,69.5,7.0,Citrusy / Sour,High,global
Gin 3924,spirits/cocktails,Glenfiddich,70.25,8.0,Herbal / Floral,High,global
Scotch 3925,spirits/cocktails,Gordon's,71.0,9.0,Smoky,Medium,global
Cognac 3926,wine,Tanqueray,71.75,10.0,Rich / Fruity,High,global
Vodka 3927,spirits/cocktails,Bacardi,72.5,11.0,Dry / Crisp,High,global
Aged Bourbon 3928,spirits/cocktails,Patron,73.25,12.0,Nutty / Woody,Medium,global
Bourbon 3929,spirits/cocktails,Absolut,74.0,13.0,Sweet,High,global
Rye Whiskey 3930,spirits/cocktails,Smirnoff,74.75,14.0,Spicy,High,global
Gin 3931,spirits/cocktails,Moet & Chandon,75.5,15.0,Citrusy / Sour,Medium,global
Gin 3932,spirits/cocktails,La Marca,76.25,16.0,Herbal / Floral,High,global
Scotch 3933,spirits/cocktails,Barefoot,77.0,17.0,Smoky,High,global
Cognac 3934,wine,Robert Mondavi,77.75,18.0,Rich / Fruity,Medium,global
Vodka 3935,spirits/cocktails,Kim Crawford,78.5,19.0,Dry / Crisp,High,global
Aged Bourbon 3936,spirits/cocktails,Crown Royal,79.25,20.0,Nutty / Woody,High,global
Bourbon 3937,spirits/cocktails,Buffalo Trace,80.0,21.0,Sweet,Medium,global
Rye Whiskey 3938,spirits/cocktails,Bulleit,80.75,22.0,Spicy,High,global
Gin 3939,spirits/cocktails,Captain Morgan,81.5,23.0,Citrusy / Sour,High,global
Gin 3940,spirits/cocktails,Don Julio,82.25,24.0,Herbal / Floral,Medium,global
Scotch 3941,spirits/cocktails,Jameson,83.0,25.0,Smoky,High,global
Cognac 3942,wine,Jack Daniel's,83.75,26.0,Rich / Fruity,High,global
Vodka 3943,spirits/cocktails,Johnnie Walker,84.5,27.0,Dry / Crisp,Medium,global
Aged Bourbon 3944,spirits/cocktails,Glenfiddich,85.25,28.0,Nutty / Woody,High,global
Bourbon 3945,spirits/cocktails,Gordon's,86.0,29.0,Sweet,High,global
Rye Whiskey 3946,spirits/cocktails,Tanqueray,86.75,30.0,Spicy,Medium,global
Gin 3947,spirits/cocktails,Bacardi,87.5,31.0,Citrusy / Sour,High,global
Gin 3948,spirits/cocktails,Patron,88.25,32.0,Herbal / Floral,High,global
Scotch 3949,spirits/cocktails,Absolut,89.0,33.0,Smoky,Medium,global
Cognac 3950,wine,Smirnoff,89.75,34.0,Rich / Fruity,High,global
Vodka 3951,spirits/cocktails,Moet & Chandon,90.5,35.0,Dry / Crisp,High,global
Aged Bourbon 3952,spirits/cocktails,La Marca,91.25,36.0,Nutty / Woody,Medium,global
Bourbon 3953,spirits/cocktails,Barefoot,92.0,37.0,Sweet,High,global
Rye Whiskey 3954,spirits/cocktails,Robert Mondavi,92.75,38.0,Spicy,High,global
Gin 3955,spirits/cocktails,Kim Crawford,93.5,39.0,Citrusy / Sour,Medium,global
Gin 3956,spirits/cocktails,Crown Royal,94.25,5.0,Herbal / Floral,High,global
Scotch 3957,spirits/cocktails,Buffalo Trace,95.0,6.0,Smoky,High,global
Cognac 3958,wine,Bulleit,95.75,7.0,Rich / Fruity,Medium,global
Vodka 3959,spirits/cocktails,Captain Morgan,96.5,8.0,Dry / Crisp,High,global
Aged Bourbon 3960,spirits/cocktails,Don Julio,97.25,9.0,Nutty / Woody,High,global
Bourbon 3961,spirits/cocktails,Jameson,8.0,10.0,Sweet,Medium,global
Rye Whiskey 3962,spirits/cocktails,Jack Daniel's,8.75,11.0,Spicy,High,global
Gin 3963,spirits/cocktails,Johnnie Walker,9.5,12.0,Citrusy / Sour,High,global
Gin 3964,spirits/cocktails,Glenfiddich,10.25,13.0,Herbal / Floral,Medium,global
Scotch 3965,spirits/cocktails,Gordon's,11.0,14.0,Smoky,High,global
Cognac 3966,wine,Tanqueray,11.75,15.0,Rich / Fruity,High,global
Vodka 3967,spirits/cocktails,Bacardi,12.5,16.0,Dry / Crisp,Medium,global
Aged Bourbon 3968,spirits/cocktails,Patron,13.25,17.0,Nutty / Woody,High,global
Bourbon 3969,spirits/cocktails,Absolut,14.0,18.0,Sweet,High,global
Rye Whiskey 3970,spirits/cocktails,Smirnoff,14.75,19.0,Spicy,Medium,global
Gin 3971,spirits/cocktails,Moet & Chandon,15.5,20.0,Citrusy / Sour,High,global
Gin 3972,spirits/cocktails,La Marca,16.25,21.0,Herbal / Floral,High,global
Scotch 3973,spirits/cocktails,Barefoot,17.0,22.0,Smoky,Medium,global
Cognac 3974,wine,Robert Mondavi,17.75,23.0,Rich / Fruity,High,global
Vodka 3975,spirits/cocktails,Kim Crawford,18.5,24.0,Dry / Crisp,High,global
Aged Bourbon 3976,spirits/cocktails,Crown Royal,19.25,25.0,Nutty / Woody,Medium,global
Bourbon 3977,spirits/cocktails,Buffalo Trace,20.0,26.0,Sweet,High,global
Rye Whiskey 3978,spirits/cocktails,Bulleit,20.75,27.0,Spicy,High,global
Gin 3979,spirits/cocktails,Captain Morgan,21.5,28.0,Citrusy / Sour,Medium,global
Gin 3980,spirits/cocktails,Don Julio,22.25,29.0,Herbal / Floral,High,global
Scotch 3981,spirits/cocktails,Jameson,23.0,30.0,Smoky,High,global
Cognac 3982,wine,Jack Daniel's,23.75,31.0,Rich / Fruity,Medium,global
Vodka 3983,spirits/cocktails,Johnnie Walker,24.5,32.0,Dry / Crisp,High,global
Aged Bourbon 3984,spirits/cocktails,Glenfiddich,25.25,33.0,Nutty / Woody,High,global
Bourbon 3985,spirits/cocktails,Gordon's,26.0,34.0,Sweet,Medium,global
Rye Whiskey 3986,spirits/cocktails,Tanqueray,26.75,35.0,Spicy,High,global
Gin 3987,spirits/cocktails,Bacardi,27.5,36.0,Citrusy / Sour,High,global
Gin 3988,spirits/cocktails,Patron,28.25,37.0,Herbal / Floral,Medium,global
Scotch 3989,spirits/cocktails,Absolut,29.0,38.0,Smoky,High,global
Cognac 3990,wine,Smirnoff,29.75,39.0,Rich / Fruity,High,global
Vodka 3991,spirits/cocktails,Moet & Chandon,30.5,5.0,Dry / Crisp,Medium,global
Aged Bourbon 3992,spirits/cocktails,La Marca,31.25,6.0,Nutty / Woody,High,global
Bourbon 3993,spirits/cocktails,Barefoot,32.0,7.0,Sweet,High,global
Rye Whiskey 3994,spirits/cocktails,Robert Mondavi,32.75,8.0,Spicy,Medium,global
Gin 3995,spirits/cocktails,Kim Crawford,33.5,9.0,Citrusy / Sour,High,global
Gin 3996,spirits/cocktails,Crown Royal,34.25,10.0,Herbal / Floral,High,global
Scotch 3997,spirits/cocktails,Buffalo Trace,35.0,11.0,Smoky,Medium,global
Cognac 3998,wine,Bulleit,35.75,12.0,Rich / Fruity,High,global
Vodka 3999,spirits/cocktails,Captain Morgan,36.5,13.0,Dry / Crisp,High,global
Aged Bourbon 4000,spirits/cocktails,Don Julio,37.25,14.0,Nutty / Woody,Medium,global
Bourbon 4001,spirits/cocktails,Jameson,38.0,15.0,Sweet,High,global
Rye Whiskey 4002,spirits/cocktails,Jack Daniel's,38.75,16.0,Spicy,High,global
Gin 4003,spirits/cocktails,Johnnie Walker,39.5,17.0,Citrusy / Sour,Medium,global
Gin 4004,spirits/cocktails,Glenfiddich,40.25,18.0,Herbal / Floral,High,global
Scotch 4005,spirits/cocktails,Gordon's,41.0,19.0,Smoky,High,global
Cognac 4006,wine,Tanqueray,41.75,20.0,Rich / Fruity,Medium,global
Vodka 4007,spirits/cocktails,Bacardi,42.5,21.0,Dry / Crisp,High,global
Aged Bourbon 4008,spirits/cocktails,Patron,43.25,22.0,Nutty / Woody,High,global
Bourbon 4009,spirits/cocktails,Absolut,44.0,23.0,Sweet,Medium,global
Rye Whiskey 4010,spirits/cocktails,Smirnoff,44.75,24.0,Spicy,High,global
Gin 4011,spirits/cocktails,Moet & Chandon,45.5,25.0,Citrusy / Sour,High,global
Gin 4012,spirits/cocktails,La Marca,46.25,26.0,Herbal / Floral,Medium,global
Scotch 4013,spirits/cocktails,Barefoot,47.0,27.0,Smoky,High,global
Cognac 4014,wine,Robert Mondavi,47.75,28.0,Rich / Fruity,High,global
Vodka 4015,spirits/cocktails,Kim Crawford,48.5,29.0,Dry / Crisp,Medium,global
Aged Bourbon 4016,spirits/cocktails,Crown Royal,49.25,30.0,Nutty / Woody,High,global
Bourbon 4017,spirits/cocktails,Buffalo Trace,50.0,31.0,Sweet,High,global
Rye Whiskey 4018,spirits/cocktails,Bulleit,50.75,32.0,Spicy,Medium,global
Gin 4019,spirits/cocktails,Captain Morgan,51.5,33.0,Citrusy / Sour,High,global
Gin 4020,spirits/cocktails,Don Julio,52.25,34.0,Herbal / Floral,High,global
Scotch 4021,spirits/cocktails,Jameson,53.0,35.0,Smoky,Medium,global
Cognac 4022,wine,Jack Daniel's,53.75,36.0,Rich / Fruity,High,global
Vodka 4023,spirits/cocktails,Johnnie Walker,54.5,37.0,Dry / Crisp,High,global
Aged Bourbon 4024,spirits/cocktails,Glenfiddich,55.25,38.0,Nutty / Woody,Medium,global
Bourbon 4025,spirits/cocktails,Gordon's,56.0,39.0,Sweet,High,global
Rye Whiskey 4026,spirits/cocktails,Tanqueray,56.75,5.0,Spicy,High,global
Gin 4027,spirits/cocktails,Bacardi,57.5,6.0,Citrusy / Sour,Medium,global
Gin 4028,spirits/cocktails,Patron,58.25,7.0,Herbal / Floral,High,global
Scotch 4029,spirits/cocktails,Absolut,59.0,8.0,Smoky,High,global
Cognac 4030,wine,Smirnoff,59.75,9.0,Rich / Fruity,Medium,global
Vodka 4031,spirits/cocktails,Moet & Chandon,60.5,10.0,Dry / Crisp,High,global
Aged Bourbon 4032,spirits/cocktails,La Marca,61.25,11.0,Nutty / Woody,High,global
Bourbon 4033,spirits/cocktails,Barefoot,62.0,12.0,Sweet,Medium,global
Rye Whiskey 4034,spirits/cocktails,Robert Mondavi,62.75,13.0,Spicy,High,global
Gin 4035,spirits/cocktails,Kim Crawford,63.5,14.0,Citrusy / Sour,High,global
Gin 4036,spirits/cocktails,Crown Royal,64.25,15.0,Herbal / Floral,Medium,global
Scotch 4037,spirits/cocktails,Buffalo Trace,65.0,16.0,Smoky,High,global
Cognac 4038,wine,Bulleit,65.75,17.0,Rich / Fruity,High,global
Vodka 4039,spirits/cocktails,Captain Morgan,66.5,18.0,Dry / Crisp,Medium,global
Aged Bourbon 4040,spirits/cocktails,Don Julio,67.25,19.0,Nutty / Woody,High,global
Bourbon 4041,spirits/cocktails,Jameson,68.0,20.0,Sweet,High,global
Rye Whiskey 4042,spirits/cocktails,Jack Daniel's,68.75,21.0,Spicy,Medium,global
Gin 4043,spirits/cocktails,Johnnie Walker,69.5,22.0,Citrusy / Sour,High,global
Gin 4044,spirits/cocktails,Glenfiddich,70.25,23.0,Herbal / Floral,High,global
Scotch 4045,spirits/cocktails,Gordon's,71.0,24.0,Smoky,Medium,global
Cognac 4046,wine,Tanqueray,71.75,25.0,Rich / Fruity,High,global
Vodka 4047,spirits/cocktails,Bacardi,72.5,26.0,Dry / Crisp,High,global
Aged Bourbon 4048,spirits/cocktails,Patron,73.25,27.0,Nutty / Woody,Medium,global
Bourbon 4049,spirits/cocktails,Absolut,74.0,28.0,Sweet,High,global
Rye Whiskey 4050,spirits/cocktails,Smirnoff,74.75,29.0,Spicy,High,global
Gin 4051,spirits/cocktails,Moet & Chandon,75.5,30.0,Citrusy / Sour,Medium,global
Gin 4052,spirits/cocktails,La Marca,76.25,31.0,Herbal / Floral,High,global
Scotch 4053,spirits/cocktails,Barefoot,77.0,32.0,Smoky,High,global
Cognac 4054,wine,Robert Mondavi,77.75,33.0,Rich / Fruity,Medium,global
Vodka 4055,spirits/cocktails,Kim Crawford,78.5,34.0,Dry / Crisp,High,global
Aged Bourbon 4056,spirits/cocktails,Crown Royal,79.25,35.0,Nutty / Woody,High,global
Bourbon 4057,spirits/cocktails,Buffalo Trace,80.0,36.0,Sweet,Medium,global
Rye Whiskey 4058,spirits/cocktails,Bulleit,80.75,37.0,Spicy,High,global
Gin 4059,spirits/cocktails,Captain Morgan,81.5,38.0,Citrusy / Sour,High,global
Gin 4060,spirits/cocktails,Don Julio,82.25,39.0,Herbal / Floral,Medium,global
Scotch 4061,spirits/cocktails,Jameson,83.0,5.0,Smoky,High,global
Cognac 4062,wine,Jack Daniel's,83.75,6.0,Rich / Fruity,High,global
Vodka 4063,spirits/cocktails,Johnnie Walker,84.5,7.0,Dry / Crisp,Medium,global
Aged Bourbon 4064,spirits/cocktails,Glenfiddich,85.25,8.0,Nutty / Woody,High,global
Bourbon 4065,spirits/cocktails,Gordon's,86.0,9.0,Sweet,High,global
Rye Whiskey 4066,spirits/cocktails,Tanqueray,86.75,10.0,Spicy,Medium,global
Gin 4067,spirits/cocktails,Bacardi,87.5,11.0,Citrusy / Sour,High,global
Gin 4068,spirits/cocktails,Patron,88.25,12.0,Herbal / Floral,High,global
Scotch 4069,spirits/cocktails,Absolut,89.0,13.0,Smoky,Medium,global
Cognac 4070,wine,Smirnoff,89.75,14.0,Rich / Fruity,High,global
Vodka 4071,spirits/cocktails,Moet & Chandon,90.5,15.0,Dry / Crisp,High,global
Aged Bourbon 4072,spirits/cocktails,La Marca,91.25,16.0,Nutty / Woody,Medium,global
Bourbon 4073,spirits/cocktails,Barefoot,92.0,17.0,Sweet,High,global
Rye Whiskey 4074,spirits/cocktails,Robert Mondavi,92.75,18.0,Spicy,High,global
Gin 4075,spirits/cocktails,Kim Crawford,93.5,19.0,Citrusy / Sour,Medium,global
Gin 4076,spirits/cocktails,Crown Royal,94.25,20.0,Herbal / Floral,High,global
Scotch 4077,spirits/cocktails,Buffalo Trace,95.0,21.0,Smoky,High,global
Cognac 4078,wine,Bulleit,95.75,22.0,Rich / Fruity,Medium,global
Vodka 4079,spirits/cocktails,Captain Morgan,96.5,23.0,Dry / Crisp,High,global
Aged Bourbon 4080,spirits/cocktails,Don Julio,97.25,24.0,Nutty / Woody,High,global
Bourbon 4081,spirits/cocktails,Jameson,8.0,25.0,Sweet,Medium,global
Rye Whiskey 4082,spirits/cocktails,Jack Daniel's,8.75,26.0,Spicy,High,global
Gin 4083,spirits/cocktails,Johnnie Walker,9.5,27.0,Citrusy / Sour,High,global
Gin 4084,spirits/cocktails,Glenfiddich,10.25,28.0,Herbal / Floral,Medium,global
Scotch 4085,spirits/cocktails,Gordon's,11.0,29.0,Smoky,High,global
Cognac 4086,wine,Tanqueray,11.75,30.0,Rich / Fruity,High,global
Vodka 4087,spirits/cocktails,Bacardi,12.5,31.0,Dry / Crisp,Medium,global
Aged Bourbon 4088,spirits/cocktails,Patron,13.25,32.0,Nutty / Woody,High,global
Bourbon 4089,spirits/cocktails,Absolut,14.0,33.0,Sweet,High,global
Rye Whiskey 4090,spirits/cocktails,Smirnoff,14.75,34.0,Spicy,Medium,global
Gin 4091,spirits/cocktails,Moet & Chandon,15.5,35.0,Citrusy / Sour,High,global
Gin 4092,spirits/cocktails,La Marca,16.25,36.0,Herbal / Floral,High,global
Scotch 4093,spirits/cocktails,Barefoot,17.0,37.0,Smoky,Medium,global
Cognac 4094,wine,Robert Mondavi,17.75,38.0,Rich / Fruity,High,global
Vodka 4095,spirits/cocktails,Kim Crawford,18.5,39.0,Dry / Crisp,High,global
Aged Bourbon 4096,spirits/cocktails,Crown Royal,19.25,5.0,Nutty / Woody,Medium,global
Bourbon 4097,spirits/cocktails,Buffalo Trace,20.0,6.0,Sweet,High,global
Rye Whiskey 4098,spirits/cocktails,Bulleit,20.75,7.0,Spicy,High,global
Gin 4099,spirits/cocktails,Captain Morgan,21.5,8.0,Citrusy / Sour,Medium,global
Gin 4100,spirits/cocktails,Don Julio,22.25,9.0,Herbal / Floral,High,global
Scotch 4101,spirits/cocktails,Jameson,23.0,10.0,Smoky,High,global
Cognac 4102,wine,Jack Daniel's,23.75,11.0,Rich / Fruity,Medium,global
Vodka 4103,spirits/cocktails,Johnnie Walker,24.5,12.0,Dry / Crisp,High,global
Aged Bourbon 4104,spirits/cocktails,Glenfiddich,25.25,13.0,Nutty / Woody,High,global
Bourbon 4105,spirits/cocktails,Gordon's,26.0,14.0,Sweet,Medium,global
Rye Whiskey 4106,spirits/cocktails,Tanqueray,26.75,15.0,Spicy,High,global
Gin 4107,spirits/cocktails,Bacardi,27.5,16.0,Citrusy / Sour,High,global
Gin 4108,spirits/cocktails,Patron,28.25,17.0,Herbal / Floral,Medium,global
Scotch 4109,spirits/cocktails,Absolut,29.0,18.0,Smoky,High,global
Cognac 4110,wine,Smirnoff,29.75,19.0,Rich / Fruity,High,global
Vodka 4111,spirits/cocktails,Moet & Chandon,30.5,20.0,Dry / Crisp,Medium,global
Aged Bourbon 4112,spirits/cocktails,La Marca,31.25,21.0,Nutty / Woody,High,global
Bourbon 4113,spirits/cocktails,Barefoot,32.0,22.0,Sweet,High,global
Rye Whiskey 4114,spirits/cocktails,Robert Mondavi,32.75,23.0,Spicy,Medium,global
Gin 4115,spirits/cocktails,Kim Crawford,33.5,24.0,Citrusy / Sour,High,global
Gin 4116,spirits/cocktails,Crown Royal,34.25,25.0,Herbal / Floral,High,global
Scotch 4117,spirits/cocktails,Buffalo Trace,35.0,26.0,Smoky,Medium,global
Cognac 4118,wine,Bulleit,35.75,27.0,Rich / Fruity,High,global
Vodka 4119,spirits/cocktails,Captain Morgan,36.5,28.0,Dry / Crisp,High,global
Aged Bourbon 4120,spirits/cocktails,Don Julio,37.25,29.0,Nutty / Woody,Medium,global
Bourbon 4121,spirits/cocktails,Jameson,38.0,30.0,Sweet,High,global
Rye Whiskey 4122,spirits/cocktails,Jack Daniel's,38.75,31.0,Spicy,High,global
Gin 4123,spirits/cocktails,Johnnie Walker,39.5,32.0,Citrusy / Sour,Medium,global
Gin 4124,spirits/cocktails,Glenfiddich,40.25,33.0,Herbal / Floral,High,global
Scotch 4125,spirits/cocktails,Gordon's,41.0,34.0,Smoky,High,global
Cognac 4126,wine,Tanqueray,41.75,35.0,Rich / Fruity,Medium,global
Vodka 4127,spirits/cocktails,Bacardi,42.5,36.0,Dry / Crisp,High,global
Aged Bourbon 4128,spirits/cocktails,Patron,43.25,37.0,Nutty / Woody,High,global
Bourbon 4129,spirits/cocktails,Absolut,44.0,38.0,Sweet,Medium,global
Rye Whiskey 4130,spirits/cocktails,Smirnoff,44.75,39.0,Spicy,High,global
Gin 4131,spirits/cocktails,Moet & Chandon,45.5,5.0,Citrusy / Sour,High,global
Gin 4132,spirits/cocktails,La Marca,46.25,6.0,Herbal / Floral,Medium,global
Scotch 4133,spirits/cocktails,Barefoot,47.0,7.0,Smoky,High,global
Cognac 4134,wine,Robert Mondavi,47.75,8.0,Rich / Fruity,High,global
Vodka 4135,spirits/cocktails,Kim Crawford,48.5,9.0,Dry / Crisp,Medium,global
Aged Bourbon 4136,spirits/cocktails,Crown Royal,49.25,10.0,Nutty / Woody,High,global
Bourbon 4137,spirits/cocktails,Buffalo Trace,50.0,11.0,Sweet,High,global
Rye Whiskey 4138,spirits/cocktails,Bulleit,50.75,12.0,Spicy,Medium,global
Gin 4139,spirits/cocktails,Captain Morgan,51.5,13.0,Citrusy / Sour,High,global
Gin 4140,spirits/cocktails,Don Julio,52.25,14.0,Herbal / Floral,High,global
Scotch 4141,spirits/cocktails,Jameson,53.0,15.0,Smoky,Medium,global
Cognac 4142,wine,Jack Daniel's,53.75,16.0,Rich / Fruity,High,global
Vodka 4143,spirits/cocktails,Johnnie Walker,54.5,17.0,Dry / Crisp,High,global
Aged Bourbon 4144,spirits/cocktails,Glenfiddich,55.25,18.0,Nutty / Woody,Medium,global
Bourbon 4145,spirits/cocktails,Gordon's,56.0,19.0,Sweet,High,global
Rye Whiskey 4146,spirits/cocktails,Tanqueray,56.75,20.0,Spicy,High,global
Gin 4147,spirits/cocktails,Bacardi,57.5,21.0,Citrusy / Sour,Medium,global
Gin 4148,spirits/cocktails,Patron,58.25,22.0,Herbal / Floral,High,global
Scotch 4149,spirits/cocktails,Absolut,59.0,23.0,Smoky,High,global
Cognac 4150,wine,Smirnoff,59.75,24.0,Rich / Fruity,Medium,global
Vodka 4151,spirits/cocktails,Moet & Chandon,60.5,25.0,Dry / Crisp,High,global
Aged Bourbon 4152,spirits/cocktails,La Marca,61.25,26.0,Nutty / Woody,High,global
Bourbon 4153,spirits/cocktails,Barefoot,62.0,27.0,Sweet,Medium,global
Rye Whiskey 4154,spirits/cocktails,Robert Mondavi,62.75,28.0,Spicy,High,global
Gin 4155,spirits/cocktails,Kim Crawford,63.5,29.0,Citrusy / Sour,High,global
Gin 4156,spirits/cocktails,Crown Royal,64.25,30.0,Herbal / Floral,Medium,global
Scotch 4157,spirits/cocktails,Buffalo Trace,65.0,31.0,Smoky,High,global
Cognac 4158,wine,Bulleit,65.75,32.0,Rich / Fruity,High,global
Vodka 4159,spirits/cocktails,Captain Morgan,66.5,33.0,Dry / Crisp,Medium,global
Aged Bourbon 4160,spirits/cocktails,Don Julio,67.25,34.0,Nutty / Woody,High,global
Bourbon 4161,spirits/cocktails,Jameson,68.0,35.0,Sweet,High,global
Rye Whiskey 4162,spirits/cocktails,Jack Daniel's,68.75,36.0,Spicy,Medium,global
Gin 4163,spirits/cocktails,Johnnie Walker,69.5,37.0,Citrusy / Sour,High,global
Gin 4164,spirits/cocktails,Glenfiddich,70.25,38.0,Herbal / Floral,High,global
Scotch 4165,spirits/cocktails,Gordon's,71.0,39.0,Smoky,Medium,global
Cognac 4166,wine,Tanqueray,71.75,5.0,Rich / Fruity,High,global
Vodka 4167,spirits/cocktails,Bacardi,72.5,6.0,Dry / Crisp,High,global
Aged Bourbon 4168,spirits/cocktails,Patron,73.25,7.0,Nutty / Woody,Medium,global
Bourbon 4169,spirits/cocktails,Absolut,74.0,8.0,Sweet,High,global
Rye Whiskey 4170,spirits/cocktails,Smirnoff,74.75,9.0,Spicy,High,global
Gin 4171,spirits/cocktails,Moet & Chandon,75.5,10.0,Citrusy / Sour,Medium,global
Gin 4172,spirits/cocktails,La Marca,76.25,11.0,Herbal / Floral,High,global
Scotch 4173,spirits/cocktails,Barefoot,77.0,12.0,Smoky,High,global
Cognac 4174,wine,Robert Mondavi,77.75,13.0,Rich / Fruity,Medium,global
Vodka 4175,spirits/cocktails,Kim Crawford,78.5,14.0,Dry / Crisp,High,global
Aged Bourbon 4176,spirits/cocktails,Crown Royal,79.25,15.0,Nutty / Woody,High,global
Bourbon 4177,spirits/cocktails,Buffalo Trace,80.0,16.0,Sweet,Medium,global
Rye Whiskey 4178,spirits/cocktails,Bulleit,80.75,17.0,Spicy,High,global
Gin 4179,spirits/cocktails,Captain Morgan,81.5,18.0,Citrusy / Sour,High,global
Gin 4180,spirits/cocktails,Don Julio,82.25,19.0,Herbal / Floral,Medium,global
Scotch 4181,spirits/cocktails,Jameson,83.0,20.0,Smoky,High,global
Cognac 4182,wine,Jack Daniel's,83.75,21.0,Rich / Fruity,High,global
Vodka 4183,spirits/cocktails,Johnnie Walker,84.5,22.0,Dry / Crisp,Medium,global
Aged Bourbon 4184,spirits/cocktails,Glenfiddich,85.25,23.0,Nutty / Woody,High,global
Bourbon 4185,spirits/cocktails,Gordon's,86.0,24.0,Sweet,High,global
Rye Whiskey 4186,spirits/cocktails,Tanqueray,86.75,25.0,Spicy,Medium,global
Gin 4187,spirits/cocktails,Bacardi,87.5,26.0,Citrusy / Sour,High,global
Gin 4188,spirits/cocktails,Patron,88.25,27.0,Herbal / Floral,High,global
Scotch 4189,spirits/cocktails,Absolut,89.0,28.0,Smoky,Medium,global
Cognac 4190,wine,Smirnoff,89.75,29.0,Rich / Fruity,High,global
Vodka 4191,spirits/cocktails,Moet & Chandon,90.5,30.0,Dry / Crisp,High,global
Aged Bourbon 4192,spirits/cocktails,La Marca,91.25,31.0,Nutty / Woody,Medium,global
Bourbon 4193,spirits/cocktails,Barefoot,92.0,32.0,Sweet,High,global
Rye Whiskey 4194,spirits/cocktails,Robert Mondavi,92.75,33.0,Spicy,High,global
Gin 4195,spirits/cocktails,Kim Crawford,93.5,34.0,Citrusy / Sour,Medium,global
Gin 4196,spirits/cocktails,Crown Royal,94.25,35.0,Herbal / Floral,High,global
Scotch 4197,spirits/cocktails,Buffalo Trace,95.0,36.0,Smoky,High,global
Cognac 4198,wine,Bulleit,95.75,37.0,Rich / Fruity,Medium,global
Vodka 4199,spirits/cocktails,Captain Morgan,96.5,38.0,Dry / Crisp,High,global
Aged Bourbon 4200,spirits/cocktails,Don Julio,97.25,39.0,Nutty / Woody,High,global
Bourbon 4201,spirits/cocktails,Jameson,8.0,5.0,Sweet,Medium,global
Rye Whiskey 4202,spirits/cocktails,Jack Daniel's,8.75,6.0,Spicy,High,global
Gin 4203,spirits/cocktails,Johnnie Walker,9.5,7.0,Citrusy / Sour,High,global
Gin 4204,spirits/cocktails,Glenfiddich,10.25,8.0,Herbal / Floral,Medium,global
Scotch 4205,spirits/cocktails,Gordon's,11.0,9.0,Smoky,High,global
Cognac 4206,wine,Tanqueray,11.75,10.0,Rich / Fruity,High,global
Vodka 4207,spirits/cocktails,Bacardi,12.5,11.0,Dry / Crisp,Medium,global
Aged Bourbon 4208,spirits/cocktails,Patron,13.25,12.0,Nutty / Woody,High,global
Bourbon 4209,spirits/cocktails,Absolut,14.0,13.0,Sweet,High,global
Rye Whiskey 4210,spirits/cocktails,Smirnoff,14.75,14.0,Spicy,Medium,global
Gin 4211,spirits/cocktails,Moet & Chandon,15.5,15.0,Citrusy / Sour,High,global
Gin 4212,spirits/cocktails,La Marca,16.25,16.0,Herbal / Floral,High,global
Scotch 4213,spirits/cocktails,Barefoot,17.0,17.0,Smoky,Medium,global
Cognac 4214,wine,Robert Mondavi,17.75,18.0,Rich / Fruity,High,global
Vodka 4215,spirits/cocktails,Kim Crawford,18.5,19.0,Dry / Crisp,High,global
Aged Bourbon 4216,spirits/cocktails,Crown Royal,19.25,20.0,Nutty / Woody,Medium,global
Bourbon 4217,spirits/cocktails,Buffalo Trace,20.0,21.0,Sweet,High,global
Rye Whiskey 4218,spirits/cocktails,Bulleit,20.75,22.0,Spicy,High,global
Gin 4219,spirits/cocktails,Captain Morgan,21.5,23.0,Citrusy / Sour,Medium,global
Gin 4220,spirits/cocktails,Don Julio,22.25,24.0,Herbal / Floral,High,global
Scotch 4221,spirits/cocktails,Jameson,23.0,25.0,Smoky,High,global
Cognac 4222,wine,Jack Daniel's,23.75,26.0,Rich / Fruity,Medium,global
Vodka 4223,spirits/cocktails,Johnnie Walker,24.5,27.0,Dry / Crisp,High,global
Aged Bourbon 4224,spirits/cocktails,Glenfiddich,25.25,28.0,Nutty / Woody,High,global
Bourbon 4225,spirits/cocktails,Gordon's,26.0,29.0,Sweet,Medium,global
Rye Whiskey 4226,spirits/cocktails,Tanqueray,26.75,30.0,Spicy,High,global
Gin 4227,spirits/cocktails,Bacardi,27.5,31.0,Citrusy / Sour,High,global
Gin 4228,spirits/cocktails,Patron,28.25,32.0,Herbal / Floral,Medium,global
Scotch 4229,spirits/cocktails,Absolut,29.0,33.0,Smoky,High,global
Cognac 4230,wine,Smirnoff,29.75,34.0,Rich / Fruity,High,global
Vodka 4231,spirits/cocktails,Moet & Chandon,30.5,35.0,Dry / Crisp,Medium,global
Aged Bourbon 4232,spirits/cocktails,La Marca,31.25,36.0,Nutty / Woody,High,global
Bourbon 4233,spirits/cocktails,Barefoot,32.0,37.0,Sweet,High,global
Rye Whiskey 4234,spirits/cocktails,Robert Mondavi,32.75,38.0,Spicy,Medium,global
Gin 4235,spirits/cocktails,Kim Crawford,33.5,39.0,Citrusy / Sour,High,global
Gin 4236,spirits/cocktails,Crown Royal,34.25,5.0,Herbal / Floral,High,global
Scotch 4237,spirits/cocktails,Buffalo Trace,35.0,6.0,Smoky,Medium,global
Cognac 4238,wine,Bulleit,35.75,7.0,Rich / Fruity,High,global
Vodka 4239,spirits/cocktails,Captain Morgan,36.5,8.0,Dry / Crisp,High,global
Aged Bourbon 4240,spirits/cocktails,Don Julio,37.25,9.0,Nutty / Woody,Medium,global
Bourbon 4241,spirits/cocktails,Jameson,38.0,10.0,Sweet,High,global
Rye Whiskey 4242,spirits/cocktails,Jack Daniel's,38.75,11.0,Spicy,High,global
Gin 4243,spirits/cocktails,Johnnie Walker,39.5,12.0,Citrusy / Sour,Medium,global
Gin 4244,spirits/cocktails,Glenfiddich,40.25,13.0,Herbal / Floral,High,global
Scotch 4245,spirits/cocktails,Gordon's,41.0,14.0,Smoky,High,global
Cognac 4246,wine,Tanqueray,41.75,15.0,Rich / Fruity,Medium,global
Vodka 4247,spirits/cocktails,Bacardi,42.5,16.0,Dry / Crisp,High,global
Aged Bourbon 4248,spirits/cocktails,Patron,43.25,17.0,Nutty / Woody,High,global
Bourbon 4249,spirits/cocktails,Absolut,44.0,18.0,Sweet,Medium,global
Rye Whiskey 4250,spirits/cocktails,Smirnoff,44.75,19.0,Spicy,High,global
Gin 4251,spirits/cocktails,Moet & Chandon,45.5,20.0,Citrusy / Sour,High,global
Gin 4252,spirits/cocktails,La Marca,46.25,21.0,Herbal / Floral,Medium,global
Scotch 4253,spirits/cocktails,Barefoot,47.0,22.0,Smoky,High,global
Cognac 4254,wine,Robert Mondavi,47.75,23.0,Rich / Fruity,High,global
Vodka 4255,spirits/cocktails,Kim Crawford,48.5,24.0,Dry / Crisp,Medium,global
Aged Bourbon 4256,spirits/cocktails,Crown Royal,49.25,25.0,Nutty / Woody,High,global
Bourbon 4257,spirits/cocktails,Buffalo Trace,50.0,26.0,Sweet,High,global
Rye Whiskey 4258,spirits/cocktails,Bulleit,50.75,27.0,Spicy,Medium,global
Gin 4259,spirits/cocktails,Captain Morgan,51.5,28.0,Citrusy / Sour,High,global
Gin 4260,spirits/cocktails,Don Julio,52.25,29.0,Herbal / Floral,High,global
Scotch 4261,spirits/cocktails,Jameson,53.0,30.0,Smoky,Medium,global
Cognac 4262,wine,Jack Daniel's,53.75,31.0,Rich / Fruity,High,global
Vodka 4263,spirits/cocktails,Johnnie Walker,54.5,32.0,Dry / Crisp,High,global
Aged Bourbon 4264,spirits/cocktails,Glenfiddich,55.25,33.0,Nutty / Woody,Medium,global
Bourbon 4265,spirits/cocktails,Gordon's,56.0,34.0,Sweet,High,global
Rye Whiskey 4266,spirits/cocktails,Tanqueray,56.75,35.0,Spicy,High,global
Gin 4267,spirits/cocktails,Bacardi,57.5,36.0,Citrusy / Sour,Medium,global
Gin 4268,spirits/cocktails,Patron,58.25,37.0,Herbal / Floral,High,global
Scotch 4269,spirits/cocktails,Absolut,59.0,38.0,Smoky,High,global
Cognac 4270,wine,Smirnoff,59.75,39.0,Rich / Fruity,Medium,global
Vodka 4271,spirits/cocktails,Moet & Chandon,60.5,5.0,Dry / Crisp,High,global
Aged Bourbon 4272,spirits/cocktails,La Marca,61.25,6.0,Nutty / Woody,High,global
Bourbon 4273,spirits/cocktails,Barefoot,62.0,7.0,Sweet,Medium,global
Rye Whiskey 4274,spirits/cocktails,Robert Mondavi,62.75,8.0,Spicy,High,global
Gin 4275,spirits/cocktails,Kim Crawford,63.5,9.0,Citrusy / Sour,High,global
Gin 4276,spirits/cocktails,Crown Royal,64.25,10.0,Herbal / Floral,Medium,global
Scotch 4277,spirits/cocktails,Buffalo Trace,65.0,11.0,Smoky,High,global
Cognac 4278,wine,Bulleit,65.75,12.0,Rich / Fruity,High,global
Vodka 4279,spirits/cocktails,Captain Morgan,66.5,13.0,Dry / Crisp,Medium,global
Aged Bourbon 4280,spirits/cocktails,Don Julio,67.25,14.0,Nutty / Woody,High,global
Bourbon 4281,spirits/cocktails,Jameson,68.0,15.0,Sweet,High,global
Rye Whiskey 4282,spirits/cocktails,Jack Daniel's,68.75,16.0,Spicy,Medium,global
Gin 4283,spirits/cocktails,Johnnie Walker,69.5,17.0,Citrusy / Sour,High,global
Gin 4284,spirits/cocktails,Glenfiddich,70.25,18.0,Herbal / Floral,High,global
Scotch 4285,spirits/cocktails,Gordon's,71.0,19.0,Smoky,Medium,global
Cognac 4286,wine,Tanqueray,71.75,20.0,Rich / Fruity,High,global
Vodka 4287,spirits/cocktails,Bacardi,72.5,21.0,Dry / Crisp,High,global
Aged Bourbon 4288,spirits/cocktails,Patron,73.25,22.0,Nutty / Woody,Medium,global
Bourbon 4289,spirits/cocktails,Absolut,74.0,23.0,Sweet,High,global
Rye Whiskey 4290,spirits/cocktails,Smirnoff,74.75,24.0,Spicy,High,global
Gin 4291,spirits/cocktails,Moet & Chandon,75.5,25.0,Citrusy / Sour,Medium,global
Gin 4292,spirits/cocktails,La Marca,76.25,26.0,Herbal / Floral,High,global
Scotch 4293,spirits/cocktails,Barefoot,77.0,27.0,Smoky,High,global
Cognac 4294,wine,Robert Mondavi,77.75,28.0,Rich / Fruity,Medium,global
Vodka 4295,spirits/cocktails,Kim Crawford,78.5,29.0,Dry / Crisp,High,global
Aged Bourbon 4296,spirits/cocktails,Crown Royal,79.25,30.0,Nutty / Woody,High,global
Bourbon 4297,spirits/cocktails,Buffalo Trace,80.0,31.0,Sweet,Medium,global
Rye Whiskey 4298,spirits/cocktails,Bulleit,80.75,32.0,Spicy,High,global
Gin 4299,spirits/cocktails,Captain Morgan,81.5,33.0,Citrusy / Sour,High,global
Gin 4300,spirits/cocktails,Don Julio,82.25,34.0,Herbal / Floral,Medium,global
Scotch 4301,spirits/cocktails,Jameson,83.0,35.0,Smoky,High,global
Cognac 4302,wine,Jack Daniel's,83.75,36.0,Rich / Fruity,High,global
Vodka 4303,spirits/cocktails,Johnnie Walker,84.5,37.0,Dry / Crisp,Medium,global
Aged Bourbon 4304,spirits/cocktails,Glenfiddich,85.25,38.0,Nutty / Woody,High,global
Bourbon 4305,spirits/cocktails,Gordon's,86.0,39.0,Sweet,High,global
Rye Whiskey 4306,spirits/cocktails,Tanqueray,86.75,5.0,Spicy,Medium,global
Gin 4307,spirits/cocktails,Bacardi,87.5,6.0,Citrusy / Sour,High,global
Gin 4308,spirits/cocktails,Patron,88.25,7.0,Herbal / Floral,High,global
Scotch 4309,spirits/cocktails,Absolut,89.0,8.0,Smoky,Medium,global
Cognac 4310,wine,Smirnoff,89.75,9.0,Rich / Fruity,High,global
Vodka 4311,spirits/cocktails,Moet & Chandon,90.5,10.0,Dry / Crisp,High,global
Aged Bourbon 4312,spirits/cocktails,La Marca,91.25,11.0,Nutty / Woody,Medium,global
Bourbon 4313,spirits/cocktails,Barefoot,92.0,12.0,Sweet,High,global
Rye Whiskey 4314,spirits/cocktails,Robert Mondavi,92.75,13.0,Spicy,High,global
Gin 4315,spirits/cocktails,Kim Crawford,93.5,14.0,Citrusy / Sour,Medium,global
Gin 4316,spirits/cocktails,Crown Royal,94.25,15.0,Herbal / Floral,High,global
Scotch 4317,spirits/cocktails,Buffalo Trace,95.0,16.0,Smoky,High,global
Cognac 4318,wine,Bulleit,95.75,17.0,Rich / Fruity,Medium,global
Vodka 4319,spirits/cocktails,Captain Morgan,96.5,18.0,Dry / Crisp,High,global
Aged Bourbon 4320,spirits/cocktails,Don Julio,97.25,19.0,Nutty / Woody,High,global
Bourbon 4321,spirits/cocktails,Jameson,8.0,20.0,Sweet,Medium,global
Rye Whiskey 4322,spirits/cocktails,Jack Daniel's,8.75,21.0,Spicy,High,global
Gin 4323,spirits/cocktails,Johnnie Walker,9.5,22.0,Citrusy / Sour,High,global
Gin 4324,spirits/cocktails,Glenfiddich,10.25,23.0,Herbal / Floral,Medium,global
Scotch 4325,spirits/cocktails,Gordon's,11.0,24.0,Smoky,High,global
Cognac 4326,wine,Tanqueray,11.75,25.0,Rich / Fruity,High,global
Vodka 4327,spirits/cocktails,Bacardi,12.5,26.0,Dry / Crisp,Medium,global
Aged Bourbon 4328,spirits/cocktails,Patron,13.25,27.0,Nutty / Woody,High,global
Bourbon 4329,spirits/cocktails,Absolut,14.0,28.0,Sweet,High,global
Rye Whiskey 4330,spirits/cocktails,Smirnoff,14.75,29.0,Spicy,Medium,global
Gin 4331,spirits/cocktails,Moet & Chandon,15.5,30.0,Citrusy / Sour,High,global
Gin 4332,spirits/cocktails,La Marca,16.25,31.0,Herbal / Floral,High,global
Scotch 4333,spirits/cocktails,Barefoot,17.0,32.0,Smoky,Medium,global
Cognac 4334,wine,Robert Mondavi,17.75,33.0,Rich / Fruity,High,global
Vodka 4335,spirits/cocktails,Kim Crawford,18.5,34.0,Dry / Crisp,High,global
Aged Bourbon 4336,spirits/cocktails,Crown Royal,19.25,35.0,Nutty / Woody,Medium,global
Bourbon 4337,spirits/cocktails,Buffalo Trace,20.0,36.0,Sweet,High,global
Rye Whiskey 4338,spirits/cocktails,Bulleit,20.75,37.0,Spicy,High,global
Gin 4339,spirits/cocktails,Captain Morgan,21.5,38.0,Citrusy / Sour,Medium,global
Gin 4340,spirits/cocktails,Don Julio,22.25,39.0,Herbal / Floral,High,global
Scotch 4341,spirits/cocktails,Jameson,23.0,5.0,Smoky,High,global
Cognac 4342,wine,Jack Daniel's,23.75,6.0,Rich / Fruity,Medium,global
Vodka 4343,spirits/cocktails,Johnnie Walker,24.5,7.0,Dry / Crisp,High,global
Aged Bourbon 4344,spirits/cocktails,Glenfiddich,25.25,8.0,Nutty / Woody,High,global
Bourbon 4345,spirits/cocktails,Gordon's,26.0,9.0,Sweet,Medium,global
Rye Whiskey 4346,spirits/cocktails,Tanqueray,26.75,10.0,Spicy,High,global
Gin 4347,spirits/cocktails,Bacardi,27.5,11.0,Citrusy / Sour,High,global
Gin 4348,spirits/cocktails,Patron,28.25,12.0,Herbal / Floral,Medium,global
Scotch 4349,spirits/cocktails,Absolut,29.0,13.0,Smoky,High,global
Cognac 4350,wine,Smirnoff,29.75,14.0,Rich / Fruity,High,global
Vodka 4351,spirits/cocktails,Moet & Chandon,30.5,15.0,Dry / Crisp,Medium,global
Aged Bourbon 4352,spirits/cocktails,La Marca,31.25,16.0,Nutty / Woody,High,global
Bourbon 4353,spirits/cocktails,Barefoot,32.0,17.0,Sweet,High,global
Rye Whiskey 4354,spirits/cocktails,Robert Mondavi,32.75,18.0,Spicy,Medium,global
Gin 4355,spirits/cocktails,Kim Crawford,33.5,19.0,Citrusy / Sour,High,global
Gin 4356,spirits/cocktails,Crown Royal,34.25,20.0,Herbal / Floral,High,global
Scotch 4357,spirits/cocktails,Buffalo Trace,35.0,21.0,Smoky,Medium,global
Cognac 4358,wine,Bulleit,35.75,22.0,Rich / Fruity,High,global
Vodka 4359,spirits/cocktails,Captain Morgan,36.5,23.0,Dry / Crisp,High,global
Aged Bourbon 4360,spirits/cocktails,Don Julio,37.25,24.0,Nutty / Woody,Medium,global
Bourbon 4361,spirits/cocktails,Jameson,38.0,25.0,Sweet,High,global
Rye Whiskey 4362,spirits/cocktails,Jack Daniel's,38.75,26.0,Spicy,High,global
Gin 4363,spirits/cocktails,Johnnie Walker,39.5,27.0,Citrusy / Sour,Medium,global
Gin 4364,spirits/cocktails,Glenfiddich,40.25,28.0,Herbal / Floral,High,global
Scotch 4365,spirits/cocktails,Gordon's,41.0,29.0,Smoky,High,global
Cognac 4366,wine,Tanqueray,41.75,30.0,Rich / Fruity,Medium,global
Vodka 4367,spirits/cocktails,Bacardi,42.5,31.0,Dry / Crisp,High,global
Aged Bourbon 4368,spirits/cocktails,Patron,43.25,32.0,Nutty / Woody,High,global
Bourbon 4369,spirits/cocktails,Absolut,44.0,33.0,Sweet,Medium,global
Rye Whiskey 4370,spirits/cocktails,Smirnoff,44.75,34.0,Spicy,High,global
Gin 4371,spirits/cocktails,Moet & Chandon,45.5,35.0,Citrusy / Sour,High,global
Gin 4372,spirits/cocktails,La Marca,46.25,36.0,Herbal / Floral,Medium,global
Scotch 4373,spirits/cocktails,Barefoot,47.0,37.0,Smoky,High,global
Cognac 4374,wine,Robert Mondavi,47.75,38.0,Rich / Fruity,High,global
Vodka 4375,spirits/cocktails,Kim Crawford,48.5,39.0,Dry / Crisp,Medium,global
Aged Bourbon 4376,spirits/cocktails,Crown Royal,49.25,5.0,Nutty / Woody,High,global
Bourbon 4377,spirits/cocktails,Buffalo Trace,50.0,6.0,Sweet,High,global
Rye Whiskey 4378,spirits/cocktails,Bulleit,50.75,7.0,Spicy,Medium,global
Gin 4379,spirits/cocktails,Captain Morgan,51.5,8.0,Citrusy / Sour,High,global
Gin 4380,spirits/cocktails,Don Julio,52.25,9.0,Herbal / Floral,High,global
Scotch 4381,spirits/cocktails,Jameson,53.0,10.0,Smoky,Medium,global
Cognac 4382,wine,Jack Daniel's,53.75,11.0,Rich / Fruity,High,global
Vodka 4383,spirits/cocktails,Johnnie Walker,54.5,12.0,Dry / Crisp,High,global
Aged Bourbon 4384,spirits/cocktails,Glenfiddich,55.25,13.0,Nutty / Woody,Medium,global
Bourbon 4385,spirits/cocktails,Gordon's,56.0,14.0,Sweet,High,global
Rye Whiskey 4386,spirits/cocktails,Tanqueray,56.75,15.0,Spicy,High,global
Gin 4387,spirits/cocktails,Bacardi,57.5,16.0,Citrusy / Sour,Medium,global
Gin 4388,spirits/cocktails,Patron,58.25,17.0,Herbal / Floral,High,global
Scotch 4389,spirits/cocktails,Absolut,59.0,18.0,Smoky,High,global
Cognac 4390,wine,Smirnoff,59.75,19.0,Rich / Fruity,Medium,global
Vodka 4391,spirits/cocktails,Moet & Chandon,60.5,20.0,Dry / Crisp,High,global
Aged Bourbon 4392,spirits/cocktails,La Marca,61.25,21.0,Nutty / Woody,High,global
Bourbon 4393,spirits/cocktails,Barefoot,62.0,22.0,Sweet,Medium,global
Rye Whiskey 4394,spirits/cocktails,Robert Mondavi,62.75,23.0,Spicy,High,global
Gin 4395,spirits/cocktails,Kim Crawford,63.5,24.0,Citrusy / Sour,High,global
Gin 4396,spirits/cocktails,Crown Royal,64.25,25.0,Herbal / Floral,Medium,global
Scotch 4397,spirits/cocktails,Buffalo Trace,65.0,26.0,Smoky,High,global
Cognac 4398,wine,Bulleit,65.75,27.0,Rich / Fruity,High,global
Vodka 4399,spirits/cocktails,Captain Morgan,66.5,28.0,Dry / Crisp,Medium,global
Aged Bourbon 4400,spirits/cocktails,Don Julio,67.25,29.0,Nutty / Woody,High,global
Bourbon 4401,spirits/cocktails,Jameson,68.0,30.0,Sweet,High,global
Rye Whiskey 4402,spirits/cocktails,Jack Daniel's,68.75,31.0,Spicy,Medium,global
Gin 4403,spirits/cocktails,Johnnie Walker,69.5,32.0,Citrusy / Sour,High,global
Gin 4404,spirits/cocktails,Glenfiddich,70.25,33.0,Herbal / Floral,High,global
Scotch 4405,spirits/cocktails,Gordon's,71.0,34.0,Smoky,Medium,global
Cognac 4406,wine,Tanqueray,71.75,35.0,Rich / Fruity,High,global
Vodka 4407,spirits/cocktails,Bacardi,72.5,36.0,Dry / Crisp,High,global
Aged Bourbon 4408,spirits/cocktails,Patron,73.25,37.0,Nutty / Woody,Medium,global
Bourbon 4409,spirits/cocktails,Absolut,74.0,38.0,Sweet,High,global
Rye Whiskey 4410,spirits/cocktails,Smirnoff,74.75,39.0,Spicy,High,global
Gin 4411,spirits/cocktails,Moet & Chandon,75.5,5.0,Citrusy / Sour,Medium,global
Gin 4412,spirits/cocktails,La Marca,76.25,6.0,Herbal / Floral,High,global
Scotch 4413,spirits/cocktails,Barefoot,77.0,7.0,Smoky,High,global
Cognac 4414,wine,Robert Mondavi,77.75,8.0,Rich / Fruity,Medium,global
Vodka 4415,spirits/cocktails,Kim Crawford,78.5,9.0,Dry / Crisp,High,global
Aged Bourbon 4416,spirits/cocktails,Crown Royal,79.25,10.0,Nutty / Woody,High,global
Bourbon 4417,spirits/cocktails,Buffalo Trace,80.0,11.0,Sweet,Medium,global
Rye Whiskey 4418,spirits/cocktails,Bulleit,80.75,12.0,Spicy,High,global
Gin 4419,spirits/cocktails,Captain Morgan,81.5,13.0,Citrusy / Sour,High,global
Gin 4420,spirits/cocktails,Don Julio,82.25,14.0,Herbal / Floral,Medium,global
Scotch 4421,spirits/cocktails,Jameson,83.0,15.0,Smoky,High,global
Cognac 4422,wine,Jack Daniel's,83.75,16.0,Rich / Fruity,High,global
Vodka 4423,spirits/cocktails,Johnnie Walker,84.5,17.0,Dry / Crisp,Medium,global
Aged Bourbon 4424,spirits/cocktails,Glenfiddich,85.25,18.0,Nutty / Woody,High,global
Bourbon 4425,spirits/cocktails,Gordon's,86.0,19.0,Sweet,High,global
Rye Whiskey 4426,spirits/cocktails,Tanqueray,86.75,20.0,Spicy,Medium,global
Gin 4427,spirits/cocktails,Bacardi,87.5,21.0,Citrusy / Sour,High,global
Gin 4428,spirits/cocktails,Patron,88.25,22.0,Herbal / Floral,High,global
Scotch 4429,spirits/cocktails,Absolut,89.0,23.0,Smoky,Medium,global
Cognac 4430,wine,Smirnoff,89.75,24.0,Rich / Fruity,High,global
Vodka 4431,spirits/cocktails,Moet & Chandon,90.5,25.0,Dry / Crisp,High,global
Aged Bourbon 4432,spirits/cocktails,La Marca,91.25,26.0,Nutty / Woody,Medium,global
Bourbon 4433,spirits/cocktails,Barefoot,92.0,27.0,Sweet,High,global
Rye Whiskey 4434,spirits/cocktails,Robert Mondavi,92.75,28.0,Spicy,High,global
Gin 4435,spirits/cocktails,Kim Crawford,93.5,29.0,Citrusy / Sour,Medium,global
Gin 4436,spirits/cocktails,Crown Royal,94.25,30.0,Herbal / Floral,High,global
Scotch 4437,spirits/cocktails,Buffalo Trace,95.0,31.0,Smoky,High,global
Cognac 4438,wine,Bulleit,95.75,32.0,Rich / Fruity,Medium,global
Vodka 4439,spirits/cocktails,Captain Morgan,96.5,33.0,Dry / Crisp,High,global
Aged Bourbon 4440,spirits/cocktails,Don Julio,97.25,34.0,Nutty / Woody,High,global
Bourbon 4441,spirits/cocktails,Jameson,8.0,35.0,Sweet,Medium,global
Rye Whiskey 4442,spirits/cocktails,Jack Daniel's,8.75,36.0,Spicy,High,global
Gin 4443,spirits/cocktails,Johnnie Walker,9.5,37.0,Citrusy / Sour,High,global
Gin 4444,spirits/cocktails,Glenfiddich,10.25,38.0,Herbal / Floral,Medium,global
Scotch 4445,spirits/cocktails,Gordon's,11.0,39.0,Smoky,High,global
Cognac 4446,wine,Tanqueray,11.75,5.0,Rich / Fruity,High,global
Vodka 4447,spirits/cocktails,Bacardi,12.5,6.0,Dry / Crisp,Medium,global
Aged Bourbon 4448,spirits/cocktails,Patron,13.25,7.0,Nutty / Woody,High,global
Bourbon 4449,spirits/cocktails,Absolut,14.0,8.0,Sweet,High,global
Rye Whiskey 4450,spirits/cocktails,Smirnoff,14.75,9.0,Spicy,Medium,global
Gin 4451,spirits/cocktails,Moet & Chandon,15.5,10.0,Citrusy / Sour,High,global
Gin 4452,spirits/cocktails,La Marca,16.25,11.0,Herbal / Floral,High,global
Scotch 4453,spirits/cocktails,Barefoot,17.0,12.0,Smoky,Medium,global
Cognac 4454,wine,Robert Mondavi,17.75,13.0,Rich / Fruity,High,global
Vodka 4455,spirits/cocktails,Kim Crawford,18.5,14.0,Dry / Crisp,High,global
Aged Bourbon 4456,spirits/cocktails,Crown Royal,19.25,15.0,Nutty / Woody,Medium,global
Bourbon 4457,spirits/cocktails,Buffalo Trace,20.0,16.0,Sweet,High,global
Rye Whiskey 4458,spirits/cocktails,Bulleit,20.75,17.0,Spicy,High,global
Gin 4459,spirits/cocktails,Captain Morgan,21.5,18.0,Citrusy / Sour,Medium,global
Gin 4460,spirits/cocktails,Don Julio,22.25,19.0,Herbal / Floral,High,global
Scotch 4461,spirits/cocktails,Jameson,23.0,20.0,Smoky,High,global
Cognac 4462,wine,Jack Daniel's,23.75,21.0,Rich / Fruity,Medium,global
Vodka 4463,spirits/cocktails,Johnnie Walker,24.5,22.0,Dry / Crisp,High,global
Aged Bourbon 4464,spirits/cocktails,Glenfiddich,25.25,23.0,Nutty / Woody,High,global
Bourbon 4465,spirits/cocktails,Gordon's,26.0,24.0,Sweet,Medium,global
Rye Whiskey 4466,spirits/cocktails,Tanqueray,26.75,25.0,Spicy,High,global
Gin 4467,spirits/cocktails,Bacardi,27.5,26.0,Citrusy / Sour,High,global
Gin 4468,spirits/cocktails,Patron,28.25,27.0,Herbal / Floral,Medium,global
Scotch 4469,spirits/cocktails,Absolut,29.0,28.0,Smoky,High,global
Cognac 4470,wine,Smirnoff,29.75,29.0,Rich / Fruity,High,global
Vodka 4471,spirits/cocktails,Moet & Chandon,30.5,30.0,Dry / Crisp,Medium,global
Aged Bourbon 4472,spirits/cocktails,La Marca,31.25,31.0,Nutty / Woody,High,global
Bourbon 4473,spirits/cocktails,Barefoot,32.0,32.0,Sweet,High,global
Rye Whiskey 4474,spirits/cocktails,Robert Mondavi,32.75,33.0,Spicy,Medium,global
Gin 4475,spirits/cocktails,Kim Crawford,33.5,34.0,Citrusy / Sour,High,global
Gin 4476,spirits/cocktails,Crown Royal,34.25,35.0,Herbal / Floral,High,global
Scotch 4477,spirits/cocktails,Buffalo Trace,35.0,36.0,Smoky,Medium,global
Cognac 4478,wine,Bulleit,35.75,37.0,Rich / Fruity,High,global
Vodka 4479,spirits/cocktails,Captain Morgan,36.5,38.0,Dry / Crisp,High,global
Aged Bourbon 4480,spirits/cocktails,Don Julio,37.25,39.0,Nutty / Woody,Medium,global
Bourbon 4481,spirits/cocktails,Jameson,38.0,5.0,Sweet,High,global
Rye Whiskey 4482,spirits/cocktails,Jack Daniel's,38.75,6.0,Spicy,High,global
Gin 4483,spirits/cocktails,Johnnie Walker,39.5,7.0,Citrusy / Sour,Medium,global
Gin 4484,spirits/cocktails,Glenfiddich,40.25,8.0,Herbal / Floral,High,global
Scotch 4485,spirits/cocktails,Gordon's,41.0,9.0,Smoky,High,global
Cognac 4486,wine,Tanqueray,41.75,10.0,Rich / Fruity,Medium,global
Vodka 4487,spirits/cocktails,Bacardi,42.5,11.0,Dry / Crisp,High,global
Aged Bourbon 4488,spirits/cocktails,Patron,43.25,12.0,Nutty / Woody,High,global
Bourbon 4489,spirits/cocktails,Absolut,44.0,13.0,Sweet,Medium,global
Rye Whiskey 4490,spirits/cocktails,Smirnoff,44.75,14.0,Spicy,High,global
Gin 4491,spirits/cocktails,Moet & Chandon,45.5,15.0,Citrusy / Sour,High,global
Gin 4492,spirits/cocktails,La Marca,46.25,16.0,Herbal / Floral,Medium,global
Scotch 4493,spirits/cocktails,Barefoot,47.0,17.0,Smoky,High,global
Cognac 4494,wine,Robert Mondavi,47.75,18.0,Rich / Fruity,High,global
Vodka 4495,spirits/cocktails,Kim Crawford,48.5,19.0,Dry / Crisp,Medium,global
Aged Bourbon 4496,spirits/cocktails,Crown Royal,49.25,20.0,Nutty / Woody,High,global
Bourbon 4497,spirits/cocktails,Buffalo Trace,50.0,21.0,Sweet,High,global
Rye Whiskey 4498,spirits/cocktails,Bulleit,50.75,22.0,Spicy,Medium,global
Gin 4499,spirits/cocktails,Captain Morgan,51.5,23.0,Citrusy / Sour,High,global
Gin 4500,spirits/cocktails,Don Julio,52.25,24.0,Herbal / Floral,High,global
Scotch 4501,spirits/cocktails,Jameson,53.0,25.0,Smoky,Medium,global
Cognac 4502,wine,Jack Daniel's,53.75,26.0,Rich / Fruity,High,global
Vodka 4503,spirits/cocktails,Johnnie Walker,54.5,27.0,Dry / Crisp,High,global
Aged Bourbon 4504,spirits/cocktails,Glenfiddich,55.25,28.0,Nutty / Woody,Medium,global
Bourbon 4505,spirits/cocktails,Gordon's,56.0,29.0,Sweet,High,global
Rye Whiskey 4506,spirits/cocktails,Tanqueray,56.75,30.0,Spicy,High,global
Gin 4507,spirits/cocktails,Bacardi,57.5,31.0,Citrusy / Sour,Medium,global
Gin 4508,spirits/cocktails,Patron,58.25,32.0,Herbal / Floral,High,global
Scotch 4509,spirits/cocktails,Absolut,59.0,33.0,Smoky,High,global
Cognac 4510,wine,Smirnoff,59.75,34.0,Rich / Fruity,Medium,global
Vodka 4511,spirits/cocktails,Moet & Chandon,60.5,35.0,Dry / Crisp,High,global
Aged Bourbon 4512,spirits/cocktails,La Marca,61.25,36.0,Nutty / Woody,High,global
Bourbon 4513,spirits/cocktails,Barefoot,62.0,37.0,Sweet,Medium,global
Rye Whiskey 4514,spirits/cocktails,Robert Mondavi,62.75,38.0,Spicy,High,global
Gin 4515,spirits/cocktails,Kim Crawford,63.5,39.0,Citrusy / Sour,High,global
Gin 4516,spirits/cocktails,Crown Royal,64.25,5.0,Herbal / Floral,Medium,global
Scotch 4517,spirits/cocktails,Buffalo Trace,65.0,6.0,Smoky,High,global
Cognac 4518,wine,Bulleit,65.75,7.0,Rich / Fruity,High,global
Vodka 4519,spirits/cocktails,Captain Morgan,66.5,8.0,Dry / Crisp,Medium,global
Aged Bourbon 4520,spirits/cocktails,Don Julio,67.25,9.0,Nutty / Woody,High,global
Bourbon 4521,spirits/cocktails,Jameson,68.0,10.0,Sweet,High,global
Rye Whiskey 4522,spirits/cocktails,Jack Daniel's,68.75,11.0,Spicy,Medium,global
Gin 4523,spirits/cocktails,Johnnie Walker,69.5,12.0,Citrusy / Sour,High,global
Gin 4524,spirits/cocktails,Glenfiddich,70.25,13.0,Herbal / Floral,High,global
Scotch 4525,spirits/cocktails,Gordon's,71.0,14.0,Smoky,Medium,global
Cognac 4526,wine,Tanqueray,71.75,15.0,Rich / Fruity,High,global
Vodka 4527,spirits/cocktails,Bacardi,72.5,16.0,Dry / Crisp,High,global
Aged Bourbon 4528,spirits/cocktails,Patron,73.25,17.0,Nutty / Woody,Medium,global
Bourbon 4529,spirits/cocktails,Absolut,74.0,18.0,Sweet,High,global
Rye Whiskey 4530,spirits/cocktails,Smirnoff,74.75,19.0,Spicy,High,global
Gin 4531,spirits/cocktails,Moet & Chandon,75.5,20.0,Citrusy / Sour,Medium,global
Gin 4532,spirits/cocktails,La Marca,76.25,21.0,Herbal / Floral,High,global
Scotch 4533,spirits/cocktails,Barefoot,77.0,22.0,Smoky,High,global
Cognac 4534,wine,Robert Mondavi,77.75,23.0,Rich / Fruity,Medium,global
Vodka 4535,spirits/cocktails,Kim Crawford,78.5,24.0,Dry / Crisp,High,global
Aged Bourbon 4536,spirits/cocktails,Crown Royal,79.25,25.0,Nutty / Woody,High,global
Bourbon 4537,spirits/cocktails,Buffalo Trace,80.0,26.0,Sweet,Medium,global
Rye Whiskey 4538,spirits/cocktails,Bulleit,80.75,27.0,Spicy,High,global
Gin 4539,spirits/cocktails,Captain Morgan,81.5,28.0,Citrusy / Sour,High,global
Gin 4540,spirits/cocktails,Don Julio,82.25,29.0,Herbal / Floral,Medium,global
Scotch 4541,spirits/cocktails,Jameson,83.0,30.0,Smoky,High,global
Cognac 4542,wine,Jack Daniel's,83.75,31.0,Rich / Fruity,High,global
Vodka 4543,spirits/cocktails,Johnnie Walker,84.5,32.0,Dry / Crisp,Medium,global
Aged Bourbon 4544,spirits/cocktails,Glenfiddich,85.25,33.0,Nutty / Woody,High,global
Bourbon 4545,spirits/cocktails,Gordon's,86.0,34.0,Sweet,High,global
Rye Whiskey 4546,spirits/cocktails,Tanqueray,86.75,35.0,Spicy,Medium,global
Gin 4547,spirits/cocktails,Bacardi,87.5,36.0,Citrusy / Sour,High,global
Gin 4548,spirits/cocktails,Patron,88.25,37.0,Herbal / Floral,High,global
Scotch 4549,spirits/cocktails,Absolut,89.0,38.0,Smoky,Medium,global
Cognac 4550,wine,Smirnoff,89.75,39.0,Rich / Fruity,High,global
Vodka 4551,spirits/cocktails,Moet & Chandon,90.5,5.0,Dry / Crisp,High,global
Aged Bourbon 4552,spirits/cocktails,La Marca,91.25,6.0,Nutty / Woody,Medium,global
Bourbon 4553,spirits/cocktails,Barefoot,92.0,7.0,Sweet,High,global
Rye Whiskey 4554,spirits/cocktails,Robert Mondavi,92.75,8.0,Spicy,High,global
Gin 4555,spirits/cocktails,Kim Crawford,93.5,9.0,Citrusy / Sour,Medium,global
Gin 4556,spirits/cocktails,Crown Royal,94.25,10.0,Herbal / Floral,High,global
Scotch 4557,spirits/cocktails,Buffalo Trace,95.0,11.0,Smoky,High,global
Cognac 4558,wine,Bulleit,95.75,12.0,Rich / Fruity,Medium,global
Vodka 4559,spirits/cocktails,Captain Morgan,96.5,13.0,Dry / Crisp,High,global
Aged Bourbon 4560,spirits/cocktails,Don Julio,97.25,14.0,Nutty / Woody,High,global
Bourbon 4561,spirits/cocktails,Jameson,8.0,15.0,Sweet,Medium,global
Rye Whiskey 4562,spirits/cocktails,Jack Daniel's,8.75,16.0,Spicy,High,global
Gin 4563,spirits/cocktails,Johnnie Walker,9.5,17.0,Citrusy / Sour,High,global
Gin 4564,spirits/cocktails,Glenfiddich,10.25,18.0,Herbal / Floral,Medium,global
Scotch 4565,spirits/cocktails,Gordon's,11.0,19.0,Smoky,High,global
Cognac 4566,wine,Tanqueray,11.75,20.0,Rich / Fruity,High,global
Vodka 4567,spirits/cocktails,Bacardi,12.5,21.0,Dry / Crisp,Medium,global
Aged Bourbon 4568,spirits/cocktails,Patron,13.25,22.0,Nutty / Woody,High,global
Bourbon 4569,spirits/cocktails,Absolut,14.0,23.0,Sweet,High,global
Rye Whiskey 4570,spirits/cocktails,Smirnoff,14.75,24.0,Spicy,Medium,global
Gin 4571,spirits/cocktails,Moet & Chandon,15.5,25.0,Citrusy / Sour,High,global
Gin 4572,spirits/cocktails,La Marca,16.25,26.0,Herbal / Floral,High,global
Scotch 4573,spirits/cocktails,Barefoot,17.0,27.0,Smoky,Medium,global
Cognac 4574,wine,Robert Mondavi,17.75,28.0,Rich / Fruity,High,global
Vodka 4575,spirits/cocktails,Kim Crawford,18.5,29.0,Dry / Crisp,High,global
Aged Bourbon 4576,spirits/cocktails,Crown Royal,19.25,30.0,Nutty / Woody,Medium,global
Bourbon 4577,spirits/cocktails,Buffalo Trace,20.0,31.0,Sweet,High,global
Rye Whiskey 4578,spirits/cocktails,Bulleit,20.75,32.0,Spicy,High,global
Gin 4579,spirits/cocktails,Captain Morgan,21.5,33.0,Citrusy / Sour,Medium,global
Gin 4580,spirits/cocktails,Don Julio,22.25,34.0,Herbal / Floral,High,global
Scotch 4581,spirits/cocktails,Jameson,23.0,35.0,Smoky,High,global
Cognac 4582,wine,Jack Daniel's,23.75,36.0,Rich / Fruity,Medium,global
Vodka 4583,spirits/cocktails,Johnnie Walker,24.5,37.0,Dry / Crisp,High,global
Aged Bourbon 4584,spirits/cocktails,Glenfiddich,25.25,38.0,Nutty / Woody,High,global
Bourbon 4585,spirits/cocktails,Gordon's,26.0,39.0,Sweet,Medium,global
Rye Whiskey 4586,spirits/cocktails,Tanqueray,26.75,5.0,Spicy,High,global
Gin 4587,spirits/cocktails,Bacardi,27.5,6.0,Citrusy / Sour,High,global
Gin 4588,spirits/cocktails,Patron,28.25,7.0,Herbal / Floral,Medium,global
Scotch 4589,spirits/cocktails,Absolut,29.0,8.0,Smoky,High,global
Cognac 4590,wine,Smirnoff,29.75,9.0,Rich / Fruity,High,global
Vodka 4591,spirits/cocktails,Moet & Chandon,30.5,10.0,Dry / Crisp,Medium,global
Aged Bourbon 4592,spirits/cocktails,La Marca,31.25,11.0,Nutty / Woody,High,global
Bourbon 4593,spirits/cocktails,Barefoot,32.0,12.0,Sweet,High,global
Rye Whiskey 4594,spirits/cocktails,Robert Mondavi,32.75,13.0,Spicy,Medium,global
Gin 4595,spirits/cocktails,Kim Crawford,33.5,14.0,Citrusy / Sour,High,global
Gin 4596,spirits/cocktails,Crown Royal,34.25,15.0,Herbal / Floral,High,global
Scotch 4597,spirits/cocktails,Buffalo Trace,35.0,16.0,Smoky,Medium,global
Cognac 4598,wine,Bulleit,35.75,17.0,Rich / Fruity,High,global
Vodka 4599,spirits/cocktails,Captain Morgan,36.5,18.0,Dry / Crisp,High,global
Aged Bourbon 4600,spirits/cocktails,Don Julio,37.25,19.0,Nutty / Woody,Medium,global
Bourbon 4601,spirits/cocktails,Jameson,38.0,20.0,Sweet,High,global
Rye Whiskey 4602,spirits/cocktails,Jack Daniel's,38.75,21.0,Spicy,High,global
Gin 4603,spirits/cocktails,Johnnie Walker,39.5,22.0,Citrusy / Sour,Medium,global
Gin 4604,spirits/cocktails,Glenfiddich,40.25,23.0,Herbal / Floral,High,global
Scotch 4605,spirits/cocktails,Gordon's,41.0,24.0,Smoky,High,global
Cognac 4606,wine,Tanqueray,41.75,25.0,Rich / Fruity,Medium,global
Vodka 4607,spirits/cocktails,Bacardi,42.5,26.0,Dry / Crisp,High,global
Aged Bourbon 4608,spirits/cocktails,Patron,43.25,27.0,Nutty / Woody,High,global
Bourbon 4609,spirits/cocktails,Absolut,44.0,28.0,Sweet,Medium,global
Rye Whiskey 4610,spirits/cocktails,Smirnoff,44.75,29.0,Spicy,High,global
Gin 4611,spirits/cocktails,Moet & Chandon,45.5,30.0,Citrusy / Sour,High,global
Gin 4612,spirits/cocktails,La Marca,46.25,31.0,Herbal / Floral,Medium,global
Scotch 4613,spirits/cocktails,Barefoot,47.0,32.0,Smoky,High,global
Cognac 4614,wine,Robert Mondavi,47.75,33.0,Rich / Fruity,High,global
Vodka 4615,spirits/cocktails,Kim Crawford,48.5,34.0,Dry / Crisp,Medium,global
Aged Bourbon 4616,spirits/cocktails,Crown Royal,49.25,35.0,Nutty / Woody,High,global
Bourbon 4617,spirits/cocktails,Buffalo Trace,50.0,36.0,Sweet,High,global
Rye Whiskey 4618,spirits/cocktails,Bulleit,50.75,37.0,Spicy,Medium,global
Gin 4619,spirits/cocktails,Captain Morgan,51.5,38.0,Citrusy / Sour,High,global
Gin 4620,spirits/cocktails,Don Julio,52.25,39.0,Herbal / Floral,High,global
Scotch 4621,spirits/cocktails,Jameson,53.0,5.0,Smoky,Medium,global
Cognac 4622,wine,Jack Daniel's,53.75,6.0,Rich / Fruity,High,global
Vodka 4623,spirits/cocktails,Johnnie Walker,54.5,7.0,Dry / Crisp,High,global
Aged Bourbon 4624,spirits/cocktails,Glenfiddich,55.25,8.0,Nutty / Woody,Medium,global
Bourbon 4625,spirits/cocktails,Gordon's,56.0,9.0,Sweet,High,global
Rye Whiskey 4626,spirits/cocktails,Tanqueray,56.75,10.0,Spicy,High,global
Gin 4627,spirits/cocktails,Bacardi,57.5,11.0,Citrusy / Sour,Medium,global
Gin 4628,spirits/cocktails,Patron,58.25,12.0,Herbal / Floral,High,global
Scotch 4629,spirits/cocktails,Absolut,59.0,13.0,Smoky,High,global
Cognac 4630,wine,Smirnoff,59.75,14.0,Rich / Fruity,Medium,global
Vodka 4631,spirits/cocktails,Moet & Chandon,60.5,15.0,Dry / Crisp,High,global
Aged Bourbon 4632,spirits/cocktails,La Marca,61.25,16.0,Nutty / Woody,High,global
Bourbon 4633,spirits/cocktails,Barefoot,62.0,17.0,Sweet,Medium,global
Rye Whiskey 4634,spirits/cocktails,Robert Mondavi,62.75,18.0,Spicy,High,global
Gin 4635,spirits/cocktails,Kim Crawford,63.5,19.0,Citrusy / Sour,High,global
Gin 4636,spirits/cocktails,Crown Royal,64.25,20.0,Herbal / Floral,Medium,global
Scotch 4637,spirits/cocktails,Buffalo Trace,65.0,21.0,Smoky,High,global
Cognac 4638,wine,Bulleit,65.75,22.0,Rich / Fruity,High,global
Vodka 4639,spirits/cocktails,Captain Morgan,66.5,23.0,Dry / Crisp,Medium,global
Aged Bourbon 4640,spirits/cocktails,Don Julio,67.25,24.0,Nutty / Woody,High,global
Bourbon 4641,spirits/cocktails,Jameson,68.0,25.0,Sweet,High,global
Rye Whiskey 4642,spirits/cocktails,Jack Daniel's,68.75,26.0,Spicy,Medium,global
Gin 4643,spirits/cocktails,Johnnie Walker,69.5,27.0,Citrusy / Sour,High,global
Gin 4644,spirits/cocktails,Glenfiddich,70.25,28.0,Herbal / Floral,High,global
Scotch 4645,spirits/cocktails,Gordon's,71.0,29.0,Smoky,Medium,global
Cognac 4646,wine,Tanqueray,71.75,30.0,Rich / Fruity,High,global
Vodka 4647,spirits/cocktails,Bacardi,72.5,31.0,Dry / Crisp,High,global
Aged Bourbon 4648,spirits/cocktails,Patron,73.25,32.0,Nutty / Woody,Medium,global
Bourbon 4649,spirits/cocktails,Absolut,74.0,33.0,Sweet,High,global
Rye Whiskey 4650,spirits/cocktails,Smirnoff,74.75,34.0,Spicy,High,global
Gin 4651,spirits/cocktails,Moet & Chandon,75.5,35.0,Citrusy / Sour,Medium,global
Gin 4652,spirits/cocktails,La Marca,76.25,36.0,Herbal / Floral,High,global
Scotch 4653,spirits/cocktails,Barefoot,77.0,37.0,Smoky,High,global
Cognac 4654,wine,Robert Mondavi,77.75,38.0,Rich / Fruity,Medium,global
Vodka 4655,spirits/cocktails,Kim Crawford,78.5,39.0,Dry / Crisp,High,global
Aged Bourbon 4656,spirits/cocktails,Crown Royal,79.25,5.0,Nutty / Woody,High,global
Bourbon 4657,spirits/cocktails,Buffalo Trace,80.0,6.0,Sweet,Medium,global
Rye Whiskey 4658,spirits/cocktails,Bulleit,80.75,7.0,Spicy,High,global
Gin 4659,spirits/cocktails,Captain Morgan,81.5,8.0,Citrusy / Sour,High,global
Gin 4660,spirits/cocktails,Don Julio,82.25,9.0,Herbal / Floral,Medium,global
Scotch 4661,spirits/cocktails,Jameson,83.0,10.0,Smoky,High,global
Cognac 4662,wine,Jack Daniel's,83.75,11.0,Rich / Fruity,High,global
Vodka 4663,spirits/cocktails,Johnnie Walker,84.5,12.0,Dry / Crisp,Medium,global
Aged Bourbon 4664,spirits/cocktails,Glenfiddich,85.25,13.0,Nutty / Woody,High,global
Bourbon 4665,spirits/cocktails,Gordon's,86.0,14.0,Sweet,High,global
Rye Whiskey 4666,spirits/cocktails,Tanqueray,86.75,15.0,Spicy,Medium,global
Gin 4667,spirits/cocktails,Bacardi,87.5,16.0,Citrusy / Sour,High,global
Gin 4668,spirits/cocktails,Patron,88.25,17.0,Herbal / Floral,High,global
Scotch 4669,spirits/cocktails,Absolut,89.0,18.0,Smoky,Medium,global
Cognac 4670,wine,Smirnoff,89.75,19.0,Rich / Fruity,High,global
Vodka 4671,spirits/cocktails,Moet & Chandon,90.5,20.0,Dry / Crisp,High,global
Aged Bourbon 4672,spirits/cocktails,La Marca,91.25,21.0,Nutty / Woody,Medium,global
Bourbon 4673,spirits/cocktails,Barefoot,92.0,22.0,Sweet,High,global
Rye Whiskey 4674,spirits/cocktails,Robert Mondavi,92.75,23.0,Spicy,High,global
Gin 4675,spirits/cocktails,Kim Crawford,93.5,24.0,Citrusy / Sour,Medium,global
Gin 4676,spirits/cocktails,Crown Royal,94.25,25.0,Herbal / Floral,High,global
Scotch 4677,spirits/cocktails,Buffalo Trace,95.0,26.0,Smoky,High,global
Cognac 4678,wine,Bulleit,95.75,27.0,Rich / Fruity,Medium,global
Vodka 4679,spirits/cocktails,Captain Morgan,96.5,28.0,Dry / Crisp,High,global
Aged Bourbon 4680,spirits/cocktails,Don Julio,97.25,29.0,Nutty / Woody,High,global
Bourbon 4681,spirits/cocktails,Jameson,8.0,30.0,Sweet,Medium,global
Rye Whiskey 4682,spirits/cocktails,Jack Daniel's,8.75,31.0,Spicy,High,global
Gin 4683,spirits/cocktails,Johnnie Walker,9.5,32.0,Citrusy / Sour,High,global
Gin 4684,spirits/cocktails,Glenfiddich,10.25,33.0,Herbal / Floral,Medium,global
Scotch 4685,spirits/cocktails,Gordon's,11.0,34.0,Smoky,High,global
Cognac 4686,wine,Tanqueray,11.75,35.0,Rich / Fruity,High,global
Vodka 4687,spirits/cocktails,Bacardi,12.5,36.0,Dry / Crisp,Medium,global
Aged Bourbon 4688,spirits/cocktails,Patron,13.25,37.0,Nutty / Woody,High,global
Bourbon 4689,spirits/cocktails,Absolut,14.0,38.0,Sweet,High,global
Rye Whiskey 4690,spirits/cocktails,Smirnoff,14.75,39.0,Spicy,Medium,global
Gin 4691,spirits/cocktails,Moet & Chandon,15.5,5.0,Citrusy / Sour,High,global
Gin 4692,spirits/cocktails,La Marca,16.25,6.0,Herbal / Floral,High,global
Scotch 4693,spirits/cocktails,Barefoot,17.0,7.0,Smoky,Medium,global
Cognac 4694,wine,Robert Mondavi,17.75,8.0,Rich / Fruity,High,global
Vodka 4695,spirits/cocktails,Kim Crawford,18.5,9.0,Dry / Crisp,High,global
Aged Bourbon 4696,spirits/cocktails,Crown Royal,19.25,10.0,Nutty / Woody,Medium,global
Bourbon 4697,spirits/cocktails,Buffalo Trace,20.0,11.0,Sweet,High,global
Rye Whiskey 4698,spirits/cocktails,Bulleit,20.75,12.0,Spicy,High,global
Gin 4699,spirits/cocktails,Captain Morgan,21.5,13.0,Citrusy / Sour,Medium,global
Gin 4700,spirits/cocktails,Don Julio,22.25,14.0,Herbal / Floral,High,global
Scotch 4701,spirits/cocktails,Jameson,23.0,15.0,Smoky,High,global
Cognac 4702,wine,Jack Daniel's,23.75,16.0,Rich / Fruity,Medium,global
Vodka 4703,spirits/cocktails,Johnnie Walker,24.5,17.0,Dry / Crisp,High,global
Aged Bourbon 4704,spirits/cocktails,Glenfiddich,25.25,18.0,Nutty / Woody,High,global
Bourbon 4705,spirits/cocktails,Gordon's,26.0,19.0,Sweet,Medium,global
Rye Whiskey 4706,spirits/cocktails,Tanqueray,26.75,20.0,Spicy,High,global
Gin 4707,spirits/cocktails,Bacardi,27.5,21.0,Citrusy / Sour,High,global
Gin 4708,spirits/cocktails,Patron,28.25,22.0,Herbal / Floral,Medium,global
Scotch 4709,spirits/cocktails,Absolut,29.0,23.0,Smoky,High,global
Cognac 4710,wine,Smirnoff,29.75,24.0,Rich / Fruity,High,global
Vodka 4711,spirits/cocktails,Moet & Chandon,30.5,25.0,Dry / Crisp,Medium,global
Aged Bourbon 4712,spirits/cocktails,La Marca,31.25,26.0,Nutty / Woody,High,global
Bourbon 4713,spirits/cocktails,Barefoot,32.0,27.0,Sweet,High,global
Rye Whiskey 4714,spirits/cocktails,Robert Mondavi,32.75,28.0,Spicy,Medium,global
Gin 4715,spirits/cocktails,Kim Crawford,33.5,29.0,Citrusy / Sour,High,global
Gin 4716,spirits/cocktails,Crown Royal,34.25,30.0,Herbal / Floral,High,global
Scotch 4717,spirits/cocktails,Buffalo Trace,35.0,31.0,Smoky,Medium,global
Cognac 4718,wine,Bulleit,35.75,32.0,Rich / Fruity,High,global
Vodka 4719,spirits/cocktails,Captain Morgan,36.5,33.0,Dry / Crisp,High,global
Aged Bourbon 4720,spirits/cocktails,Don Julio,37.25,34.0,Nutty / Woody,Medium,global
Bourbon 4721,spirits/cocktails,Jameson,38.0,35.0,Sweet,High,global
Rye Whiskey 4722,spirits/cocktails,Jack Daniel's,38.75,36.0,Spicy,High,global
Gin 4723,spirits/cocktails,Johnnie Walker,39.5,37.0,Citrusy / Sour,Medium,global
Gin 4724,spirits/cocktails,Glenfiddich,40.25,38.0,Herbal / Floral,High,global
Scotch 4725,spirits/cocktails,Gordon's,41.0,39.0,Smoky,High,global
Cognac 4726,wine,Tanqueray,41.75,5.0,Rich / Fruity,Medium,global
Vodka 4727,spirits/cocktails,Bacardi,42.5,6.0,Dry / Crisp,High,global
Aged Bourbon 4728,spirits/cocktails,Patron,43.25,7.0,Nutty / Woody,High,global
Bourbon 4729,spirits/cocktails,Absolut,44.0,8.0,Sweet,Medium,global
Rye Whiskey 4730,spirits/cocktails,Smirnoff,44.75,9.0,Spicy,High,global
Gin 4731,spirits/cocktails,Moet & Chandon,45.5,10.0,Citrusy / Sour,High,global
Gin 4732,spirits/cocktails,La Marca,46.25,11.0,Herbal / Floral,Medium,global
Scotch 4733,spirits/cocktails,Barefoot,47.0,12.0,Smoky,High,global
Cognac 4734,wine,Robert Mondavi,47.75,13.0,Rich / Fruity,High,global
Vodka 4735,spirits/cocktails,Kim Crawford,48.5,14.0,Dry / Crisp,Medium,global
Aged Bourbon 4736,spirits/cocktails,Crown Royal,49.25,15.0,Nutty / Woody,High,global
Bourbon 4737,spirits/cocktails,Buffalo Trace,50.0,16.0,Sweet,High,global
Rye Whiskey 4738,spirits/cocktails,Bulleit,50.75,17.0,Spicy,Medium,global
Gin 4739,spirits/cocktails,Captain Morgan,51.5,18.0,Citrusy / Sour,High,global
Gin 4740,spirits/cocktails,Don Julio,52.25,19.0,Herbal / Floral,High,global
Scotch 4741,spirits/cocktails,Jameson,53.0,20.0,Smoky,Medium,global
Cognac 4742,wine,Jack Daniel's,53.75,21.0,Rich / Fruity,High,global
Vodka 4743,spirits/cocktails,Johnnie Walker,54.5,22.0,Dry / Crisp,High,global
Aged Bourbon 4744,spirits/cocktails,Glenfiddich,55.25,23.0,Nutty / Woody,Medium,global
Bourbon 4745,spirits/cocktails,Gordon's,56.0,24.0,Sweet,High,global
Rye Whiskey 4746,spirits/cocktails,Tanqueray,56.75,25.0,Spicy,High,global
Gin 4747,spirits/cocktails,Bacardi,57.5,26.0,Citrusy / Sour,Medium,global
Gin 4748,spirits/cocktails,Patron,58.25,27.0,Herbal / Floral,High,global
Scotch 4749,spirits/cocktails,Absolut,59.0,28.0,Smoky,High,global
Cognac 4750,wine,Smirnoff,59.75,29.0,Rich / Fruity,Medium,global
Vodka 4751,spirits/cocktails,Moet & Chandon,60.5,30.0,Dry / Crisp,High,global
Aged Bourbon 4752,spirits/cocktails,La Marca,61.25,31.0,Nutty / Woody,High,global
Bourbon 4753,spirits/cocktails,Barefoot,62.0,32.0,Sweet,Medium,global
Rye Whiskey 4754,spirits/cocktails,Robert Mondavi,62.75,33.0,Spicy,High,global
Gin 4755,spirits/cocktails,Kim Crawford,63.5,34.0,Citrusy / Sour,High,global
Gin 4756,spirits/cocktails,Crown Royal,64.25,35.0,Herbal / Floral,Medium,global
Scotch 4757,spirits/cocktails,Buffalo Trace,65.0,36.0,Smoky,High,global
Cognac 4758,wine,Bulleit,65.75,37.0,Rich / Fruity,High,global
Vodka 4759,spirits/cocktails,Captain Morgan,66.5,38.0,Dry / Crisp,Medium,global
Aged Bourbon 4760,spirits/cocktails,Don Julio,67.25,39.0,Nutty / Woody,High,global
Bourbon 4761,spirits/cocktails,Jameson,68.0,5.0,Sweet,High,global
Rye Whiskey 4762,spirits/cocktails,Jack Daniel's,68.75,6.0,Spicy,Medium,global
Gin 4763,spirits/cocktails,Johnnie Walker,69.5,7.0,Citrusy / Sour,High,global
Gin 4764,spirits/cocktails,Glenfiddich,70.25,8.0,Herbal / Floral,High,global
Scotch 4765,spirits/cocktails,Gordon's,71.0,9.0,Smoky,Medium,global
Cognac 4766,wine,Tanqueray,71.75,10.0,Rich / Fruity,High,global
Vodka 4767,spirits/cocktails,Bacardi,72.5,11.0,Dry / Crisp,High,global
Aged Bourbon 4768,spirits/cocktails,Patron,73.25,12.0,Nutty / Woody,Medium,global
Bourbon 4769,spirits/cocktails,Absolut,74.0,13.0,Sweet,High,global
Rye Whiskey 4770,spirits/cocktails,Smirnoff,74.75,14.0,Spicy,High,global
Gin 4771,spirits/cocktails,Moet & Chandon,75.5,15.0,Citrusy / Sour,Medium,global
Gin 4772,spirits/cocktails,La Marca,76.25,16.0,Herbal / Floral,High,global
Scotch 4773,spirits/cocktails,Barefoot,77.0,17.0,Smoky,High,global
Cognac 4774,wine,Robert Mondavi,77.75,18.0,Rich / Fruity,Medium,global
Vodka 4775,spirits/cocktails,Kim Crawford,78.5,19.0,Dry / Crisp,High,global
Aged Bourbon 4776,spirits/cocktails,Crown Royal,79.25,20.0,Nutty / Woody,High,global
Bourbon 4777,spirits/cocktails,Buffalo Trace,80.0,21.0,Sweet,Medium,global
Rye Whiskey 4778,spirits/cocktails,Bulleit,80.75,22.0,Spicy,High,global
Gin 4779,spirits/cocktails,Captain Morgan,81.5,23.0,Citrusy / Sour,High,global
Gin 4780,spirits/cocktails,Don Julio,82.25,24.0,Herbal / Floral,Medium,global
Scotch 4781,spirits/cocktails,Jameson,83.0,25.0,Smoky,High,global
Cognac 4782,wine,Jack Daniel's,83.75,26.0,Rich / Fruity,High,global
Vodka 4783,spirits/cocktails,Johnnie Walker,84.5,27.0,Dry / Crisp,Medium,global
Aged Bourbon 4784,spirits/cocktails,Glenfiddich,85.25,28.0,Nutty / Woody,High,global
Bourbon 4785,spirits/cocktails,Gordon's,86.0,29.0,Sweet,High,global
Rye Whiskey 4786,spirits/cocktails,Tanqueray,86.75,30.0,Spicy,Medium,global
Gin 4787,spirits/cocktails,Bacardi,87.5,31.0,Citrusy / Sour,High,global
Gin 4788,spirits/cocktails,Patron,88.25,32.0,Herbal / Floral,High,global
Scotch 4789,spirits/cocktails,Absolut,89.0,33.0,Smoky,Medium,global
Cognac 4790,wine,Smirnoff,89.75,34.0,Rich / Fruity,High,global
Vodka 4791,spirits/cocktails,Moet & Chandon,90.5,35.0,Dry / Crisp,High,global
Aged Bourbon 4792,spirits/cocktails,La Marca,91.25,36.0,Nutty / Woody,Medium,global
Bourbon 4793,spirits/cocktails,Barefoot,92.0,37.0,Sweet,High,global
Rye Whiskey 4794,spirits/cocktails,Robert Mondavi,92.75,38.0,Spicy,High,global
Gin 4795,spirits/cocktails,Kim Crawford,93.5,39.0,Citrusy / Sour,Medium,global
Gin 4796,spirits/cocktails,Crown Royal,94.25,5.0,Herbal / Floral,High,global
Scotch 4797,spirits/cocktails,Buffalo Trace,95.0,6.0,Smoky,High,global
Cognac 4798,wine,Bulleit,95.75,7.0,Rich / Fruity,Medium,global
Vodka 4799,spirits/cocktails,Captain Morgan,96.5,8.0,Dry / Crisp,High,global
Aged Bourbon 4800,spirits/cocktails,Don Julio,97.25,9.0,Nutty / Woody,High,global
Bourbon 4801,spirits/cocktails,Jameson,8.0,10.0,Sweet,Medium,global
Rye Whiskey 4802,spirits/cocktails,Jack Daniel's,8.75,11.0,Spicy,High,global
Gin 4803,spirits/cocktails,Johnnie Walker,9.5,12.0,Citrusy / Sour,High,global
Gin 4804,spirits/cocktails,Glenfiddich,10.25,13.0,Herbal / Floral,Medium,global
Scotch 4805,spirits/cocktails,Gordon's,11.0,14.0,Smoky,High,global
Cognac 4806,wine,Tanqueray,11.75,15.0,Rich / Fruity,High,global
Vodka 4807,spirits/cocktails,Bacardi,12.5,16.0,Dry / Crisp,Medium,global
Aged Bourbon 4808,spirits/cocktails,Patron,13.25,17.0,Nutty / Woody,High,global
Bourbon 4809,spirits/cocktails,Absolut,14.0,18.0,Sweet,High,global
Rye Whiskey 4810,spirits/cocktails,Smirnoff,14.75,19.0,Spicy,Medium,global
Gin 4811,spirits/cocktails,Moet & Chandon,15.5,20.0,Citrusy / Sour,High,global
Gin 4812,spirits/cocktails,La Marca,16.25,21.0,Herbal / Floral,High,global
Scotch 4813,spirits/cocktails,Barefoot,17.0,22.0,Smoky,Medium,global
Cognac 4814,wine,Robert Mondavi,17.75,23.0,Rich / Fruity,High,global
Vodka 4815,spirits/cocktails,Kim Crawford,18.5,24.0,Dry / Crisp,High,global
Aged Bourbon 4816,spirits/cocktails,Crown Royal,19.25,25.0,Nutty / Woody,Medium,global
Bourbon 4817,spirits/cocktails,Buffalo Trace,20.0,26.0,Sweet,High,global
Rye Whiskey 4818,spirits/cocktails,Bulleit,20.75,27.0,Spicy,High,global
Gin 4819,spirits/cocktails,Captain Morgan,21.5,28.0,Citrusy / Sour,Medium,global
Gin 4820,spirits/cocktails,Don Julio,22.25,29.0,Herbal / Floral,High,global
Scotch 4821,spirits/cocktails,Jameson,23.0,30.0,Smoky,High,global
Cognac 4822,wine,Jack Daniel's,23.75,31.0,Rich / Fruity,Medium,global
Vodka 4823,spirits/cocktails,Johnnie Walker,24.5,32.0,Dry / Crisp,High,global
Aged Bourbon 4824,spirits/cocktails,Glenfiddich,25.25,33.0,Nutty / Woody,High,global
Bourbon 4825,spirits/cocktails,Gordon's,26.0,34.0,Sweet,Medium,global
Rye Whiskey 4826,spirits/cocktails,Tanqueray,26.75,35.0,Spicy,High,global
Gin 4827,spirits/cocktails,Bacardi,27.5,36.0,Citrusy / Sour,High,global
Gin 4828,spirits/cocktails,Patron,28.25,37.0,Herbal / Floral,Medium,global
Scotch 4829,spirits/cocktails,Absolut,29.0,38.0,Smoky,High,global
Cognac 4830,wine,Smirnoff,29.75,39.0,Rich / Fruity,High,global
Vodka 4831,spirits/cocktails,Moet & Chandon,30.5,5.0,Dry / Crisp,Medium,global
Aged Bourbon 4832,spirits/cocktails,La Marca,31.25,6.0,Nutty / Woody,High,global
Bourbon 4833,spirits/cocktails,Barefoot,32.0,7.0,Sweet,High,global
Rye Whiskey 4834,spirits/cocktails,Robert Mondavi,32.75,8.0,Spicy,Medium,global
Gin 4835,spirits/cocktails,Kim Crawford,33.5,9.0,Citrusy / Sour,High,global
Gin 4836,spirits/cocktails,Crown Royal,34.25,10.0,Herbal / Floral,High,global
Scotch 4837,spirits/cocktails,Buffalo Trace,35.0,11.0,Smoky,Medium,global
Cognac 4838,wine,Bulleit,35.75,12.0,Rich / Fruity,High,global
Vodka 4839,spirits/cocktails,Captain Morgan,36.5,13.0,Dry / Crisp,High,global
Aged Bourbon 4840,spirits/cocktails,Don Julio,37.25,14.0,Nutty / Woody,Medium,global
Bourbon 4841,spirits/cocktails,Jameson,38.0,15.0,Sweet,High,global
Rye Whiskey 4842,spirits/cocktails,Jack Daniel's,38.75,16.0,Spicy,High,global
Gin 4843,spirits/cocktails,Johnnie Walker,39.5,17.0,Citrusy / Sour,Medium,global
Gin 4844,spirits/cocktails,Glenfiddich,40.25,18.0,Herbal / Floral,High,global
Scotch 4845,spirits/cocktails,Gordon's,41.0,19.0,Smoky,High,global
Cognac 4846,wine,Tanqueray,41.75,20.0,Rich / Fruity,Medium,global
Vodka 4847,spirits/cocktails,Bacardi,42.5,21.0,Dry / Crisp,High,global
Aged Bourbon 4848,spirits/cocktails,Patron,43.25,22.0,Nutty / Woody,High,global
Bourbon 4849,spirits/cocktails,Absolut,44.0,23.0,Sweet,Medium,global
Rye Whiskey 4850,spirits/cocktails,Smirnoff,44.75,24.0,Spicy,High,global
Gin 4851,spirits/cocktails,Moet & Chandon,45.5,25.0,Citrusy / Sour,High,global
Gin 4852,spirits/cocktails,La Marca,46.25,26.0,Herbal / Floral,Medium,global
Scotch 4853,spirits/cocktails,Barefoot,47.0,27.0,Smoky,High,global
Cognac 4854,wine,Robert Mondavi,47.75,28.0,Rich / Fruity,High,global
Vodka 4855,spirits/cocktails,Kim Crawford,48.5,29.0,Dry / Crisp,Medium,global
Aged Bourbon 4856,spirits/cocktails,Crown Royal,49.25,30.0,Nutty / Woody,High,global
Bourbon 4857,spirits/cocktails,Buffalo Trace,50.0,31.0,Sweet,High,global
Rye Whiskey 4858,spirits/cocktails,Bulleit,50.75,32.0,Spicy,Medium,global
Gin 4859,spirits/cocktails,Captain Morgan,51.5,33.0,Citrusy / Sour,High,global
Gin 4860,spirits/cocktails,Don Julio,52.25,34.0,Herbal / Floral,High,global
Scotch 4861,spirits/cocktails,Jameson,53.0,35.0,Smoky,Medium,global
Cognac 4862,wine,Jack Daniel's,53.75,36.0,Rich / Fruity,High,global
Vodka 4863,spirits/cocktails,Johnnie Walker,54.5,37.0,Dry / Crisp,High,global
Aged Bourbon 4864,spirits/cocktails,Glenfiddich,55.25,38.0,Nutty / Woody,Medium,global
Bourbon 4865,spirits/cocktails,Gordon's,56.0,39.0,Sweet,High,global
Rye Whiskey 4866,spirits/cocktails,Tanqueray,56.75,5.0,Spicy,High,global
Gin 4867,spirits/cocktails,Bacardi,57.5,6.0,Citrusy / Sour,Medium,global
Gin 4868,spirits/cocktails,Patron,58.25,7.0,Herbal / Floral,High,global
Scotch 4869,spirits/cocktails,Absolut,59.0,8.0,Smoky,High,global
Cognac 4870,wine,Smirnoff,59.75,9.0,Rich / Fruity,Medium,global
Vodka 4871,spirits/cocktails,Moet & Chandon,60.5,10.0,Dry / Crisp,High,global
Aged Bourbon 4872,spirits/cocktails,La Marca,61.25,11.0,Nutty / Woody,High,global
Bourbon 4873,spirits/cocktails,Barefoot,62.0,12.0,Sweet,Medium,global
Rye Whiskey 4874,spirits/cocktails,Robert Mondavi,62.75,13.0,Spicy,High,global
Gin 4875,spirits/cocktails,Kim Crawford,63.5,14.0,Citrusy / Sour,High,global
Gin 4876,spirits/cocktails,Crown Royal,64.25,15.0,Herbal / Floral,Medium,global
Scotch 4877,spirits/cocktails,Buffalo Trace,65.0,16.0,Smoky,High,global
Cognac 4878,wine,Bulleit,65.75,17.0,Rich / Fruity,High,global
Vodka 4879,spirits/cocktails,Captain Morgan,66.5,18.0,Dry / Crisp,Medium,global
Aged Bourbon 4880,spirits/cocktails,Don Julio,67.25,19.0,Nutty / Woody,High,global
Bourbon 4881,spirits/cocktails,Jameson,68.0,20.0,Sweet,High,global
Rye Whiskey 4882,spirits/cocktails,Jack Daniel's,68.75,21.0,Spicy,Medium,global
Gin 4883,spirits/cocktails,Johnnie Walker,69.5,22.0,Citrusy / Sour,High,global
Gin 4884,spirits/cocktails,Glenfiddich,70.25,23.0,Herbal / Floral,High,global
Scotch 4885,spirits/cocktails,Gordon's,71.0,24.0,Smoky,Medium,global
Cognac 4886,wine,Tanqueray,71.75,25.0,Rich / Fruity,High,global
Vodka 4887,spirits/cocktails,Bacardi,72.5,26.0,Dry / Crisp,High,global
Aged Bourbon 4888,spirits/cocktails,Patron,73.25,27.0,Nutty / Woody,Medium,global
Bourbon 4889,spirits/cocktails,Absolut,74.0,28.0,Sweet,High,global
Rye Whiskey 4890,spirits/cocktails,Smirnoff,74.75,29.0,Spicy,High,global
Gin 4891,spirits/cocktails,Moet & Chandon,75.5,30.0,Citrusy / Sour,Medium,global
Gin 4892,spirits/cocktails,La Marca,76.25,31.0,Herbal / Floral,High,global
Scotch 4893,spirits/cocktails,Barefoot,77.0,32.0,Smoky,High,global
Cognac 4894,wine,Robert Mondavi,77.75,33.0,Rich / Fruity,Medium,global
Vodka 4895,spirits/cocktails,Kim Crawford,78.5,34.0,Dry / Crisp,High,global
Aged Bourbon 4896,spirits/cocktails,Crown Royal,79.25,35.0,Nutty / Woody,High,global
Bourbon 4897,spirits/cocktails,Buffalo Trace,80.0,36.0,Sweet,Medium,global
Rye Whiskey 4898,spirits/cocktails,Bulleit,80.75,37.0,Spicy,High,global
Gin 4899,spirits/cocktails,Captain Morgan,81.5,38.0,Citrusy / Sour,High,global
Gin 4900,spirits/cocktails,Don Julio,82.25,39.0,Herbal / Floral,Medium,global
Scotch 4901,spirits/cocktails,Jameson,83.0,5.0,Smoky,High,global
Cognac 4902,wine,Jack Daniel's,83.75,6.0,Rich / Fruity,High,global
Vodka 4903,spirits/cocktails,Johnnie Walker,84.5,7.0,Dry / Crisp,Medium,global
Aged Bourbon 4904,spirits/cocktails,Glenfiddich,85.25,8.0,Nutty / Woody,High,global
Bourbon 4905,spirits/cocktails,Gordon's,86.0,9.0,Sweet,High,global
Rye Whiskey 4906,spirits/cocktails,Tanqueray,86.75,10.0,Spicy,Medium,global
Gin 4907,spirits/cocktails,Bacardi,87.5,11.0,Citrusy / Sour,High,global
Gin 4908,spirits/cocktails,Patron,88.25,12.0,Herbal / Floral,High,global
Scotch 4909,spirits/cocktails,Absolut,89.0,13.0,Smoky,Medium,global
Cognac 4910,wine,Smirnoff,89.75,14.0,Rich / Fruity,High,global
Vodka 4911,spirits/cocktails,Moet & Chandon,90.5,15.0,Dry / Crisp,High,global
Aged Bourbon 4912,spirits/cocktails,La Marca,91.25,16.0,Nutty / Woody,Medium,global
Bourbon 4913,spirits/cocktails,Barefoot,92.0,17.0,Sweet,High,global
Rye Whiskey 4914,spirits/cocktails,Robert Mondavi,92.75,18.0,Spicy,High,global
Gin 4915,spirits/cocktails,Kim Crawford,93.5,19.0,Citrusy / Sour,Medium,global
Gin 4916,spirits/cocktails,Crown Royal,94.25,20.0,Herbal / Floral,High,global
Scotch 4917,spirits/cocktails,Buffalo Trace,95.0,21.0,Smoky,High,global
Cognac 4918,wine,Bulleit,95.75,22.0,Rich / Fruity,Medium,global
Vodka 4919,spirits/cocktails,Captain Morgan,96.5,23.0,Dry / Crisp,High,global
Aged Bourbon 4920,spirits/cocktails,Don Julio,97.25,24.0,Nutty / Woody,High,global
Bourbon 4921,spirits/cocktails,Jameson,8.0,25.0,Sweet,Medium,global
Rye Whiskey 4922,spirits/cocktails,Jack Daniel's,8.75,26.0,Spicy,High,global
Gin 4923,spirits/cocktails,Johnnie Walker,9.5,27.0,Citrusy / Sour,High,global
Gin 4924,spirits/cocktails,Glenfiddich,10.25,28.0,Herbal / Floral,Medium,global
Scotch 4925,spirits/cocktails,Gordon's,11.0,29.0,Smoky,High,global
Cognac 4926,wine,Tanqueray,11.75,30.0,Rich / Fruity,High,global
Vodka 4927,spirits/cocktails,Bacardi,12.5,31.0,Dry / Crisp,Medium,global
Aged Bourbon 4928,spirits/cocktails,Patron,13.25,32.0,Nutty / Woody,High,global
Bourbon 4929,spirits/cocktails,Absolut,14.0,33.0,Sweet,High,global
Rye Whiskey 4930,spirits/cocktails,Smirnoff,14.75,34.0,Spicy,Medium,global
Gin 4931,spirits/cocktails,Moet & Chandon,15.5,35.0,Citrusy / Sour,High,global
Gin 4932,spirits/cocktails,La Marca,16.25,36.0,Herbal / Floral,High,global
Scotch 4933,spirits/cocktails,Barefoot,17.0,37.0,Smoky,Medium,global
Cognac 4934,wine,Robert Mondavi,17.75,38.0,Rich / Fruity,High,global
Vodka 4935,spirits/cocktails,Kim Crawford,18.5,39.0,Dry / Crisp,High,global
Aged Bourbon 4936,spirits/cocktails,Crown Royal,19.25,5.0,Nutty / Woody,Medium,global
Bourbon 4937,spirits/cocktails,Buffalo Trace,20.0,6.0,Sweet,High,global
Rye Whiskey 4938,spirits/cocktails,Bulleit,20.75,7.0,Spicy,High,global
Gin 4939,spirits/cocktails,Captain Morgan,21.5,8.0,Citrusy / Sour,Medium,global
Gin 4940,spirits/cocktails,Don Julio,22.25,9.0,Herbal / Floral,High,global
Scotch 4941,spirits/cocktails,Jameson,23.0,10.0,Smoky,High,global
Cognac 4942,wine,Jack Daniel's,23.75,11.0,Rich / Fruity,Medium,global
Vodka 4943,spirits/cocktails,Johnnie Walker,24.5,12.0,Dry / Crisp,High,global
Aged Bourbon 4944,spirits/cocktails,Glenfiddich,25.25,13.0,Nutty / Woody,High,global
Bourbon 4945,spirits/cocktails,Gordon's,26.0,14.0,Sweet,Medium,global
Rye Whiskey 4946,spirits/cocktails,Tanqueray,26.75,15.0,Spicy,High,global
Gin 4947,spirits/cocktails,Bacardi,27.5,16.0,Citrusy / Sour,High,global
Gin 4948,spirits/cocktails,Patron,28.25,17.0,Herbal / Floral,Medium,global
Scotch 4949,spirits/cocktails,Absolut,29.0,18.0,Smoky,High,global
Cognac 4950,wine,Smirnoff,29.75,19.0,Rich / Fruity,High,global
Vodka 4951,spirits/cocktails,Moet & Chandon,30.5,20.0,Dry / Crisp,Medium,global
Aged Bourbon 4952,spirits/cocktails,La Marca,31.25,21.0,Nutty / Woody,High,global
Bourbon 4953,spirits/cocktails,Barefoot,32.0,22.0,Sweet,High,global
Rye Whiskey 4954,spirits/cocktails,Robert Mondavi,32.75,23.0,Spicy,Medium,global
Gin 4955,spirits/cocktails,Kim Crawford,33.5,24.0,Citrusy / Sour,High,global
Gin 4956,spirits/cocktails,Crown Royal,34.25,25.0,Herbal / Floral,High,global
Scotch 4957,spirits/cocktails,Buffalo Trace,35.0,26.0,Smoky,Medium,global
Cognac 4958,wine,Bulleit,35.75,27.0,Rich / Fruity,High,global
Vodka 4959,spirits/cocktails,Captain Morgan,36.5,28.0,Dry / Crisp,High,global
Aged Bourbon 4960,spirits/cocktails,Don Julio,37.25,29.0,Nutty / Woody,Medium,global
Bourbon 4961,spirits/cocktails,Jameson,38.0,30.0,Sweet,High,global
Rye Whiskey 4962,spirits/cocktails,Jack Daniel's,38.75,31.0,Spicy,High,global
Gin 4963,spirits/cocktails,Johnnie Walker,39.5,32.0,Citrusy / Sour,Medium,global
Gin 4964,spirits/cocktails,Glenfiddich,40.25,33.0,Herbal / Floral,High,global
Scotch 4965,spirits/cocktails,Gordon's,41.0,34.0,Smoky,High,global
Cognac 4966,wine,Tanqueray,41.75,35.0,Rich / Fruity,Medium,global
Vodka 4967,spirits/cocktails,Bacardi,42.5,36.0,Dry / Crisp,High,global
Aged Bourbon 4968,spirits/cocktails,Patron,43.25,37.0,Nutty / Woody,High,global
Bourbon 4969,spirits/cocktails,Absolut,44.0,38.0,Sweet,Medium,global
Rye Whiskey 4970,spirits/cocktails,Smirnoff,44.75,39.0,Spicy,High,global
Gin 4971,spirits/cocktails,Moet & Chandon,45.5,5.0,Citrusy / Sour,High,global
Gin 4972,spirits/cocktails,La Marca,46.25,6.0,Herbal / Floral,Medium,global
Scotch 4973,spirits/cocktails,Barefoot,47.0,7.0,Smoky,High,global
Cognac 4974,wine,Robert Mondavi,47.75,8.0,Rich / Fruity,High,global
Vodka 4975,spirits/cocktails,Kim Crawford,48.5,9.0,Dry / Crisp,Medium,global
Aged Bourbon 4976,spirits/cocktails,Crown Royal,49.25,10.0,Nutty / Woody,High,global
Bourbon 4977,spirits/cocktails,Buffalo Trace,50.0,11.0,Sweet,High,global
Rye Whiskey 4978,spirits/cocktails,Bulleit,50.75,12.0,Spicy,Medium,global
Gin 4979,spirits/cocktails,Captain Morgan,51.5,13.0,Citrusy / Sour,High,global
Gin 4980,spirits/cocktails,Don Julio,52.25,14.0,Herbal / Floral,High,global
Scotch 4981,spirits/cocktails,Jameson,53.0,15.0,Smoky,Medium,global
Cognac 4982,wine,Jack Daniel's,53.75,16.0,Rich / Fruity,High,global
Vodka 4983,spirits/cocktails,Johnnie Walker,54.5,17.0,Dry / Crisp,High,global
Aged Bourbon 4984,spirits/cocktails,Glenfiddich,55.25,18.0,Nutty / Woody,Medium,global
Bourbon 4985,spirits/cocktails,Gordon's,56.0,19.0,Sweet,High,global
Rye Whiskey 4986,spirits/cocktails,Tanqueray,56.75,20.0,Spicy,High,global
Gin 4987,spirits/cocktails,Bacardi,57.5,21.0,Citrusy / Sour,Medium,global
Gin 4988,spirits/cocktails,Patron,58.25,22.0,Herbal / Floral,High,global
Scotch 4989,spirits/cocktails,Absolut,59.0,23.0,Smoky,High,global
Cognac 4990,wine,Smirnoff,59.75,24.0,Rich / Fruity,Medium,global
Vodka 4991,spirits/cocktails,Moet & Chandon,60.5,25.0,Dry / Crisp,High,global
Aged Bourbon 4992,spirits/cocktails,La Marca,61.25,26.0,Nutty / Woody,High,global
Bourbon 4993,spirits/cocktails,Barefoot,62.0,27.0,Sweet,Medium,global
Rye Whiskey 4994,spirits/cocktails,Robert Mondavi,62.75,28.0,Spicy,High,global
Gin 4995,spirits/cocktails,Kim Crawford,63.5,29.0,Citrusy / Sour,High,global
Gin 4996,spirits/cocktails,Crown Royal,64.25,30.0,Herbal / Floral,Medium,global
Scotch 4997,spirits/cocktails,Buffalo Trace,65.0,31.0,Smoky,High,global
Cognac 4998,wine,Bulleit,65.75,32.0,Rich / Fruity,High,global
Vodka 4999,spirits/cocktails,Captain Morgan,66.5,33.0,Dry / Crisp,Medium,global
Aged Bourbon 5000,spirits/cocktails,Don Julio,67.25,34.0,Nutty / Woody,High,global
